incident_id,area_id,area_name,area_category,input_record_identifier,flood_level,rainfall_mm,population,population_density,emergency_calls,road_accessibility,distance_to_hospital_km,vulnerable_population,hospital_capacity,available_rescue_teams,available_ambulances,medical_emergencies,infrastructure_damage,evacuation_percentage,historical_severity,sensor_reliability,response_time_minutes,true_severity,priority_label
SYN-0000,AREA-01,Central Market,Central,REC-00000,3.171322936924688,261.9282608714899,8556,8566,25.0,0.6353725680241175,18.366667004037343,0.6255837772099101,302.0,3,2,13,0.6075387801869809,0.9246532632522262,0.8731215289967411,0.6870830089999034,63.27218046725395,53.653542664476625,Medium
SYN-0000,AREA-02,Riverside,Peripheral,REC-00001,1.8405502672414287,140.0589483666754,7847,18351,5.0,0.5145792911430234,15.063176767837524,0.4509343482163152,268.0,3,4,3,0.07588593466417076,0.765516003432763,0.3487450746958427,0.865967759090564,61.47399431469201,33.61240732061891,Low
SYN-0000,AREA-03,Old Town,Central,REC-00002,2.0730967840139414,179.57589863723717,51973,10505,136.0,0.7564222902637963,20.636538436919167,0.12769162295186162,182.0,1,6,20,0.3105161073529471,0.41276230226662974,0.7887513017361335,0.8401915677969954,61.45742353919314,43.3262892520762,Medium
SYN-0000,AREA-04,East Gardens,Residential,REC-00003,4.950130669949372,360.8982786908925,21951,15083,,0.4999664175005696,21.582318733648947,0.5022768735207376,437.0,1,6,24,0.9575348356508379,0.8420072398947719,0.797577130259186,0.8485505238429134,67.06713481811057,80.849935480415,High
SYN-0000,AREA-05,Hill Junction,Residential,REC-00004,2.216794915307509,155.4931578539976,22922,19759,43.0,0.4880495797704371,6.587767795331146,0.365224526946495,210.0,1,1,9,0.3058615019425135,0.2685737245103468,0.11728334731307317,0.9081475678641687,50.280727427031536,48.72174211457924,Medium
SYN-0000,AREA-06,South Ward,Peripheral,REC-00005,2.369304517563022,191.008330433904,3279,11232,10.0,0.6069783221374483,19.933043323636312,0.12893854776404376,62.0,3,4,4,0.2864359880786413,0.6999078982173802,0.687485571670502,0.8164907708888993,71.06441733989,34.74321533601041,Low
SYN-0000,AREA-07,North Estate,Residential,REC-00006,4.716263802983785,331.28088063296406,63287,10038,280.0,0.42093664093484406,1.235677797705546,0.3337191881663795,223.0,3,5,76,0.8820867436314054,0.8110608616848476,0.5347201385023619,0.7833270525250824,33.72084448163631,83.83204959239514,High
SYN-0000,AREA-08,Canal Quarter,Peripheral,REC-00007,5.570786715719059,413.35324948121433,29627,5457,145.0,0.27543222509593357,30.17595523434649,0.4485257313076708,224.0,0,0,50,0.8985222865563153,0.8415442648830019,0.5997776820111271,0.9094258187673641,82.19488875767061,88.0305297887106,Critical
SYN-0000,AREA-09,West Park,Residential,REC-00008,2.3094796772664603,172.41599307761132,52340,12239,134.0,0.7637984771775207,3.88321295710708,0.6285092183670085,199.0,1,4,47,0.3363061161816314,0.488690325401845,0.4496807182573741,0.9032133352965502,32.24797368844671,56.60038477966274,Medium
SYN-0000,AREA-10,Lake Colony,Peripheral,REC-00009,2.9521338148963094,210.53865653615503,46730,16558,137.0,0.47873917897356166,18.983925794782984,0.23304122554708046,,3,5,25,0.645021399743037,0.5270753924868438,0.2003622568972599,0.8344343155726471,59.71447787895593,69.10354412387953,Medium
SYN-0000,AREA-11,Industrial Ward,Central,REC-00010,3.5199774210791412,219.66639441682463,11360,19041,39.0,0.5588119445101247,15.126135326689273,0.23181945816717545,236.0,0,1,3,0.4465894552946409,0.35313207492919063,0.2108580964173985,0.8669674096874644,60.5604656716019,53.000208005048314,Medium
SYN-0000,AREA-12,Outer Settlement,Peripheral,REC-00011,4.629691095851207,407.12334262483273,52584,10920,228.0,0.14363870643347004,23.661512995180495,0.30112436138148047,49.0,2,5,52,0.7164623119854172,0.8368257908276135,0.12081157833602517,0.8280086176166214,87.93446454644979,80.10951999861554,High
SYN-0001,AREA-01,Central Market,Central,REC-00012,1.488873028140841,123.19964818833151,36893,5422,66.0,0.7450016073773527,14.70370817303391,0.0866338880377556,,3,3,9,0.3521191460185127,0.595832295850351,0.3091568993456332,0.8691097367980465,52.00858264533396,29.897027009233106,Low
SYN-0001,AREA-02,Riverside,Peripheral,REC-00013,2.082136414129743,141.4234460959726,40269,11147,85.0,0.42821656125759655,10.359483887309349,0.3191553824278924,359.0,1,0,17,0.19918905302714837,0.5584367985522225,0.6242689596017914,0.7898445603106747,48.5537143987864,45.978157724386435,Medium
SYN-0001,AREA-03,Old Town,Central,REC-00014,2.9002287517328265,246.62025398237074,15019,19878,53.0,0.7724115164787111,16.417846164860897,0.3997726394357745,331.0,0,3,22,0.696413117790481,0.2579522724690388,0.32505852832997584,0.9348520356637087,51.9670456610169,58.70352369430686,Medium
SYN-0001,AREA-04,East Gardens,Residential,REC-00015,2.626171550456726,216.3089686605857,55429,4201,169.0,0.68635486121016,16.666122255922648,0.263045274515234,350.0,2,3,37,0.4116735602014416,0.433468759384541,0.40368304512003805,0.8974075643043127,47.346406626189044,53.438275382877066,Medium
SYN-0001,AREA-05,Hill Junction,Residential,REC-00016,1.9774338338993516,184.97916473891476,60729,12390,130.0,0.6132257680151371,12.452660433664716,0.5696249460238826,101.0,3,5,57,0.43451559141937574,0.23640196620993043,0.5709061465402788,0.8995398998118685,50.452559142269074,54.05867197086236,Medium
SYN-0001,AREA-06,South Ward,Peripheral,REC-00017,2.171300319270598,200.75734437409534,27906,9064,65.0,0.6085807908216263,25.358702256370858,0.18991164377257508,423.0,0,2,14,0.4665756079078047,0.2815017175924612,0.6080731734474416,0.9933564283975771,76.35208061573461,50.737208457048965,Medium
SYN-0001,AREA-07,North Estate,Residential,REC-00018,1.1784420441874455,149.5106823480059,8279,14997,16.0,0.9741398390130774,1.0125300872262397,0.46192376295297877,117.0,3,6,5,0.17813245648908294,0.3554514367156838,0.7886370648524946,0.826558193402253,16.64943776465588,32.003779844708276,Low
SYN-0001,AREA-08,Canal Quarter,Peripheral,REC-00019,2.0878196957036987,143.7654954644837,55548,7458,113.0,0.7068403216560082,13.490503965510559,0.6583637747957336,281.0,2,5,41,0.29048849586236275,0.6020541769895753,0.38832961444762226,0.9826713223369059,46.315688369125475,58.37207428044087,Medium
SYN-0001,AREA-09,West Park,Residential,REC-00020,2.065248698876267,178.6384461984169,57962,9780,131.0,0.5995485485773545,2.5591074739225137,0.17864540250576438,437.0,0,5,25,0.3390523690448743,0.6692674752807641,0.6831810487496386,0.7887374221243484,32.55111662827574,39.18578982893641,Low
SYN-0001,AREA-10,Lake Colony,Peripheral,REC-00021,2.464094602584436,152.7948818544409,34154,6225,97.0,0.1589660977326332,16.57048004863214,0.626943210686804,144.0,3,2,36,0.49620454346291765,0.335030027406489,0.37616731874436116,0.9684601148528994,74.79952307893998,72.02257029958642,High
SYN-0001,AREA-11,Industrial Ward,Central,REC-00022,1.834096915828218,150.0146863152739,38696,19211,93.0,0.7906727619716151,5.275715544691424,0.21801997067102458,78.0,2,0,29,0.1873118380294001,0.22955308136810132,0.6684223487229294,0.8480908745961786,31.192328457870374,40.457642666375754,Medium
SYN-0001,AREA-12,Outer Settlement,Peripheral,REC-00023,2.655589508919542,232.7329175613878,16439,9733,48.0,0.4017931129306761,13.907643077402529,0.4591924606875813,188.0,1,1,10,0.29820722083885787,0.5933004185958658,0.8452607778406466,0.8495355652389216,63.699130215564466,46.99005724002893,Medium
SYN-0002,AREA-01,Central Market,Central,REC-00024,4.301520642799758,292.74251845507274,6717,18238,19.0,0.4724664107256939,9.810999378993744,0.442065842209902,45.0,1,2,3,0.8950244337437278,0.7049413944556264,0.36880395684313383,0.9560799453505028,55.12157248224689,71.57289792826398,High
SYN-0002,AREA-02,Riverside,Peripheral,REC-00025,3.6156914506786677,341.9460614138376,61509,16896,204.0,0.48783564350533537,23.096165932120016,0.446948535535241,287.0,2,4,53,0.5144326333278304,0.6824296064973241,0.49621435226002764,0.984061602069294,70.81541931472962,78.4527873929773,High
SYN-0002,AREA-03,Old Town,Central,REC-00026,3.772753115263258,285.76983810668656,32684,10388,112.0,0.6054505372027497,12.4117423533488,0.09891230509720648,358.0,1,7,16,0.671282251720618,0.6200849379097111,0.2988086974590666,0.7198478308907621,50.14829841721538,58.72282040204388,Medium
SYN-0002,AREA-04,East Gardens,Residential,REC-00027,3.533872266606189,215.39193400904367,19685,6666,73.0,0.7146267409925573,18.57516697967857,0.1770096159833375,297.0,2,6,10,0.5647142060331392,0.6097096596769668,0.5180954553565889,0.6954512261698949,59.98423010108408,51.36625709766146,Medium
SYN-0002,AREA-05,Hill Junction,Residential,REC-00028,3.491415503017026,288.0991098693735,45827,11487,147.0,0.6595646597468927,9.269863584191183,0.2454538471847291,141.0,3,7,34,0.5629587104893615,0.6931762105327701,0.5140300241166509,0.921985638114414,51.2538317574409,63.22297399984052,Medium
SYN-0002,AREA-06,South Ward,Peripheral,REC-00029,2.914101561709617,296.0223910762798,4137,5295,10.0,0.6819716408147362,18.562828158409296,0.5951474765691539,57.0,3,3,0,0.6573303601847869,0.7315564921078883,0.7496772987911431,0.775372365014389,69.76021284177797,45.23073182203637,Medium
SYN-0002,AREA-07,North Estate,Residential,REC-00030,3.7445433978825413,216.30260955434358,7496,10176,29.0,0.641251165484684,1.2249614257034462,0.1159037557186246,170.0,3,0,4,0.613870263782854,0.3709706138135674,0.7251410741140822,0.6983606170608292,20.002766137620924,66.43701623525092,Medium
SYN-0002,AREA-08,Canal Quarter,Peripheral,REC-00031,3.4135187098131032,283.3119149609215,17667,17702,57.0,0.5780534895088256,25.964419273881262,0.5514010414033808,413.0,3,7,14,0.5261006495827053,0.5669646590077062,0.43147607235156293,0.7308048802567559,75.73239867294988,57.83517913442122,Medium
SYN-0002,AREA-09,West Park,Residential,REC-00032,5.165882635688371,346.1021064847913,30665,13592,146.0,0.2718722542878952,13.647216024330888,0.6248099567092212,189.0,2,7,46,0.8286145629284081,0.6087849226498405,0.23742392270239876,0.7719811945498973,53.92551703658769,90.95840632117259,Critical
SYN-0002,AREA-10,Lake Colony,Peripheral,REC-00033,4.750031910524089,347.13107553946486,25417,15570,105.0,0.06027636077874224,12.641868404780496,0.35886630540091313,419.0,0,5,25,0.7312569747980475,0.7351972219235632,0.302600650363288,0.9205437043999465,83.85387160401676,77.49895626360096,High
SYN-0002,AREA-11,Industrial Ward,Central,REC-00034,3.8000252305890956,247.72639575617728,14209,11189,47.0,0.765868898255416,5.024671016749351,0.04,437.0,0,3,7,0.5529266553165106,0.7585727944933665,0.5016311508271584,0.6758023240266331,31.002501955591136,46.068335571049,Medium
SYN-0002,AREA-12,Outer Settlement,Peripheral,REC-00035,2.880902220788081,252.8636411609545,24459,11526,61.0,0.4842280413155911,13.594194289613341,0.6009516837014075,367.0,1,0,13,0.4202167465814412,0.5553045318950401,0.8759578446725188,0.8273224872983262,60.72239355209363,54.186966858077405,Medium
SYN-0003,AREA-01,Central Market,Central,REC-00036,2.135464426394827,169.2524950043016,23369,12195,50.0,0.8484799479816323,9.558127587114667,0.18933186383172154,136.0,1,6,11,0.5554959512791049,0.6730936856826577,0.6431789271732263,0.6561351264204067,33.59620062105769,46.57361443049348,Medium
SYN-0003,AREA-02,Riverside,Peripheral,REC-00037,3.9783079664526535,333.4016359586642,35291,13761,144.0,0.25700390497372183,10.79812556984423,0.300815538556802,142.0,0,7,36,0.74842998698936,0.5701682360882023,0.3140842743627419,0.8945292488637739,61.29685381335772,73.9583283741157,High
SYN-0003,AREA-03,Old Town,Central,REC-00038,3.2355929840992723,219.42510275814226,37671,5992,125.0,0.6626876753315786,17.351941166893567,0.5863627422165846,95.0,3,3,42,0.497841911486718,0.5302567163029528,0.8939389207298782,0.9871657448462333,63.84288994039219,62.45225366068778,Medium
SYN-0003,AREA-04,East Gardens,Residential,REC-00039,3.40950832669485,255.42049598509558,57695,2150,167.0,0.2292732352579251,7.681074941021744,0.09966394372932129,182.0,1,5,31,0.6860500639367337,0.7314854902683745,0.7684595191773524,0.7748963702181798,50.96018593166074,60.79633896968399,Medium
SYN-0003,AREA-05,Hill Junction,Residential,REC-00040,1.6297248144022072,76.519327046199,52923,4751,86.0,0.7225853190635765,20.292616333962705,0.05133566785256825,237.0,3,0,15,0.08115754623388341,0.6879990208096357,0.45425341391048313,0.9730488576762313,56.03653071772576,32.29362640040023,Low
SYN-0003,AREA-06,South Ward,Peripheral,REC-00041,3.767344389228106,362.80864915489036,20771,14894,74.0,0.3407624555009905,15.703952215045101,0.3266873228120987,327.0,0,1,28,0.7929721337438981,0.7451100308955099,0.6472772311067654,0.9596550314754388,66.57397854064352,70.7816280199022,High
SYN-0003,AREA-07,North Estate,Residential,REC-00042,3.388929874553052,317.870155600806,58916,19205,200.0,0.5810628697591951,8.693426948419237,0.7117723991878014,64.0,0,4,68,0.7202403381380726,0.95,0.19213923054978155,0.7718912109268027,44.19406490990998,77.0286532849032,High
SYN-0003,AREA-08,Canal Quarter,Peripheral,REC-00043,2.137049056449979,244.28621575824081,35048,17877,93.0,0.7094560932891358,29.34054439522198,0.262812194391151,165.0,1,2,22,0.6245349244245001,0.3614241699188633,0.886399881258167,0.7228953202650572,83.07994176927696,54.504539498791594,Medium
SYN-0003,AREA-09,West Park,Residential,REC-00044,2.6481737580216023,258.1244237760029,14229,18998,50.0,0.49795852328133783,4.537722438420534,0.35149825723537365,184.0,1,0,9,0.5627484656930392,0.6416003906293146,0.22891468467054957,0.7655461496629199,39.25556094175776,50.69445901892806,Medium
SYN-0003,AREA-10,Lake Colony,Peripheral,REC-00045,3.236367367466777,232.63678659577232,23758,9724,64.0,0.5061047512250757,27.759094678897767,0.35589178157684576,198.0,3,3,13,0.5918627065082834,0.4167817725191471,0.7820966675531167,0.9704333240920222,81.04960046315806,65.04301017602644,Medium
SYN-0003,AREA-11,Industrial Ward,Central,REC-00046,3.0673670426665565,238.05453204988913,48860,6338,124.0,0.7177686512230911,4.180495645441802,0.30816295212517464,278.0,2,5,28,0.666164686628604,0.5116651990372445,0.48126551747260293,0.7989556040147349,27.746629089317697,50.98184621235069,Medium
SYN-0003,AREA-12,Outer Settlement,Peripheral,REC-00047,2.791656655338717,230.2009223782324,53860,16916,168.0,0.7706774581830904,20.40440796879269,,313.0,2,0,35,0.3901789774582879,0.5079750285726202,0.6987438385315021,0.8244201525924654,60.86657525342855,58.329722521195706,Medium
SYN-0004,AREA-01,Central Market,Central,REC-00048,1.1993819209425385,129.19346113658494,25882,8368,42.0,0.9168818891285486,19.353798415564825,0.16660558417107468,426.0,2,2,4,0.15244700781949844,0.2989654476386984,0.36336501037199087,0.701238875829116,55.33530825700576,37.128812990112046,Low
SYN-0004,AREA-02,Riverside,Peripheral,REC-00049,1.0805906328297987,77.37317445914114,12350,11602,18.0,0.6735765936260816,13.354878037423141,0.44583327604485196,,2,7,7,0.17238906059055378,0.37574360824494224,0.5070838954455543,0.7298709919180484,54.76368813121155,35.327270883495515,Low
SYN-0004,AREA-03,Old Town,Central,REC-00050,1.4042225450772818,96.90019523416156,14492,18640,31.0,0.6507970848361893,1.7863522153929483,0.13540847062688358,108.0,2,0,6,0.3983028745542607,0.2925791975264419,0.5767665227726798,0.9741828424827813,26.167832827155912,34.06982327312139,Low
SYN-0004,AREA-04,East Gardens,Residential,REC-00051,2.459366113789833,159.7464211440804,8969,1203,21.0,0.8751930198132509,6.026936405586481,0.44311951021020196,96.0,0,0,5,0.3071889499644374,0.4212268902308389,0.4302548049096784,0.9700173800533429,23.50881570956724,40.14486369407537,Medium
SYN-0004,AREA-05,Hill Junction,Residential,REC-00052,0.05,30.454113626114165,46171,15763,35.0,1.0,6.504677739240695,0.13462584115732304,156.0,1,7,4,0.0,0.6807051183312502,0.4726335046048157,0.7537261983978437,18.518730755013642,13.941419202037125,Low
SYN-0004,AREA-06,South Ward,Peripheral,REC-00053,1.0926923237875596,101.42653870928712,33937,751,42.0,0.7243859988801128,18.548935978939703,0.7902300510006781,54.0,0,1,17,0.21049995668276864,0.4212594763664554,0.8806035571654196,0.8950683134688139,63.9564046019238,42.56914921319829,Medium
SYN-0004,AREA-07,North Estate,Residential,REC-00054,1.4233824724932647,118.93966681134418,30698,12187,63.0,0.6063482585443247,16.61951430162237,0.34098523118850915,197.0,3,4,27,0.3233340717313146,0.5277100964344046,0.4627995644138141,0.8903461341262484,56.80371085670563,43.193014143361296,Medium
SYN-0004,AREA-08,Canal Quarter,Peripheral,REC-00055,1.5189677271449866,146.26956526789746,44492,2970,81.0,0.5556024440919355,11.006647773577285,0.5828309225914823,148.0,0,4,30,0.16879161874468862,0.2538058900025129,0.22845147072787234,0.797617736472797,45.97079441876413,47.279667000329134,Medium
SYN-0004,AREA-09,West Park,Residential,REC-00056,0.9846408703382752,62.5151796074123,54291,15426,82.0,0.9379087128055138,13.009429694469164,0.30042850050064634,256.0,3,4,23,0.24455696605567784,0.3816018335039666,0.48918466102189395,0.8998294338831767,39.33838401349547,27.417300888077566,Low
SYN-0004,AREA-10,Lake Colony,Peripheral,REC-00057,0.05,17.61872305791256,52220,19298,30.0,0.915459962895108,25.2305681881251,0.342301638583023,237.0,0,6,11,0.1725412543793818,0.14521891820675734,0.8241556859566781,0.9633299360595103,71.91435796705323,34.48058326842399,Low
SYN-0004,AREA-11,Industrial Ward,Central,REC-00058,1.5445689223665948,117.58744847239107,11071,11096,19.0,0.5502005637927022,17.950897047998886,0.1883116253476909,310.0,1,5,1,0.40148355694578874,0.7248546685035575,0.3021210030236121,0.9210757464713293,59.272122635327506,36.74198710043316,Low
SYN-0004,AREA-12,Outer Settlement,Peripheral,REC-00059,2.664052706726655,237.73197909840798,39351,19158,106.0,0.5829461278384876,30.298086008481576,0.4522017043470504,386.0,3,7,31,0.48640391667783145,0.7302122095153818,0.34425537434767617,0.8427116453214867,90.2346291552207,60.15071211773808,Medium
SYN-0005,AREA-01,Central Market,Central,REC-00060,2.6024594722973147,215.08455418574536,57657,14004,144.0,0.44744330009198063,18.332626282208665,0.23754513621794526,83.0,1,5,22,0.4228715155162085,0.35296240776303356,0.3155329081100122,0.8723405093188157,66.49265226515892,52.93498871768177,Medium
SYN-0005,AREA-02,Riverside,Peripheral,REC-00061,4.5206110071887755,343.9856424520163,50865,1312,204.0,0.40959554722584246,12.167165976799602,0.5948497081185151,113.0,3,0,67,0.9617100041424856,0.6343845618723751,0.39755105232303356,0.9432203906800996,58.50596443839887,84.14745321536223,High
SYN-0005,AREA-03,Old Town,Central,REC-00062,3.5667284177319094,243.8190356452369,23088,7588,90.0,0.5256847313061276,4.691299898057781,0.44385129253486444,335.0,3,4,19,0.5963032156276257,0.5773426955602486,0.4779575169573088,0.9124082279555572,42.41098358065363,65.18458397648169,Medium
SYN-0005,AREA-04,East Gardens,Residential,REC-00063,3.7804891195671466,286.94661412999454,27044,7699,93.0,0.41512094941068345,16.132041889631893,0.4249282449740055,186.0,3,0,30,0.7429240742816823,0.43817089561522965,0.36773081157572995,0.9786572719586425,71.73921321824594,70.90306240467943,High
SYN-0005,AREA-05,Hill Junction,Residential,REC-00064,2.9872297876670655,210.93749201777737,58137,18992,176.0,0.7006063504198915,5.446559257654284,0.4334908934707098,410.0,2,3,42,0.7328654087801134,0.5355025592101229,0.24917027825012986,0.9438700999703467,30.220859384393943,60.01761518515166,Medium
SYN-0005,AREA-06,South Ward,Peripheral,REC-00065,3.5619836583455236,249.32343035738916,4554,18961,10.0,0.42374220244512073,15.187232379528272,0.49243554546813606,43.0,3,5,3,0.6938961126131794,0.8591853680933639,0.37176555719734317,0.6700468454033659,67.17675236869368,64.40577092243922,Medium
SYN-0005,AREA-07,North Estate,Residential,REC-00066,4.869584271989392,367.61027080465414,35338,15647,137.0,0.47724951494208734,18.832613276665565,0.23026720119989239,82.0,1,7,28,0.691946430716057,0.7054042591545765,0.4320867971329012,0.9007951514289188,69.76252212956342,71.16630889507584,High
SYN-0005,AREA-08,Canal Quarter,Peripheral,REC-00067,4.29567278982039,299.8119072091327,9756,11284,39.0,0.2882628830318934,19.69377681118925,0.28840791051605585,230.0,0,2,7,0.5672627312130706,0.8419101553406586,0.4916116775137248,0.6968641942037226,79.8709506225129,49.20467670275371,Medium
SYN-0005,AREA-09,West Park,Residential,REC-00068,5.21539788055818,375.83546566178927,58411,1694,247.0,0.2865026206905403,9.333969938875327,0.18773514290146948,245.0,2,0,51,0.833517449685458,0.7883076947587477,0.6243115378906876,0.9418089424270346,63.386076255255574,84.14459013563028,High
SYN-0005,AREA-10,Lake Colony,Peripheral,REC-00069,4.7714781074123795,342.04934456991884,4920,15945,21.0,0.17776301305051773,19.855768986104955,0.492040494406466,50.0,1,1,5,0.8803862460503835,0.7174961367044284,0.6911597401956187,0.6850244104109844,79.048063105945,75.59678027090537,High
SYN-0005,AREA-11,Industrial Ward,Central,REC-00070,4.180817939373886,276.5263229634289,3961,8529,12.0,0.4462415456197156,6.390351358903629,0.11647439779486678,241.0,0,3,3,0.7501772939169292,0.42496725413284236,0.7607389488804972,0.750663191601293,48.80534902973399,59.82568185174975,Medium
SYN-0005,AREA-12,Outer Settlement,Peripheral,REC-00071,5.224696217164459,362.2801625902652,23058,4482,102.0,0.3522966351716861,11.838129171591989,0.49668021049653627,172.0,0,0,29,1.0,0.5679946459324027,0.3007717448698457,0.7601426576029309,60.36873842664888,87.61258486664906,Critical
SYN-0006,AREA-01,Central Market,Central,REC-00072,3.560888265742759,254.6127432945312,15010,17022,37.0,0.44114394238868837,21.52112791691507,0.09083572320872803,301.0,0,2,5,0.645688132155162,0.5426387157711122,0.59219502380389,0.9764915948478701,81.31567375673183,54.39862242551013,Medium
SYN-0006,AREA-02,Riverside,Peripheral,REC-00073,3.8720842801897675,280.23502985201884,33468,2504,128.0,0.41566281869310884,16.13087005103668,0.48554364487275686,380.0,0,7,38,0.6060544340215519,0.5384270941499291,0.24711947667993997,0.9958556482596062,67.68559800137828,77.39634934076187,High
SYN-0006,AREA-03,Old Town,Central,REC-00074,2.9724369759243534,179.12103289780413,21223,12779,62.0,0.47820559340963636,11.75311142703438,,278.0,3,2,18,0.3594051102808721,0.9023295616896772,0.5960048158957262,0.8385628562629512,53.62246665460791,44.03792345433984,Medium
SYN-0006,AREA-04,East Gardens,Residential,REC-00075,3.262930391439484,230.21194140953793,24769,6941,73.0,0.2951818910770583,2.231787178389843,0.15043140357369386,423.0,0,5,11,0.685474217254262,0.6745699317208393,0.8352326417667875,0.8327189086973116,47.01246450058983,56.37218074556582,Medium
SYN-0006,AREA-05,Hill Junction,Residential,REC-00076,2.6517546801118987,239.71968236571772,37807,16531,117.0,0.6536493936287473,4.133215643455747,0.09163265175889486,269.0,2,1,19,0.441231765846993,0.38260028061980794,0.7969404939732248,0.8391074624511923,29.281313748966628,46.261821439410305,Medium
SYN-0006,AREA-06,South Ward,Peripheral,REC-00077,4.001360886428003,313.210104704053,37537,14002,147.0,0.36425812671641034,12.14507331732932,0.6842392431463858,190.0,2,2,59,0.486156708883406,0.8695739803633888,0.5864736286570803,0.8740419109893711,57.71786266121946,80.57525265896032,High
SYN-0006,AREA-07,North Estate,Residential,REC-00078,2.2670508402602274,175.37462339335696,60933,4007,158.0,0.6694067300304701,2.0737712445057763,0.30375647650083526,83.0,1,3,35,0.38051307905987025,0.6496672680392768,0.3212853195777764,0.6740960372420861,23.615515844345353,46.28176281911797,Medium
SYN-0006,AREA-08,Canal Quarter,Peripheral,REC-00079,3.835574012686249,253.92005348142337,32538,18633,106.0,0.16350144173125677,23.670593426872557,0.2574100148287295,156.0,1,4,18,0.5197737621124674,0.3982279997228376,0.2111425194055226,0.7537630645200825,87.66721829752576,70.25531753482215,High
SYN-0006,AREA-09,West Park,Residential,REC-00080,3.0571728927479924,241.72823588825312,37764,1784,94.0,0.6085119239722755,1.3553120130434095,0.5604697821253917,184.0,1,4,32,0.4584523142160209,0.5546498887086102,0.4567318815333171,0.8641449374833221,14.694299218579854,61.496735974366736,Medium
SYN-0006,AREA-10,Lake Colony,Peripheral,REC-00081,4.146691413525976,338.5653568658164,44871,15713,188.0,0.33142083820309687,19.594265460685506,0.5869461995109029,350.0,3,7,63,0.6918582727607826,0.95,0.4189092113701579,0.7321537971528159,73.37823082757109,79.82563121015978,High
SYN-0006,AREA-11,Industrial Ward,Central,REC-00082,3.810388929737128,333.1865464696363,13389,10518,43.0,0.3598918741056933,14.96456066723566,0.3944604224681484,231.0,3,7,11,0.5264434558226557,0.4340788475384481,0.6397986276307235,0.8632580082317374,65.16592361971928,60.90014284501455,Medium
SYN-0006,AREA-12,Outer Settlement,Peripheral,REC-00083,4.666210664869562,327.5839408562231,44185,8483,149.0,0.06431151834149895,17.625144135871025,0.2307556099152338,326.0,0,7,46,0.7191868772034975,0.6634679022623862,0.18507512056821274,0.9652477423650754,86.47953727028506,82.66290977336426,High
SYN-0007,AREA-01,Central Market,Central,REC-00084,3.8663455951613126,259.50995836380054,56369,9897,,0.42842506535270014,4.153933391980463,0.16110420049840427,98.0,2,6,28,0.5550965524332871,0.9433957537588666,0.136867230448574,0.9189571753715624,36.56631281274039,63.217734084433,Medium
SYN-0007,AREA-02,Riverside,Peripheral,REC-00085,2.024093637727804,186.01890080688418,22379,7769,42.0,0.6749784003314396,14.691069964593453,0.1495147871887378,195.0,2,4,9,0.25127423606287247,0.5792519382716703,0.6804985112207877,0.8367777461215979,49.8806555622327,40.97573893188253,Medium
SYN-0007,AREA-03,Old Town,Central,REC-00086,3.228163303931836,260.60386118314835,13646,15772,45.0,0.5980557052645817,4.225948781231302,0.12630790777022127,364.0,3,5,5,0.41706475526618547,0.49581444901408084,0.5814220099838814,0.7476091772040694,33.64812672067497,57.000045054610496,Medium
SYN-0007,AREA-04,East Gardens,Residential,REC-00087,2.344120088174544,192.68088091362623,24138,17472,65.0,0.5661227479154745,7.203212806705329,0.23330943912172875,411.0,2,7,14,0.33275493361004926,0.3908577386012164,0.3832405354072732,0.7940639653947947,45.58891880734483,47.34157123175179,Medium
SYN-0007,AREA-05,Hill Junction,Residential,REC-00088,2.867101968357377,207.30544127013206,19689,17063,,0.6150367346326081,8.481432693340913,0.29388968771536295,190.0,1,5,8,0.3704865150466884,0.8867979309160574,0.6955927110095524,0.6800793775896239,43.26118138935054,42.18120013505789,Medium
SYN-0007,AREA-06,South Ward,Peripheral,REC-00089,4.490708588871774,292.63089198962206,39071,10589,163.0,0.3577559662150196,18.329665485372587,0.5107189939939857,226.0,2,6,40,0.8188415253957304,0.4381764997263818,0.45473359445428585,0.700773912688652,74.22151770580341,92.5339943798856,Critical
SYN-0007,AREA-07,North Estate,Residential,REC-00090,3.791752890968554,306.7018418194624,56483,18794,170.0,0.3284347101523847,5.684801235798837,0.14664217018028286,152.0,2,5,24,0.6560548215850605,0.8153647685696802,0.7333789465468825,0.9995025700525707,52.64289859758184,69.81977448500304,Medium
SYN-0007,AREA-08,Canal Quarter,Peripheral,REC-00091,2.7225814993874,243.86391521789966,39777,9407,122.0,0.5064172342509473,14.918243869845933,0.16414135934306062,423.0,1,4,19,0.5971294102301279,0.5183871055267875,0.7700514013699744,0.9708823564881839,62.09424503615415,57.85667263507792,Medium
SYN-0007,AREA-09,West Park,Residential,REC-00092,2.4707519490980774,189.7995863999873,10344,9520,26.0,0.814851644746774,14.427182754025058,0.09964464573484594,81.0,2,3,7,0.6381963983688586,0.6298487825418295,0.6972398966837325,0.8661402030434656,43.24633036274984,40.196420878445736,Medium
SYN-0007,AREA-10,Lake Colony,Peripheral,REC-00093,3.3079515165514053,306.3330799443777,22168,6069,72.0,0.2638949290475354,10.484102632185078,0.5253047079110271,402.0,0,3,28,0.6326042544291799,0.6489596617225529,0.8465032138962257,0.870204186097253,68.96444438748314,69.05145875758306,Medium
SYN-0007,AREA-11,Industrial Ward,Central,REC-00094,2.3084777227454945,197.13771657193374,45582,16247,89.0,0.8154762737415718,10.270460830645412,0.5145776917064268,316.0,3,3,20,0.438696730080246,0.45661207678925403,0.15760674964581256,0.748217495404867,28.412612992174637,42.70190769445175,Medium
SYN-0007,AREA-12,Outer Settlement,Peripheral,REC-00095,2.7448136203331317,213.16420817970908,23144,13951,63.0,0.6900285874320476,29.51289829626437,0.3400535446198454,428.0,1,7,18,0.5463094093975759,0.4937703873028896,0.20144307670171877,0.7870191192148509,85.9161875598751,62.63300567075268,Medium
SYN-0008,AREA-01,Central Market,Central,REC-00096,1.6298559756733226,110.45459182387873,39149,11789,80.0,0.7451555003852284,16.990151258159365,0.24068834963443597,101.0,1,1,13,0.32763332065247947,0.6760938703377373,0.7330672468126604,0.7217772942770485,56.37419407202684,44.092886952228326,Medium
SYN-0008,AREA-02,Riverside,Peripheral,REC-00097,2.3044980273176847,138.7782724831502,45877,3464,111.0,0.5162092418935703,16.991010037641594,0.5931729133737937,84.0,0,1,43,0.39010692600413854,0.7726823225233528,0.6833324074423982,0.9826202827380055,69.55476202650975,56.33883561440967,Medium
SYN-0008,AREA-03,Old Town,Central,REC-00098,1.8672575762118793,146.01293348494139,23072,7568,58.0,0.8625552696126839,12.51860921832075,0.2460633637673447,115.0,0,3,12,0.3076904992736254,0.24373833500371272,0.44090767619935445,0.9353036311050646,39.36919876567148,45.295681566742225,Medium
SYN-0008,AREA-04,East Gardens,Residential,REC-00099,0.05,54.312563993519404,42963,8064,30.0,0.9706643549964578,21.62061980865385,0.19243561530079764,149.0,1,4,9,0.0,0.5201429877238853,0.5261613287119845,0.7527950436168163,51.93317289987303,24.354316184947947,Low
SYN-0008,AREA-05,Hill Junction,Residential,REC-00100,1.6237417816565354,215.5507049127149,27382,11687,51.0,0.490300946484674,16.042809834199744,0.4178783629245749,,0,1,21,0.3712939767926699,0.4768798450021295,0.26304404600769904,0.7768963053065319,56.96361243890846,41.02110599505147,Medium
SYN-0008,AREA-06,South Ward,Peripheral,REC-00101,1.4378752570183897,135.48876041914596,10940,15172,17.0,0.6668421126546759,22.38226816756798,0.5489391884528806,192.0,0,1,5,0.235890498986732,0.5325227662835897,0.37263463204914327,0.653873325894575,62.773444891517656,39.932194245790214,Low
SYN-0008,AREA-07,North Estate,Residential,REC-00102,1.711360626730482,169.00617103578716,25761,3821,45.0,0.81685798844108,12.74424511787688,0.2343725127185127,152.0,2,2,9,0.45916904803662406,0.489973347222275,0.16213639283497436,0.7437570177225132,41.979133080478405,41.29079618368393,Medium
SYN-0008,AREA-08,Canal Quarter,Peripheral,REC-00103,2.6732161437532933,188.94152450054378,30065,13663,77.0,0.5945598023044351,28.779303002060118,0.5413084494574556,344.0,2,1,18,0.5553523323891202,0.4720404475682096,0.1273902378459929,0.74286009808629,79.56572086144512,59.269222483103015,Medium
SYN-0008,AREA-09,West Park,Residential,REC-00104,0.05,49.5095876291168,2649,11666,0.0,0.8873245002297693,5.090555777714062,0.15273622337184262,152.0,1,6,1,0.0,0.2814862921703335,0.6270566786550272,0.7037874945740981,21.130931958820273,10.93601159161243,Low
SYN-0008,AREA-10,Lake Colony,Peripheral,REC-00105,0.9073656582794429,101.31813992789355,58294,3098,77.0,0.7205926735041649,22.152323539881277,0.3794110784486612,160.0,3,0,19,0.30083053534109105,0.13159175823788943,0.5741830374029903,0.9703869363737636,60.179733549702284,47.4670489301821,Medium
SYN-0008,AREA-11,Industrial Ward,Central,REC-00106,1.8529734566670113,132.07905978369735,35493,4660,75.0,0.8578125877648943,8.353516184440645,0.31029288321783277,388.0,3,6,26,0.0015398746640726824,0.7076296743322934,0.660553497758565,0.6581062449997485,37.56411387519825,39.03867557523726,Low
SYN-0008,AREA-12,Outer Settlement,Peripheral,REC-00107,0.11497287886917351,87.61872521458726,4769,7479,6.0,0.8567039623887153,19.831813175235812,0.2539828163245883,124.0,0,2,3,0.25078923587313307,0.19650412853713414,0.40830018986327654,0.8462267313293355,51.782491525581136,29.849111367010263,Low
SYN-0009,AREA-01,Central Market,Central,REC-00108,3.4923745989609962,262.98274359434663,56749,11463,199.0,0.3276189968701509,1.838239486509086,0.1590636100674162,182.0,2,5,38,0.42144899983020623,0.7322483414854345,0.7441197843291448,0.7960547537396994,42.58028701527482,58.55902437136555,Medium
SYN-0009,AREA-02,Riverside,Peripheral,REC-00109,2.6063006506787154,242.57038175867902,55947,8188,156.0,0.663634470059425,26.657541233013465,0.31278391469422495,180.0,1,6,42,0.49379690328029024,0.43679326758111914,0.40135315686889483,0.7901125334499443,76.13881503269,61.43129852275951,Medium
SYN-0009,AREA-03,Old Town,Central,REC-00110,2.988882549192912,234.5667924560067,3253,14892,14.0,0.5558631204277228,4.870090804398306,0.3706559314307314,228.0,1,2,2,0.5494370314698553,0.31899020386101107,0.3463921712353841,0.7026890896440149,39.24074418705061,45.88740931390373,Medium
SYN-0009,AREA-04,East Gardens,Residential,REC-00111,1.8548604313007533,150.6239666885668,12698,5055,31.0,0.8712657928796601,12.816783964086845,,167.0,1,1,14,0.4439894286378022,0.6847773859007168,0.5785503854662518,0.9276021079090515,39.471335226078324,44.096817341330116,Medium
SYN-0009,AREA-05,Hill Junction,Residential,REC-00112,2.962626312491157,209.13236349154002,25237,8846,72.0,0.41777751274725206,20.38976581271683,0.5002899473488245,,3,6,22,0.4543274352053301,0.6787299992399578,0.536576435116399,0.7634378647195096,77.9428655026046,54.06194733741351,Medium
SYN-0009,AREA-06,South Ward,Peripheral,REC-00113,3.1663926053094196,235.30469671554073,34203,4405,86.0,0.42218662554599096,15.40666901553957,0.5600637149232444,373.0,0,6,27,0.27026988426145665,0.4714483438678926,0.6779282740841246,0.8895299064179102,66.99358767246797,65.09466242874022,Medium
SYN-0009,AREA-07,North Estate,Residential,REC-00114,2.4979177766279235,246.3055940408945,47860,4954,148.0,0.7114598341133588,7.882372884109591,0.1776964849125363,231.0,0,4,35,0.3770450800723205,0.5385903546842644,0.46656587357090806,0.7605434742974372,43.35330433722632,56.00384865315587,Medium
SYN-0009,AREA-08,Canal Quarter,Peripheral,REC-00115,2.4991360746771454,175.4836864187615,29021,10425,69.0,0.519663566165081,18.528400148918166,0.7349130080716689,445.0,1,7,31,0.39022320281289863,0.8723269186401402,0.8581056917933897,0.9679667672765715,62.96594068318766,57.76488199638152,Medium
SYN-0009,AREA-09,West Park,Residential,REC-00116,2.5278899519435694,224.3025160267919,40732,4426,114.0,0.5041346624493812,12.423596401944206,0.04,302.0,3,5,12,0.1754119499965185,0.31652521837231573,0.49183508150271116,0.7295947669229752,50.44793444031968,42.79750848405696,Medium
SYN-0009,AREA-10,Lake Colony,Peripheral,REC-00117,1.6209391487266833,136.0255686147824,3133,7035,,0.36665212235704253,14.832355588980716,0.5438480767238689,164.0,3,4,3,0.2756011178630691,0.5556365303343336,0.11303647315715218,0.941287247400826,63.05448897180266,44.61320687357413,Medium
SYN-0009,AREA-11,Industrial Ward,Central,REC-00118,2.1935924163259064,200.26833476328784,43658,13398,98.0,0.8756888772547762,16.50711702754862,0.3548592282285971,148.0,1,6,23,0.23649655741457232,0.3066504622689322,0.5623697689121863,0.9102332230040655,48.55396014715081,50.62543949072328,Medium
SYN-0009,AREA-12,Outer Settlement,Peripheral,REC-00119,2.189597334556302,188.52999882043702,59712,12336,133.0,0.6032209573902767,23.223782256714152,0.19632477950684596,61.0,1,6,28,0.4428231014639314,0.2223207860486352,0.7095649447379154,0.9545373916905221,74.95349189179416,53.74999739734706,Medium
SYN-0010,AREA-01,Central Market,Central,REC-00120,2.388321381514956,155.2421710173268,35388,14519,101.0,0.8056511329228427,2.9578136649608004,0.2227059817825179,42.0,1,5,12,0.3685239952866443,0.3744123448377522,0.49973408921772,0.9953608666822348,20.555884445628543,41.217872750721135,Medium
SYN-0010,AREA-02,Riverside,Peripheral,REC-00121,2.8814656875603957,232.2659579569746,30932,12999,,0.5880350956647984,20.702034997132778,0.4180549785917491,335.0,1,5,33,0.715575667522434,0.392828698635373,0.3457783545496663,0.8522161415495351,68.88222212215912,54.315704878859485,Medium
SYN-0010,AREA-03,Old Town,Central,REC-00122,1.2347774244494323,185.23259456586334,21069,18887,43.0,0.898752779711429,8.555851087489465,0.09969160966478002,,2,6,5,0.17505479858738088,0.6459556778881997,0.5403227498015878,0.9054752912713984,30.248263257085146,37.76451995624498,Low
SYN-0010,AREA-04,East Gardens,Residential,REC-00123,1.9815990657764977,178.02828760736858,62141,19127,142.0,0.6840156481736422,8.36312565003892,0.2645044431898606,,3,3,35,0.38191346292369305,0.37989088230567025,0.6402963469418924,0.8496859951287533,38.034715281455625,47.03277024893176,Medium
SYN-0010,AREA-05,Hill Junction,Residential,REC-00124,3.2667707281593383,280.1519808039574,4575,8553,22.0,0.6014241291343879,21.64482433780617,0.11845463370959923,101.0,2,4,1,0.5188932072514161,0.49420639200501626,0.6010999760173765,0.9630090143519499,69.1889617534266,44.0998113170189,Medium
SYN-0010,AREA-06,South Ward,Peripheral,REC-00125,1.4867357069821083,145.55465743624939,20421,12016,37.0,0.8437614345869917,18.515019216337087,0.42629804647821834,217.0,2,2,16,0.052997101881769065,0.4160195298953405,0.4259926328474485,0.8659284589300706,60.784418178011954,39.249291468837086,Low
SYN-0010,AREA-07,North Estate,Residential,REC-00126,1.4238062761999033,156.19421842394087,11169,2392,25.0,0.8106284327248644,1.503610605991361,0.328650686929312,270.0,1,2,2,0.21273548541681775,0.5555970305908186,0.4054559809017706,0.9461555627875133,24.534927515584425,25.534537428217778,Low
SYN-0010,AREA-08,Canal Quarter,Peripheral,REC-00127,2.2434512434971143,164.28347030728378,56642,16511,113.0,0.7941209512383068,17.453545596478282,0.18766452580654452,183.0,1,5,19,0.46431815352342987,0.6771851393228212,0.7484230603789861,0.7426049974243244,58.38753903634991,49.87719163422603,Medium
SYN-0010,AREA-09,West Park,Residential,REC-00128,2.7571144424204155,215.56950016957134,32662,11940,84.0,0.43407335168511907,13.591053159416024,0.2614147385509513,244.0,0,6,16,0.5317578504165313,0.3278250116451643,0.3092648961977664,0.6657447716131982,61.63137597845957,63.611141821770254,Medium
SYN-0010,AREA-10,Lake Colony,Peripheral,REC-00129,2.0907471344806874,202.30083634016336,60149,18257,138.0,0.39446636782121014,21.08339809020089,0.5003019810457181,232.0,0,1,46,0.3132657272074371,0.6349669842408835,0.4077502001820278,0.6845902558587194,85.19394154003268,52.18571713200137,Medium
SYN-0010,AREA-11,Industrial Ward,Central,REC-00130,3.144774762381751,233.905416808979,44072,2908,149.0,0.6783005590088822,2.6187750461540924,,90.0,1,7,13,0.3493183930337094,0.7345952009571137,0.6298481855031502,0.878406407576289,32.5548419482698,47.58397015317573,Medium
SYN-0010,AREA-12,Outer Settlement,Peripheral,REC-00131,2.767041476085381,252.02259035527348,37302,8796,100.0,0.3943650409655413,13.531888704308997,,95.0,3,2,35,0.5385086098755578,0.7226078513452504,0.4316705230889535,0.942378098079823,54.16181419413111,62.288516545240284,Medium
SYN-0011,AREA-01,Central Market,Central,REC-00132,4.361806871284508,293.4111927027398,34842,10605,142.0,0.6345474684716222,17.156674753696446,0.3919621743079727,59.0,3,5,35,0.7773062021363699,0.7867029013781639,0.41752048183084367,0.7347744227245244,62.56943308614635,66.39779977959945,Medium
SYN-0011,AREA-02,Riverside,Peripheral,REC-00133,4.131644018831734,310.32115004839176,15167,3902,53.0,0.4620508019115104,10.152053284352176,0.70777575278609,290.0,3,1,23,0.7898166389342676,0.41420060050390245,0.19985720181142652,0.8565948717513885,53.51422088774291,70.66275622464744,High
SYN-0011,AREA-03,Old Town,Central,REC-00134,5.550473298049328,393.0146549027951,37628,6262,180.0,0.41344231908405904,5.841185560255481,0.3333736556291405,402.0,1,6,42,0.8921854195800666,0.8175584414570412,0.5111258756329453,0.8338543791733711,48.255600510751556,84.23856903330312,High
SYN-0011,AREA-04,East Gardens,Residential,REC-00135,3.5242214666796237,348.22266244121244,45327,5952,135.0,0.6127413513310027,21.59508223214091,0.12080299574317437,421.0,2,4,20,0.385245269309457,0.7352438237042513,0.8912585141399719,0.8806221322613695,61.18064712150492,67.68869086145773,Medium
SYN-0011,AREA-05,Hill Junction,Residential,REC-00136,2.0855329841192476,163.86610378957621,62833,13284,137.0,0.5974353473828701,14.768430819031117,0.30703381795006895,306.0,2,4,36,0.4116400526557447,0.5481233897785999,0.784720795404282,0.730668476329253,48.32098071442835,47.996532211161835,Medium
SYN-0011,AREA-06,South Ward,Peripheral,REC-00137,4.971754306986172,375.7706486380191,36811,13845,185.0,0.02,15.156089102293244,0.44241402738259833,416.0,0,1,42,0.8275285860222106,0.46084702911539904,0.7272118038588979,0.7277337258399683,79.03691136114173,87.27374469670092,Critical
SYN-0011,AREA-07,North Estate,Residential,REC-00138,3.3221912730069985,196.20045894938096,61177,13110,176.0,0.7143285820817027,5.074255613858304,0.4314688799679405,194.0,0,4,39,0.7207005983091799,0.437189741823512,0.48794679287572584,0.9228434438125133,22.796148909734637,79.37249513866468,High
SYN-0011,AREA-08,Canal Quarter,Peripheral,REC-00139,3.7746551732468854,250.3178036979015,61533,6774,219.0,0.17160009102398915,18.74693670111531,0.6469870086170804,342.0,2,6,88,0.6325571594347177,0.5138390229470915,0.7581378113463411,0.6669753206700834,84.14645473674264,88.78780367085646,Critical
SYN-0011,AREA-09,West Park,Residential,REC-00140,4.7359913656608805,357.0121926152078,35159,3040,171.0,0.5271474913347791,14.556921241142868,0.29500164017313596,249.0,1,2,44,0.7838758675740732,0.95,0.8301925049402817,0.8928961585629458,58.7670523561322,66.10351831551323,Medium
SYN-0011,AREA-10,Lake Colony,Peripheral,REC-00141,2.4065431849253187,188.50856545155318,29954,3052,75.0,0.623437725337978,13.591915019326153,0.3668283027277287,199.0,1,3,14,0.4511610674448041,0.6863250325149216,0.27441395603132934,0.6750362450277662,61.9851184568647,48.264648951812475,Medium
SYN-0011,AREA-11,Industrial Ward,Central,REC-00142,2.6870330464875476,207.31770166440674,11418,15984,33.0,0.6146650550333311,16.706850500408244,0.29243838283568613,321.0,3,4,8,0.3762071128251222,0.6838054524440584,0.497248430914226,0.6861097716302704,60.69981556732839,49.143047604528725,Medium
SYN-0011,AREA-12,Outer Settlement,Peripheral,REC-00143,2.4073284680773757,186.72703146257513,19282,3218,52.0,0.5960197365894047,10.880563026197802,0.3462637815821439,,0,5,19,0.32380512481140095,0.5021178107730591,0.7853611938068755,0.7350014784980851,51.38963048721915,55.18493511748759,Medium
SYN-0012,AREA-01,Central Market,Central,REC-00144,2.2354611650127816,179.75419216679737,57443,17028,129.0,0.7428703491521025,5.073920533547679,0.32637542003644365,231.0,0,5,38,0.36082942887491054,0.6942405150000472,0.7574427405662678,0.7695116876369053,33.32791471256777,56.37775360906051,Medium
SYN-0012,AREA-02,Riverside,Peripheral,REC-00145,3.2224794818467157,198.11626955194885,11142,7018,43.0,0.40456362591101014,22.395784472566568,0.23586574073885924,310.0,0,3,9,0.42663115664872264,0.7305875303254012,0.8067531736006983,0.9953731065472353,79.00156295729766,55.75130046677111,Medium
SYN-0012,AREA-03,Old Town,Central,REC-00146,3.2901204712833376,251.25469106788677,27316,12556,85.0,0.7104656022106504,15.829919644757277,0.4172286247606239,131.0,2,3,30,0.5208619560246405,0.6718919030539681,0.8664665470297214,0.8097390309094812,53.829336544004796,62.99716214715423,Medium
SYN-0012,AREA-04,East Gardens,Residential,REC-00147,3.091789540495964,234.38713392491672,46164,3321,151.0,0.7341175676025091,15.116493933055878,0.3543009767658992,246.0,0,6,39,0.7480456196431713,0.8983047415807289,0.3297322176637721,0.8001413855883063,50.586212700064685,53.236971490845804,Medium
SYN-0012,AREA-05,Hill Junction,Residential,REC-00148,1.7405574899192275,185.13060079869535,17538,16539,24.0,0.775001067629821,6.498083563691923,0.30470769984274104,311.0,2,0,8,0.41520896219370196,0.6786621338408498,0.5682345044830025,0.9197942251690728,20.063354709468832,33.517482333347495,Low
SYN-0012,AREA-06,South Ward,Peripheral,REC-00149,1.0226874477270054,131.5290998979936,63381,18399,102.0,0.6648244309141828,18.095450088388937,0.24565200828583422,156.0,0,7,22,0.2074124609224589,0.63469803788761,0.2274422667676036,0.7443992394432438,65.20902698591813,31.14465997032888,Low
SYN-0012,AREA-07,North Estate,Residential,REC-00150,2.9142530653454264,144.56445631109318,43092,18971,111.0,0.7487190561801552,1.7902412924313238,0.10746483391644833,363.0,2,3,8,0.6719101155388278,0.547026046801908,0.5203120393559019,0.8589460224506175,29.292637507815282,56.34295727887376,Medium
SYN-0012,AREA-08,Canal Quarter,Peripheral,REC-00151,2.493349370122452,180.02848698311416,4271,629,7.0,0.2882238425661984,10.009883638958469,0.5944097850906145,349.0,2,3,3,0.31657069659294457,0.9197267095675646,0.15860022523898545,0.8949408949657333,62.80984141757272,48.64235613988639,Medium
SYN-0012,AREA-09,West Park,Residential,REC-00152,3.23827881440641,304.5511516328134,17948,18313,59.0,0.5999080788244613,9.746152111802202,0.589349331147278,389.0,3,1,20,0.8385659201200011,0.95,0.4356581416301277,0.949657259346262,45.939826545827216,60.779113433210945,Medium
SYN-0012,AREA-10,Lake Colony,Peripheral,REC-00153,3.4323330980101368,290.27918017448116,48777,5029,154.0,0.4882223792636515,21.410434331155763,0.4610452139742546,,2,2,49,0.5167952142278556,0.47854454043091565,0.5165484213349505,0.6928387446197969,72.61664340870847,77.99327790691169,High
SYN-0012,AREA-11,Industrial Ward,Central,REC-00154,2.9813633426800665,248.5143347506475,56449,11844,186.0,0.4832069118514291,18.24362568419254,0.6385167015203643,291.0,1,3,67,0.7373505979077792,0.2943369846407358,0.6569771426096043,0.8791901930932196,61.48675611357627,77.40963297651689,High
SYN-0012,AREA-12,Outer Settlement,Peripheral,REC-00155,3.4788766653338037,251.04507535340898,60433,18613,193.0,0.509811525345785,30.215986704698526,0.566433467167222,269.0,3,5,64,0.8197411432891919,0.8797019538992132,0.2718351995995625,0.6516698498233547,83.77898516012603,80.97014037037839,High
SYN-0013,AREA-01,Central Market,Central,REC-00156,3.571150161644753,294.327730815628,55698,13103,182.0,0.49687267401173923,13.58206332049729,0.13850913699200088,428.0,0,6,34,0.38480411679179416,0.6959126807308658,0.802058120463174,0.8238788059580489,54.31926506025148,65.18866318316314,Medium
SYN-0013,AREA-02,Riverside,Peripheral,REC-00157,3.811832826833872,242.3100203697142,7173,16231,20.0,0.2808593896093638,27.14761451960018,0.4254519599041485,157.0,3,7,9,0.8113565283159964,0.44467573000490124,0.12202514534495777,0.7762236355318133,94.0770979963167,72.05689918205547,High
SYN-0013,AREA-03,Old Town,Central,REC-00158,2.8240424520567924,206.5847789381134,48105,5101,120.0,0.7202208574716896,3.740013974424949,0.21850223990987594,63.0,3,7,32,0.4366046451551442,0.3442212284603337,0.5917337969188019,0.9351541762197189,30.53853141118236,49.777926463035236,Medium
SYN-0013,AREA-04,East Gardens,Residential,REC-00159,3.2440919312875316,261.2111192953427,9385,18536,36.0,0.41554499817601565,18.149953590192176,0.3517355343872916,199.0,3,1,10,0.4725257736697535,0.5816803236911314,0.8300487741171751,0.9045189802715713,67.10293964865426,60.54082803487099,Medium
SYN-0013,AREA-05,Hill Junction,Residential,REC-00160,3.5452019396782646,288.6664656218994,7284,12896,15.0,0.6079749288327084,6.3212412593723535,0.2803009010771648,212.0,2,3,2,0.6538235643661758,0.4791688753437112,0.7924657136124034,0.8920277411918598,31.80533397910435,57.2306821789725,Medium
SYN-0013,AREA-06,South Ward,Peripheral,REC-00161,4.044203842686634,309.3651098150536,45747,17606,164.0,0.07592991636556054,18.60486889666061,0.500851648817267,295.0,0,5,40,0.5530841348105346,0.646382814388523,0.5194000329536362,0.7093378134814491,80.8397032681939,76.05722790025213,High
SYN-0013,AREA-07,North Estate,Residential,REC-00162,3.072788124573041,251.53845451246974,32385,700,101.0,0.6040941961675178,1.4478174113967794,0.4039776374123601,97.0,1,5,30,0.5723710046454602,0.7487362046628822,0.21448444536846473,0.7585414215741715,28.13544538786465,60.6046048958209,Medium
SYN-0013,AREA-08,Canal Quarter,Peripheral,REC-00163,3.8047148669383883,292.23199784792916,42997,8690,170.0,0.3526011933742449,19.828916012340123,0.29287068603517863,131.0,1,0,49,0.5212238066140235,0.3707688878392016,0.1781137763702395,0.7506757826834211,67.74538249070243,78.64467727221572,High
SYN-0013,AREA-09,West Park,Residential,REC-00164,3.175110028820395,236.92451181864269,55717,16428,180.0,0.4907211039412534,14.67721811712311,0.26659885120751603,415.0,1,6,36,0.5504345183148174,0.29169089483972105,0.669448054166336,0.7179044501914439,60.64038862407514,64.62835219291898,Medium
SYN-0013,AREA-10,Lake Colony,Peripheral,REC-00165,3.2937473284901944,294.31447403728407,6801,2316,24.0,0.4656303581580541,15.293198039767866,0.43625371320556355,233.0,0,7,9,0.7092013975725169,0.5396941484879656,0.1998059552140445,0.7974474954832284,70.0216733160344,54.47947030364672,Medium
SYN-0013,AREA-11,Industrial Ward,Central,REC-00166,4.051396295971957,358.88127186289756,35470,4858,115.0,0.42325610303979144,17.98213047522829,0.37194164574432104,225.0,3,7,30,0.7216148682472204,0.5738559201441017,0.14775263885257842,0.7988174354826073,65.01766638251569,68.88424739779303,Medium
SYN-0013,AREA-12,Outer Settlement,Peripheral,REC-00167,1.7933327655093736,155.0428875345827,54651,16719,113.0,0.7554968881053534,29.450086837244296,0.6117417051224672,57.0,2,6,34,0.25571380377782466,0.5888709336971713,0.45850917996563334,0.7724643577565014,89.27671254758953,45.391413397773846,Medium
SYN-0014,AREA-01,Central Market,Central,REC-00168,1.254289172151178,86.27093045324081,30018,19069,57.0,0.8916176345552473,12.984263021575519,0.12501735336428055,52.0,0,5,8,0.2740175286590801,0.22130698737988203,0.24797669462039212,0.9279301126141792,36.78099429642446,32.9489490824019,Low
SYN-0014,AREA-02,Riverside,Peripheral,REC-00169,1.1057187166567302,104.82400714014089,35213,7792,70.0,0.7795226876129802,15.12521692130517,0.2727809611252603,370.0,0,7,13,0.015508823735533722,0.4979798303412255,0.7456462869999831,0.8917020914398383,47.95494733133362,35.938154281285804,Low
SYN-0014,AREA-03,Old Town,Central,REC-00170,0.42457413873234295,70.20268330398144,33615,3586,28.0,0.9755829650046965,15.810731497056805,0.14586092297132802,300.0,3,0,2,0.0,0.43235193578550224,0.5335554422788188,0.9282304502853755,45.01433219602751,30.66891470277049,Low
SYN-0014,AREA-04,East Gardens,Residential,REC-00171,1.7488554824868454,87.37609139021504,59199,2744,109.0,0.6985002576661966,7.186728914877469,0.46823918603609727,196.0,2,0,39,0.23984350648696576,0.6781027389961567,0.7840974556911186,0.9328892194964971,36.20191097474375,43.39844676851356,Medium
SYN-0014,AREA-05,Hill Junction,Residential,REC-00172,2.8910141543931793,268.0701619647713,5618,16575,24.0,0.5590415923878712,4.418630575204684,0.37734570482007296,202.0,0,5,6,0.5762577219330383,0.7713160558743595,0.4115664196212867,0.7272467797679509,27.9990095727392,49.400862398507215,Medium
SYN-0014,AREA-06,South Ward,Peripheral,REC-00173,2.063559781504927,154.98272852869854,57374,15580,135.0,0.6208875314158169,15.989012351668059,0.27435887057728525,222.0,1,0,30,0.39262248070939265,0.3823712621669859,0.8375368541535637,0.9811823570579754,58.393954266601035,51.679866758544705,Medium
SYN-0014,AREA-07,North Estate,Residential,REC-00174,2.4496991001644686,174.42704747630245,53523,13498,122.0,0.636238987524118,10.219215108010708,0.27531627555274263,369.0,0,2,36,0.4725031579009058,0.5617573789792011,0.881803099521249,0.877670645446629,45.37761167985972,53.639946312628005,Medium
SYN-0014,AREA-08,Canal Quarter,Peripheral,REC-00175,3.162841031979621,235.39797538269698,53281,992,137.0,0.5705765951748125,14.739425609444968,0.18275481434976598,402.0,2,3,20,0.5238542661273514,0.46223438952544005,0.5418380661296586,0.9293969987886793,55.34150466581159,51.873176492501855,Medium
SYN-0014,AREA-09,West Park,Residential,REC-00176,3.35361594042514,243.8025771105395,28267,7472,93.0,0.5417077910857306,8.082556627251089,0.08383388961880359,217.0,0,6,17,0.4643640325505489,0.5601721836996817,0.2496579465317514,0.9749214555175922,44.85524620177397,49.38623148951059,Medium
SYN-0014,AREA-10,Lake Colony,Peripheral,REC-00177,2.2361566868300753,187.05059170516495,34743,4745,77.0,0.6120540567828051,18.308049293862055,0.23312500344756798,202.0,2,0,16,0.5512668135266662,0.3903312732037454,0.14277494176869976,0.9353386569157848,64.3451679739219,59.507016029506644,Medium
SYN-0014,AREA-11,Industrial Ward,Central,REC-00178,3.374335746266505,283.0215030557915,25561,11386,88.0,0.35927092345522194,16.830995120294464,0.44461072015265063,207.0,1,6,20,0.4786540765082983,0.7265111440265202,0.8346162544596761,0.8458647331284834,64.85732632165218,67.30853250034731,Medium
SYN-0014,AREA-12,Outer Settlement,Peripheral,REC-00179,2.365168361358274,232.00240068033096,18231,13294,32.0,0.6620640620570869,28.010540337749752,0.5220116528579619,234.0,1,0,10,0.4444794008577441,0.95,0.5072850278120135,0.8179614012109996,82.21801157596514,49.84296649931416,Medium
SYN-0015,AREA-01,Central Market,Central,REC-00180,0.9968013268960354,128.50816050056267,57214,17503,96.0,0.7907069829936338,18.322917992481933,0.1618451653437009,163.0,1,6,17,0.15268099610422256,0.14859518271416577,0.26145243981894595,0.8417800581619568,51.97099472695013,39.47070051627441,Low
SYN-0015,AREA-02,Riverside,Peripheral,REC-00181,1.191199624199017,89.1446557827265,34123,5182,46.0,0.588113622736532,14.057639383888045,0.30463730472310946,161.0,3,0,18,0.26609245074399485,0.5816336750258306,0.3997820814765186,0.9560662703852485,62.26739166709965,41.69075090081565,Medium
SYN-0015,AREA-03,Old Town,Central,REC-00182,0.48229069590599205,68.07775100223421,47709,11554,51.0,1.0,18.004846313094088,0.11443792158328557,228.0,1,6,13,0.007723344424966305,0.40553072559391234,0.8446933921131603,0.6731551276212016,51.21042970980576,22.71770160266519,Low
SYN-0015,AREA-04,East Gardens,Residential,REC-00183,0.9562128229710831,105.29396296073175,8800,1792,17.0,0.9498447874759594,14.45124010497674,0.12366248132722184,370.0,0,0,1,0.2856900631349598,0.5103669361118028,0.8686890859106507,0.7854315059491708,35.92570430208036,21.274249210966506,Low
SYN-0015,AREA-05,Hill Junction,Residential,REC-00184,1.3803065554984617,138.93613217439463,51807,4053,104.0,0.9240085684972283,5.993758002690777,0.17134026851709863,157.0,3,7,21,0.3954444424833894,0.2692973779603283,0.26496207759100876,0.7495093504889172,31.177010807861567,35.95865709908314,Low
SYN-0015,AREA-06,South Ward,Peripheral,REC-00185,2.3095879214608863,204.80148491706333,43677,13808,102.0,0.611197232944354,17.896106489439237,0.43292084474048254,218.0,0,0,26,0.5038900901430455,0.24645248392165575,0.504252630613268,0.806280274858771,63.381512368646646,58.01174694360567,Medium
SYN-0015,AREA-07,North Estate,Residential,REC-00186,3.043335770890792,240.15067335750226,64850,11333,184.0,0.5627548965668439,8.255436364029592,0.26743328539670647,146.0,1,3,42,0.5261376675986364,0.4471248032126913,0.7449191235286361,0.8607542578236091,46.6516060574738,56.562122158758,Medium
SYN-0015,AREA-08,Canal Quarter,Peripheral,REC-00187,0.5609746936563731,73.87050724590965,10873,6415,,0.7679110619213562,19.138084622886577,,237.0,2,2,1,0.041280752743620114,0.23453997440461516,0.6778630550694119,0.9203636295154101,56.65251857967328,20.066461761385654,Low
SYN-0015,AREA-09,West Park,Residential,REC-00188,1.9809818805659403,196.08588734967032,36252,9827,65.0,0.8161557589755688,18.741726010721536,0.12916460454983805,,2,3,8,0.668817060824137,0.7317156496420081,0.6244672457636333,0.6529723783115462,53.12307654758949,44.71711696930806,Medium
SYN-0015,AREA-10,Lake Colony,Peripheral,REC-00189,0.8342847546319776,90.24478322245693,34448,18381,36.0,0.8991024194201183,18.643749666183574,0.465353376945877,241.0,1,4,11,0.02005251373389337,0.4740958349017533,0.7628535671420391,0.8010542671688788,49.97119230565397,31.22924265169105,Low
SYN-0015,AREA-11,Industrial Ward,Central,REC-00190,2.0464775767285666,201.72924428947792,36149,6808,102.0,0.7053110895068991,2.14793465028373,0.3038187468600258,327.0,1,6,21,0.4468271423278437,0.45753656321738023,0.7518194168617146,0.7516127765807832,21.31792642598254,37.46185093859876,Low
SYN-0015,AREA-12,Outer Settlement,Peripheral,REC-00191,1.5618505854078237,165.92372003444387,5898,1733,14.0,0.9100460618070008,25.483978032802625,0.3019697934864011,317.0,3,0,1,0.30024261747049885,0.43050040785069144,0.5838908052897647,0.9076767781517858,55.21114974353886,31.38149581300291,Low
SYN-0016,AREA-01,Central Market,Central,REC-00192,1.148025373797738,158.2038212557556,32070,2488,,0.8155982217030195,17.527528195985653,0.3476710752964269,297.0,0,0,19,0.1838330692381764,0.7307925520730916,0.49287771638828404,0.7460518737484316,49.24177814423455,37.056068765694455,Low
SYN-0016,AREA-02,Riverside,Peripheral,REC-00193,3.3553876277305497,264.63271877876196,21219,7312,65.0,0.2429647187309263,22.017901424746363,0.3053186609578581,261.0,2,5,14,0.5814508240565067,0.5876743189252422,0.7548659715037157,0.7319540117811946,81.10379175886881,62.803754029662116,Medium
SYN-0016,AREA-03,Old Town,Central,REC-00194,2.1287494642287776,221.67943050858045,41084,11035,106.0,0.495392346088694,10.97768196048384,0.40387231898913295,287.0,2,0,26,0.29356574096810667,0.6366688802950263,0.7109852244888184,0.7105040009563037,46.69032046340679,41.61319933786225,Medium
SYN-0016,AREA-04,East Gardens,Residential,REC-00195,2.1856298437769186,172.9610526471934,17005,18013,35.0,0.49147877772571225,17.21418284336916,0.3303596933172203,218.0,1,4,8,0.41551830581891613,0.8454191022441437,0.2568356141755557,0.8261172446198353,67.67941947271746,49.25612378463549,Medium
SYN-0016,AREA-05,Hill Junction,Residential,REC-00196,1.7569481054440104,164.57018565927027,29690,11244,62.0,0.7043698501291392,1.463684305550072,0.20275905361659477,425.0,3,0,11,0.3308436225558765,0.6076732935694571,0.5038008950424352,0.6682336378111695,25.97297471112126,36.53626737074411,Low
SYN-0016,AREA-06,South Ward,Peripheral,REC-00197,2.089323413125718,198.75640009218637,41251,2052,91.0,0.5596525596288655,22.268179124591512,0.7809428657228628,308.0,2,2,41,0.6695389556053071,0.482866399667759,0.5735530554888211,0.8942039543281235,69.18783197743184,64.50867832263101,Medium
SYN-0016,AREA-07,North Estate,Residential,REC-00198,2.9550623870316963,201.75896646343057,6502,4215,16.0,0.6682032223371495,20.990705262233618,0.24306659806342185,161.0,1,4,3,0.6210090636486674,0.3110368699988151,0.8724699564360956,0.9594935574655037,63.695922814364565,56.16430772661012,Medium
SYN-0016,AREA-08,Canal Quarter,Peripheral,REC-00199,2.4613545617266377,188.20488166385536,51674,17585,105.0,0.5319773971278181,26.68019353841773,0.573897779294019,301.0,3,2,49,0.4721316929429418,0.344068118164784,0.48235831984806654,0.7185703921144091,83.19674563070696,63.99365988106229,Medium
SYN-0016,AREA-09,West Park,Residential,REC-00200,2.875679636301747,206.88306945172653,47233,3204,132.0,0.6986093750738576,6.78595668223953,0.4307968639756174,173.0,0,4,30,0.5483470113807796,0.38028229926446544,0.31878745374648965,0.8232639234547111,31.99317167995508,50.54770233643712,Medium
SYN-0016,AREA-10,Lake Colony,Peripheral,REC-00201,2.9022875176188374,226.92084073660172,6081,16813,15.0,0.479066887448102,29.271370467918437,0.23345022765462653,331.0,0,7,5,0.7044591049292956,0.7030403540441768,0.25322724837988747,0.9580840221837847,76.60874639757354,59.60488670033434,Medium
SYN-0016,AREA-11,Industrial Ward,Central,REC-00202,3.669279358898296,262.52201002718283,6545,15802,22.0,0.4879234608894625,5.251749032819151,0.17734018426315923,,3,3,6,0.49509537204755,0.8763167130707882,0.8454324734562351,0.9483724987373368,46.968695791504885,39.75723397328797,Low
SYN-0016,AREA-12,Outer Settlement,Peripheral,REC-00203,2.338521113784259,195.2002270730686,55642,3078,129.0,0.48330525918919,21.485653692835264,0.640366853660453,232.0,0,2,66,0.3678255897126307,0.4728453369982559,0.5396203947291756,0.9236837812764562,73.06609568441063,62.77282966403226,Medium
SYN-0017,AREA-01,Central Market,Central,REC-00204,0.05,40.91183495303478,20208,11309,13.0,1.0,14.12488141264203,0.19821609279916114,276.0,0,1,6,0.0,0.1433133049810399,0.3011341013839294,0.7153072969715798,39.600993294011474,26.019647286576216,Low
SYN-0017,AREA-02,Riverside,Peripheral,REC-00205,2.048209803398653,164.75057890457543,56297,11397,119.0,0.4094725119348292,10.714774945551937,0.439251728447409,442.0,3,7,41,0.40842116162587033,0.533084276426257,0.43726791576688306,0.8029570532323694,55.9107959081125,52.056305361203016,Medium
SYN-0017,AREA-03,Old Town,Central,REC-00206,0.9292413324632629,104.92475729383224,33703,2533,41.0,0.906063448340809,3.6721123051859594,0.16050123609140146,262.0,0,7,4,0.2566544054758598,0.45370206974563143,0.12370304082689243,0.9941429195063809,13.886841758936608,25.170316819223483,Low
SYN-0017,AREA-04,East Gardens,Residential,REC-00207,2.086105825802968,155.1253307634445,23891,2820,54.0,0.6861471289776764,12.431241850372032,0.35687374440149017,275.0,3,1,16,0.2282122980323146,0.3844024581693783,0.10289351322525012,0.734718573848836,43.981736765607586,44.13054521369982,Medium
SYN-0017,AREA-05,Hill Junction,Residential,REC-00208,1.5011335606870428,111.70799135410499,19597,4266,29.0,0.883651853204354,4.798957349126693,0.1644345674912187,414.0,3,1,8,0.42239852894125823,0.7436727043223046,0.3742186461076561,0.6966708973170577,24.1851638157051,30.22440701926834,Low
SYN-0017,AREA-06,South Ward,Peripheral,REC-00209,1.0895218459783909,75.02149393108046,43687,18580,66.0,0.7249674134243234,18.802120499159123,0.5407898901422572,367.0,3,1,15,0.09532137521475748,0.7082367882009427,0.6660802498342402,0.7946192804282568,57.609652351351244,34.329862827438525,Low
SYN-0017,AREA-07,North Estate,Residential,REC-00210,1.4734525853781029,82.13542085777965,9357,1698,19.0,0.7947538827209734,15.821828788836566,0.3358111999222186,53.0,0,5,3,0.2044792578143629,0.3918480711152253,0.6863279247957993,0.7029081022463312,44.18108144563553,30.679969499150037,Low
SYN-0017,AREA-08,Canal Quarter,Peripheral,REC-00211,2.755241918242106,198.69967597344598,27663,19726,92.0,0.46226937676893975,23.132640839431183,0.48224494414215163,230.0,1,6,29,0.4735548962480882,0.584789643040364,0.10391025645630805,0.8147725588072176,79.4873838149063,64.67245130316695,Medium
SYN-0017,AREA-09,West Park,Residential,REC-00212,2.8560162933840694,241.80561117489475,24116,12214,67.0,0.76734848742207,19.359120489438713,0.4793856255060167,327.0,0,0,21,0.6673062790951894,0.4770603025265854,0.6466463583361087,0.8667027712966157,60.87065164666952,55.28969116586085,Medium
SYN-0017,AREA-10,Lake Colony,Peripheral,REC-00213,1.2499367782472897,115.31465050381044,12136,7268,11.0,0.7052975572526142,29.344611688152433,0.4369407799702096,178.0,3,4,4,0.10533905820484048,0.3734357818694505,0.7069835734532339,0.7882786626878777,78.57390013331081,38.74648350876493,Low
SYN-0017,AREA-11,Industrial Ward,Central,REC-00214,1.322584344794727,126.33353226806587,24551,6515,38.0,1.0,20.458534745468896,0.21779760335858628,139.0,1,4,8,0.25538037917633644,0.4277457876655518,0.2852996446175321,0.7384766152725161,55.92951272501476,28.532256995703502,Low
SYN-0017,AREA-12,Outer Settlement,Peripheral,REC-00215,2.055423996114175,161.46166400437573,35541,19235,76.0,0.6249102903393198,18.240202978347767,0.22095000882532023,254.0,1,6,21,0.4355511965941199,0.30607658293650025,0.22245631247444822,0.8111407592381157,64.14843056457686,55.574431431995684,Medium
SYN-0018,AREA-01,Central Market,Central,REC-00216,2.7253252608446843,275.11270804835607,44847,8846,124.0,0.6210656443774234,3.5603717220765914,0.4205512769460347,111.0,2,5,41,0.5224372964489856,0.5149635911147398,0.6648989648376319,0.9267686365808159,34.210892615762695,63.06606744103764,Medium
SYN-0018,AREA-02,Riverside,Peripheral,REC-00217,3.668310385153166,283.406609560537,7897,5850,25.0,0.34899731089602415,24.010317043415142,0.600140038163154,276.0,2,4,11,0.6840331881601989,0.774391841780801,0.5540758161760763,0.9361712938746456,81.5634574128516,64.60382670228252,Medium
SYN-0018,AREA-03,Old Town,Central,REC-00218,3.381163808695477,242.71509042502643,57024,18501,186.0,0.5943466947448546,20.299166207404546,0.5994867283622967,313.0,1,3,59,0.6549073281101192,0.3842161424788374,0.41740614035710555,0.6521625614261781,65.9758225721365,77.86610891634959,High
SYN-0018,AREA-04,East Gardens,Residential,REC-00219,3.652980656224605,245.73839861085594,57404,12252,190.0,0.41797550337969047,17.15454289174925,0.3901523212798026,166.0,0,7,52,0.542263382418153,0.4039241927110843,0.5629412358145706,0.6657409539545246,71.75644054057315,80.77529072159598,High
SYN-0018,AREA-05,Hill Junction,Residential,REC-00220,2.7351590422990375,269.1811663787297,45748,15116,114.0,0.6345668219628191,15.637494657477067,0.12531999465857194,302.0,1,2,20,0.6583934148028119,0.6648820748581303,0.7482357739046751,0.9710449582950686,48.6457419597376,47.984594500418005,Medium
SYN-0018,AREA-06,South Ward,Peripheral,REC-00221,2.1302000924113873,136.40592674359192,60268,5204,135.0,0.5827484287553439,26.854518293218327,0.6749566248660377,349.0,1,0,63,0.34169542095454003,0.23948850605148914,0.1744892805342363,0.7297267737935592,73.47714360973112,59.28934612055409,Medium
SYN-0018,AREA-07,North Estate,Residential,REC-00222,1.7434673382655288,129.48276705130056,29246,19624,55.0,0.7949442965546487,9.606111786433157,0.19559954318434625,155.0,2,6,11,0.2613161053530329,0.5570251742865826,0.5099388863219322,0.7922118910803814,35.37556043450447,39.1786234411222,Low
SYN-0018,AREA-08,Canal Quarter,Peripheral,REC-00223,2.507946796666876,179.19149539666856,53850,912,152.0,0.570891087618048,20.537003624248648,0.32048238301079696,215.0,3,1,31,0.5797061929354632,0.49231527452257406,0.3212917988422036,0.6893484102794707,68.13726492091091,51.503834087811825,Medium
SYN-0018,AREA-09,West Park,Residential,REC-00224,3.034913859107096,236.22833245660541,47954,19092,129.0,0.6233514453470761,5.197496401144238,0.3534949547731193,281.0,1,6,45,0.4301509524926129,0.5485081196377976,0.3276999799688991,0.7670846150442333,34.97338160441995,52.028417013709074,Medium
SYN-0018,AREA-10,Lake Colony,Peripheral,REC-00225,3.167300817739553,256.52611030857696,37658,7336,128.0,0.4479664550572575,24.10240010111565,0.301095167032432,310.0,0,0,27,0.5663168525071414,0.5757676325383184,0.7186053159678768,0.9164221464256037,82.89644367773347,54.31034894331948,Medium
SYN-0018,AREA-11,Industrial Ward,Central,REC-00226,4.951639017002176,363.9097654690712,13719,676,50.0,0.49504375670162015,8.307554937410933,0.3694475829971512,291.0,0,7,13,0.7385330146209342,0.42279425806541654,0.61962054601478,0.6685460292807466,48.02125019194338,75.25067057909028,High
SYN-0018,AREA-12,Outer Settlement,Peripheral,REC-00227,4.2866487829844,307.6927519464724,37349,9101,157.0,0.3305774283240819,15.61671212966322,0.33310650768719724,158.0,0,5,35,1.0,0.6496361064389096,0.8101029907704337,0.8069308866821929,68.11469623267571,66.91615582239311,Medium
SYN-0019,AREA-01,Central Market,Central,REC-00228,2.0658372203894655,132.3640206481557,58834,8468,130.0,1.0,6.264206520610832,0.486187395935469,93.0,3,7,55,0.6213447454054588,0.32051045022612634,0.39296787767960806,0.8655253335913939,21.019534709107237,53.14523651215529,Medium
SYN-0019,AREA-02,Riverside,Peripheral,REC-00229,3.1136768754235327,298.0876571659986,64037,4270,196.0,0.4500674064686101,20.72494682823281,0.5129461413703806,238.0,2,2,49,0.5057172281315365,0.6519202417812084,0.5041273645025769,0.7502853965456096,77.53085476141715,51.335887680448145,Medium
SYN-0019,AREA-03,Old Town,Central,REC-00230,2.5098475243825074,211.08745116006952,30504,17226,71.0,0.76369094168107,12.339459245401834,0.1196582344866076,163.0,1,3,10,0.4806907815504818,0.5325061036298829,0.2153625004593267,0.937422931200183,50.132110978456744,48.015034670124635,Medium
SYN-0019,AREA-04,East Gardens,Residential,REC-00231,2.608019043030691,226.54959468480567,17993,10575,40.0,0.5477514289707416,18.351062230244874,0.4200596734436081,184.0,3,6,11,0.4352938171108009,0.45004312419623727,0.7822086400463599,0.6512835290266747,63.311567504570455,55.34573173513203,Medium
SYN-0019,AREA-05,Hill Junction,Residential,REC-00232,2.983770632995073,213.66466557009292,49219,987,139.0,0.7503668220180462,20.242964103580352,0.2398254713993624,367.0,3,6,27,0.455463166890171,0.46284133972597663,0.5948770879715427,0.7995001342926593,62.41785777723188,56.29264667697656,Medium
SYN-0019,AREA-06,South Ward,Peripheral,REC-00233,3.330847007043082,247.59190998385114,7246,18646,21.0,0.32916734660103214,16.4921355921623,0.7555527336205489,211.0,1,0,9,0.5694969477332176,0.7079871812835997,0.8284124355089378,0.9481948390397787,68.52927828766421,68.95915895163276,Medium
SYN-0019,AREA-07,North Estate,Residential,REC-00234,2.5641033263555553,241.8523620348916,11943,9773,26.0,0.6957308964649537,7.968317663682517,0.22512437152417725,413.0,3,3,7,0.42247838216589745,0.9130019027720953,0.6057207514676909,0.6908280195422543,32.059211320014604,44.72388930845401,Medium
SYN-0019,AREA-08,Canal Quarter,Peripheral,REC-00235,3.686591339650254,213.47233389938583,37621,16377,126.0,0.3321459482612693,15.905017988032558,0.4827775108393964,317.0,3,1,39,0.43195180104987335,0.7704919014745855,0.20726881062854174,0.7171999925544653,60.1884503633999,64.6144981042776,Medium
SYN-0019,AREA-09,West Park,Residential,REC-00236,1.921959532548844,187.8323483785857,64387,2552,139.0,0.7851666010971876,7.3431568202243325,0.2653096796889775,108.0,1,2,37,0.3518893873460115,0.5697192622663114,0.5506622080043564,0.8793171952826768,39.159308828415845,42.42964028542453,Medium
SYN-0019,AREA-10,Lake Colony,Peripheral,REC-00237,2.840581363352582,217.22716174994505,23049,8546,61.0,0.4541430607060597,25.298220542838557,0.27817883795930787,104.0,3,0,14,0.46835508252391306,0.29914138361966847,0.8595947064202888,0.7600721883246246,86.42919392176343,61.46131094553671,Medium
SYN-0019,AREA-11,Industrial Ward,Central,REC-00238,4.913649094739434,371.86672552387694,30207,14126,121.0,0.21737877946593334,14.211067243336032,0.25366906490450636,311.0,3,4,21,0.85640557058593,0.6860009267828945,0.2342238408346832,0.7364395513014458,71.73906204298491,81.94896012264654,High
SYN-0019,AREA-12,Outer Settlement,Peripheral,REC-00239,3.0139739075629874,285.8553751991535,22646,8681,60.0,0.4254525781654475,11.63452149730613,0.5180185963928791,140.0,2,7,20,0.4930268512620934,0.7133460013335345,0.3625476715532111,0.8327284466008,61.24213986111945,57.35772758217837,Medium
SYN-0020,AREA-01,Central Market,Central,REC-00240,4.347445174131669,308.2496499920178,30031,859,118.0,0.5763472905185638,13.023256665057561,0.23248092479942997,423.0,3,6,18,0.681333472071186,0.4928167503681101,0.6165840033797559,0.8712307964959471,48.988275722750274,60.2127152960768,Medium
SYN-0020,AREA-02,Riverside,Peripheral,REC-00241,3.2740897113852974,171.7554690457008,2942,17420,10.0,0.4777005926266761,27.80224298326404,0.2780235615846074,187.0,1,5,3,0.6506708257973001,0.4853486435443427,0.5556530195882425,0.9002778274730594,90.94975422971578,59.18941119424568,Medium
SYN-0020,AREA-03,Old Town,Central,REC-00242,3.6654952451105682,245.5162236208139,39670,12400,128.0,0.3321686620990246,2.2641628044201694,0.3827780533868447,53.0,2,0,39,0.6748920026301035,0.8729211679987439,0.24645373026534925,0.7837447779414835,42.98397874648352,66.99801773451117,Medium
SYN-0020,AREA-04,East Gardens,Residential,REC-00243,3.1554470133325774,245.49169122298977,39764,11627,115.0,0.6896833422822463,20.01492382272471,0.18140182094433543,151.0,2,0,17,0.6934335115477122,0.521530497340226,0.22876509296289776,0.8562011953579937,60.28811408056999,57.92497431811516,Medium
SYN-0020,AREA-05,Hill Junction,Residential,REC-00244,3.0645475039153673,288.66857601950727,22222,4048,70.0,0.46398164781257495,6.39282316451242,0.3973984796115618,387.0,2,5,14,0.5701254890559077,0.8981791282279498,0.21757413291359662,0.9712727464906941,32.704822100093395,40.49429216307358,Medium
SYN-0020,AREA-06,South Ward,Peripheral,REC-00245,2.5772876514663947,195.87859542450664,19002,8651,48.0,0.608382843361683,16.8829965374933,0.47463454005870653,,1,5,15,0.4058351556932497,0.95,0.5285445767448514,0.9826634885281113,52.28117783797522,51.661752653191414,Medium
SYN-0020,AREA-07,North Estate,Residential,REC-00246,3.5451146560127733,316.87371064745184,50100,17479,169.0,0.5700637658697204,9.38945778863381,0.30156208172798354,226.0,1,0,30,0.6648646658109278,0.827931038955682,0.829730947097349,0.8713800391089023,54.574765341313736,62.97438566145505,Medium
SYN-0020,AREA-08,Canal Quarter,Peripheral,REC-00247,2.519643817498116,134.03862394083035,14241,5892,39.0,0.6012071215004262,12.987954028991105,0.5466997543866841,374.0,0,3,16,0.1822670571410095,0.31400983821611816,0.5013648314174642,0.8382710917470939,60.35437734563129,48.69745845821947,Medium
SYN-0020,AREA-09,West Park,Residential,REC-00248,3.733341757897474,267.5598667747529,5441,3776,17.0,0.6997148538345351,3.06786188448448,0.5618310995068542,396.0,1,7,4,0.8746652129639398,0.9428554383201613,0.42784352926848346,0.9098470060838599,21.057030077275932,53.635355574923864,Medium
SYN-0020,AREA-10,Lake Colony,Peripheral,REC-00249,4.069103172403459,335.62854687343423,5026,18799,12.0,0.2108886448752739,15.053129036577658,0.45821554578441914,106.0,0,7,3,0.7111094793205512,0.4210510592350424,0.26747839082271163,0.9679872558166628,61.68667159534774,68.40807986476194,Medium
SYN-0020,AREA-11,Industrial Ward,Central,REC-00250,3.4940986946365147,295.43245093870115,57609,7544,204.0,0.5841215558573074,1.113199903809113,0.19566529046350273,363.0,2,5,37,0.8444844897345096,0.6362402455799502,0.8087665815198692,0.7287613386268115,35.376451528621374,66.71277042759229,Medium
SYN-0020,AREA-12,Outer Settlement,Peripheral,REC-00251,2.9718745820021772,174.5451760514458,25272,10015,79.0,0.6150881920115814,22.122287014763664,0.5954453361182619,303.0,1,1,29,0.39099102317202034,0.5009306856738136,0.8893200426788167,0.7804216867499536,69.23609468503605,59.147064236585884,Medium
SYN-0021,AREA-01,Central Market,Central,REC-00252,2.3977525113422766,170.65267644886055,8864,783,21.0,0.5871136442170966,3.823991058691796,0.39917479999906763,121.0,0,1,4,0.26550797264335835,0.49183677792845826,0.6681999266754208,0.6577714414545668,30.56132226796354,46.37293838290855,Medium
SYN-0021,AREA-02,Riverside,Peripheral,REC-00253,1.7876416034581895,152.04485063354673,57435,6859,130.0,0.5402397458540541,11.96033502144369,0.4753361742762846,225.0,1,0,47,0.34184026236274934,0.5877662107007372,0.5124761762163116,0.9885495418781632,46.141730827152756,46.49675199374734,Medium
SYN-0021,AREA-03,Old Town,Central,REC-00254,2.783017748267439,200.97305793652055,11788,18625,27.0,0.5759150105898664,12.827866671543305,0.0754252957269362,91.0,3,1,0,0.5073404605099057,0.3570970876292695,0.8306396518649447,0.9361594736769849,46.40916638005734,43.22982126064888,Medium
SYN-0021,AREA-04,East Gardens,Residential,REC-00255,0.5694551805232206,112.09324446622837,23541,18035,31.0,0.9592442390253972,13.445099297127024,0.4042106165478863,107.0,0,1,11,0.13549856968630342,0.5914339699380721,0.5200755323182298,0.6767925963431576,45.04324097859357,30.18813858466573,Low
SYN-0021,AREA-05,Hill Junction,Residential,REC-00256,1.7660941534004024,155.18239437158547,3792,19875,6.0,0.5834896656486295,14.857690745741504,0.25238606081353504,405.0,0,7,2,0.31664816995679146,0.329862515569072,0.37631560002843056,0.9541565563293744,57.622326766527785,34.431079133707044,Low
SYN-0021,AREA-06,South Ward,Peripheral,REC-00257,0.44193045179612134,25.394599426576132,44942,13761,54.0,0.8842979756515409,20.579284012175037,0.15672441287538968,161.0,1,7,9,0.0,0.37473017749511234,0.24958130100978151,0.8975856849836967,46.82506465851269,34.88656203630404,Low
SYN-0021,AREA-07,North Estate,Residential,REC-00258,0.8385313837135555,108.32523667467302,46206,15111,80.0,0.713599197270615,19.57078296205078,0.04,182.0,2,6,7,0.0,0.13823858609305367,0.21012741305712962,0.9519546188154597,57.08722185748998,32.706715313623626,Low
SYN-0021,AREA-08,Canal Quarter,Peripheral,REC-00259,3.125669831746447,258.57888840696404,49784,17757,165.0,0.597605922652391,12.622065196140689,0.30177778265448174,84.0,3,7,38,0.5549230387558235,0.45113952943063435,0.4592045764545135,0.9478937867642014,59.25291634920971,56.49386348680471,Medium
SYN-0021,AREA-09,West Park,Residential,REC-00260,2.7507280334726687,184.31992891387122,18940,2074,30.0,0.6765500946846411,17.512096156398286,0.04,185.0,3,4,5,0.3045436322096391,0.3663485370861388,0.41151281522944516,0.7366268544233161,59.46971860878659,37.56334422434969,Low
SYN-0021,AREA-10,Lake Colony,Peripheral,REC-00261,1.4589958612674874,108.10485993066807,23006,6353,34.0,0.9053173640788242,18.63522509732461,0.42143995873889784,79.0,0,0,11,0.07792522114926734,0.3280053482584384,0.2656697549144396,0.7520917212800704,44.07288450654144,41.632399286957146,Medium
SYN-0021,AREA-11,Industrial Ward,Central,REC-00262,0.8325772830626019,72.76710964319072,61132,2391,92.0,0.9636932316443515,19.972580247292,0.07107160920179088,365.0,1,6,14,0.0930870646942452,0.29682340048641637,0.5067505208279711,0.7683517684521144,48.14886095764721,27.92034199110314,Low
SYN-0021,AREA-12,Outer Settlement,Peripheral,REC-00263,0.05,84.24757296150548,53852,19558,45.0,0.836428745865481,14.925137316564516,0.34790327069427474,187.0,3,4,10,0.06001241157273931,0.20495097714677826,0.6829754784090634,0.8934066956127598,45.84550322792062,33.29930006701742,Low
SYN-0022,AREA-01,Central Market,Central,REC-00264,3.3805208841551626,257.0854652956111,4822,12146,9.0,0.4308858199921576,20.902803514515657,0.201872291639584,440.0,2,1,3,0.8019512558299489,0.578893852256449,0.5926634769339765,0.8809715761570024,79.31749018442716,52.57219486161573,Medium
SYN-0022,AREA-02,Riverside,Peripheral,REC-00265,5.751649300299192,347.57677440576254,45742,17504,229.0,0.10343602492745652,28.210644862175247,0.2694244626358798,349.0,0,5,40,1.0,0.5056949416049763,0.7185477417956203,0.8208149848606217,101.79127349067379,96.76920516088063,Critical
SYN-0022,AREA-03,Old Town,Central,REC-00266,4.163224707672189,274.5071930410067,53296,12262,223.0,0.4135184703085485,4.636575426031241,0.20337179341862077,379.0,1,2,50,0.8658568950675212,0.692884483734701,0.7473516095201008,0.8404949855640677,49.61876758985509,71.49147126899007,High
SYN-0022,AREA-04,East Gardens,Residential,REC-00267,3.367659461661679,280.37394061453386,37452,12904,131.0,0.6708643595526381,10.13329096989101,0.20038852937839186,203.0,1,0,26,0.6397159794487817,0.44563348043344586,0.20871553764356243,0.80781313912459,44.7446285069478,61.37545563439896,Medium
SYN-0022,AREA-05,Hill Junction,Residential,REC-00268,4.187381458101515,299.9334424862106,42494,13807,148.0,0.3023323379032059,6.104590923774938,0.45204601618489465,428.0,0,0,39,0.7419193559568337,0.8142662280228231,0.8935467770943196,0.7637218092497785,38.658116549526646,78.3490253662053,High
SYN-0022,AREA-06,South Ward,Peripheral,REC-00269,2.5665506081057163,170.00393820789273,2562,19516,9.0,0.7631911549205171,12.98293565933715,0.7256351156066163,273.0,3,0,4,0.7284532724670172,0.43701483380073314,0.23088342113232008,0.9349267992576876,48.11246326432176,52.24496272709241,Medium
SYN-0022,AREA-07,North Estate,Residential,REC-00270,3.577458600343162,261.181486788473,4378,17493,16.0,0.6521290289577565,9.148387092050827,0.4940954358339582,94.0,2,3,6,0.4375004263901065,0.6711278172330198,0.6909153996720181,0.8499645609019539,41.29953973980899,57.76544701928595,Medium
SYN-0022,AREA-08,Canal Quarter,Peripheral,REC-00271,3.8948992689138615,322.6077734328535,4693,9070,21.0,0.31029126672120205,21.238397671567796,0.2292863437578494,92.0,0,0,2,0.5995622401850009,0.4562129133283492,0.5553198125085236,0.9179714056693362,77.53723974897652,52.13963087966266,Medium
SYN-0022,AREA-09,West Park,Residential,REC-00272,3.746436769044432,348.8019674824129,12436,12758,49.0,0.6912373600502939,9.43316609124972,0.42964440156477457,419.0,0,4,17,0.5841845558241825,0.7497603142391415,0.5146928746025478,0.705701809208661,43.18855471310246,60.95766832408778,Medium
SYN-0022,AREA-10,Lake Colony,Peripheral,REC-00273,4.447962187853335,327.37859024748053,64429,10291,253.0,0.16330992229366026,16.96558201774527,0.6071415154877798,401.0,2,5,101,0.8485538738718879,0.5456139338165353,0.8214603475840091,0.7363196651790939,76.15520631650074,93.18653834983202,Critical
SYN-0022,AREA-11,Industrial Ward,Central,REC-00274,4.091033471490112,320.60493194304007,42147,3914,145.0,0.45192608878121165,7.88552224386709,0.05622618200137605,291.0,2,5,22,0.5643857009926881,0.6310181026680746,0.7316372606134999,0.7919092939366055,48.70012878928148,62.81179517626985,Medium
SYN-0022,AREA-12,Outer Settlement,Peripheral,REC-00275,4.3499781049876685,319.74280245280454,51392,12131,210.0,0.11782653911336788,13.38166124629877,0.30631021948977033,175.0,3,7,54,0.8166079037404702,0.7415954164524554,0.14557970765921208,0.7285300902459536,69.43337577383545,67.99398313580299,Medium
SYN-0023,AREA-01,Central Market,Central,REC-00276,3.0404222148365436,244.19584258855508,20974,7785,64.0,0.795929200679053,5.677666859652212,0.4053965206779765,317.0,3,7,14,0.5762950156184189,0.8598270815002987,0.6019493280892834,0.8635880795364075,26.703126421456936,42.9858575473807,Medium
SYN-0023,AREA-02,Riverside,Peripheral,REC-00277,4.30937236734959,292.3590729744909,61097,15724,239.0,0.0790014510013401,21.117804402974294,0.28610962489508474,117.0,2,0,58,0.8158304200852139,0.561598974464016,0.49576034402710545,0.9000355385431953,94.61153071899028,84.36754283479667,High
SYN-0023,AREA-03,Old Town,Central,REC-00278,4.894269598720344,401.4780524378567,14932,17633,62.0,0.14194925262769287,4.34037023583444,0.4774870869721777,393.0,0,2,21,0.9111383654081358,0.5355035695089791,0.43079831440733407,0.7294719035755396,53.573642674789184,82.3222262930249,High
SYN-0023,AREA-04,East Gardens,Residential,REC-00279,2.815000424900021,209.2231351968339,58893,14183,158.0,0.5297343676666527,18.419208063926945,0.3523922428763931,184.0,0,1,46,0.6537650938792483,0.5427196962679398,0.127002387076723,0.6545724735112347,67.6967373639227,65.54733870598831,Medium
SYN-0023,AREA-05,Hill Junction,Residential,REC-00280,2.880963516049503,194.27901235949608,4424,3925,13.0,0.755343948714209,16.459486735120926,0.37161569360939734,201.0,0,2,3,0.47425545045576545,0.4277796547331565,0.8024751183021093,0.8623228833850141,49.81652242450325,47.9455933848612,Medium
SYN-0023,AREA-06,South Ward,Peripheral,REC-00281,4.659747509677337,319.80949491055986,3777,18390,21.0,0.342216734974639,30.765931214157348,0.6490155359179474,437.0,2,3,6,0.8402435340852102,0.9135410717511874,0.3616917688208542,0.9934047561181262,103.16381234740419,67.96424515892942,Medium
SYN-0023,AREA-07,North Estate,Residential,REC-00282,3.4380448512651025,283.42202256723317,7431,6975,22.0,0.5333197962103783,7.651559822058119,0.45631083629492003,392.0,2,6,4,0.4846215609433014,0.36624202016420265,0.8993287938582711,0.7645592527098897,44.999727125328526,52.2701103827538,Medium
SYN-0023,AREA-08,Canal Quarter,Peripheral,REC-00283,4.714177154274397,325.4546980400812,51990,9667,211.0,0.3422863437416598,13.830293660978322,0.22580216476171722,298.0,0,3,46,0.6699207911469581,0.7510338166505188,0.7520218090065728,0.8720120523273628,62.280003580294625,67.06464781514111,Medium
SYN-0023,AREA-09,West Park,Residential,REC-00284,3.2370914711074037,295.9114455002836,18593,12837,50.0,0.5329575470796256,2.585852507148358,0.17234550409690189,79.0,1,1,11,0.7512946993369995,0.5527114124092185,0.7422784293279306,0.6667820447513596,40.18651152588497,55.3009333299874,Medium
SYN-0023,AREA-10,Lake Colony,Peripheral,REC-00285,4.75515650163772,368.27187130332135,30696,11582,131.0,0.2649695432828787,17.349086256675143,0.4355891181638463,89.0,1,1,41,0.6950718291234377,0.7693754393216586,0.5739416348764502,0.8490809389401416,72.40832311228795,89.37392653780759,Critical
SYN-0023,AREA-11,Industrial Ward,Central,REC-00286,3.6963086940655128,306.1055193155769,31957,15517,92.0,0.6807239119095622,20.339836032313862,0.1624681306542474,257.0,1,6,19,0.6930088982452653,0.5577157677731692,0.7636967627937541,0.8460030923581878,64.35397219476363,61.29250750879042,Medium
SYN-0023,AREA-12,Outer Settlement,Peripheral,REC-00287,3.7977030992793073,274.28932176729603,51847,8598,179.0,0.3187273013163913,22.415111298965016,0.47052578309385745,106.0,0,1,71,0.6966756524874491,0.46441639240691546,0.3008273499642984,0.8485456349189626,76.06845821177895,75.7568685052838,High
SYN-0024,AREA-01,Central Market,Central,REC-00288,4.511302723879095,314.5912779450832,24295,13356,117.0,0.27645290416432194,21.129359204223974,0.34952932502704126,146.0,1,5,35,0.8928814946336551,0.5543196711565169,0.5740751276558145,0.8200080208433439,78.07251064210269,78.58866621127947,High
SYN-0024,AREA-02,Riverside,Peripheral,REC-00289,2.970111924587835,234.0450688298821,2919,15892,7.0,0.5206289362769418,29.19432498109393,0.2285843377468173,352.0,3,1,2,0.2960345762660831,0.3324839555171424,0.566733137897556,0.8076891204957858,91.44649818290483,47.956719762918894,Medium
SYN-0024,AREA-03,Old Town,Central,REC-00290,2.506630629803205,167.31638330308235,26654,10622,66.0,0.7379046287265374,8.974574454407051,0.3171727928624157,167.0,2,7,16,0.5247166107394095,0.49894889804720377,0.44471016866565183,0.9527227423790618,38.180437401216295,40.93250214701705,Medium
SYN-0024,AREA-04,East Gardens,Residential,REC-00291,2.9006769401204884,242.71633601658723,20512,14503,64.0,0.6071589568405651,10.196348081369027,0.14931213732572604,386.0,3,2,7,0.47648231591692447,0.4816054250334546,0.5534938438278003,0.6546424240558275,46.56716982933882,50.82589401359151,Medium
SYN-0024,AREA-05,Hill Junction,Residential,REC-00292,3.621395467057683,302.90852016751495,48179,17136,162.0,0.6134103922566483,7.286474326544147,0.1969632926576165,327.0,3,7,30,0.531576816960792,0.6000400285759309,0.7046713637337666,0.7811456360137984,39.587247776495445,61.38768685591326,Medium
SYN-0024,AREA-06,South Ward,Peripheral,REC-00293,2.00692104879876,149.68916176176333,49457,19119,105.0,0.5748799568201521,25.580105784099956,0.4357544528286404,73.0,0,6,19,0.30438874005521305,0.3760425812936379,0.2496592943078147,0.7958405217255028,77.92043745256079,52.0752205850126,Medium
SYN-0024,AREA-07,North Estate,Residential,REC-00294,3.769505028664069,305.71077214660255,8247,10718,33.0,0.4875748171370493,12.957199584834848,0.4414151074615897,54.0,1,4,6,0.7526633325555986,0.5846687868623422,0.8810252115168351,0.9400911137611403,53.71000258152438,72.29530076311752,High
SYN-0024,AREA-08,Canal Quarter,Peripheral,REC-00295,2.828511252448977,231.4927788020027,52063,19376,157.0,0.5289574105647763,11.331862760222297,0.240532503066349,160.0,2,3,36,0.5591674041538384,0.7111562079408487,0.475163449293475,0.7863791815363432,49.151933226066575,56.64618201083953,Medium
SYN-0024,AREA-09,West Park,Residential,REC-00296,4.177778435130023,345.04302966662635,6905,9448,37.0,0.4495943436462902,20.29219559573312,0.4411068586595617,,2,2,9,0.6809455908943437,0.46594632038004224,0.654278121387682,0.6812486288784555,71.13064154533976,76.51198432606006,High
SYN-0024,AREA-10,Lake Colony,Peripheral,REC-00297,1.3441200626227943,176.6760369001136,41232,11412,70.0,0.8854157867474707,26.495231575414913,0.46450096453350376,59.0,3,7,19,0.08732711474881882,0.47868336338638584,0.8252685892329347,0.6928878298539746,66.12373169572655,36.65235992676989,Low
SYN-0024,AREA-11,Industrial Ward,Central,REC-00298,2.6302756864598367,234.42030812364885,26830,3289,72.0,0.6761081538956627,20.592230976145213,0.3174436997797084,243.0,3,7,23,0.3101539294472426,0.7022844067493674,0.8748339201769321,0.6921165281268151,66.4515833858474,42.29396236201572,Medium
SYN-0024,AREA-12,Outer Settlement,Peripheral,REC-00299,1.91035378555589,162.48453977099177,21328,1246,51.0,0.5760822138316133,15.238633151299197,0.3400675649974808,90.0,1,6,7,0.4087559167836078,0.27496683677677136,0.5693165365358578,0.8613528673861586,59.57918543147919,41.95358511852628,Medium
SYN-0025,AREA-01,Central Market,Central,REC-00300,0.9115222926010241,135.42199648411258,32699,9280,36.0,0.935744683214778,16.812835692469832,0.3241332920273888,,2,6,15,0.0,0.31102748613874687,0.8675980392893455,0.8355491774448037,52.78421006988974,37.81177454809241,Low
SYN-0025,AREA-02,Riverside,Peripheral,REC-00301,1.7706385865793406,156.51079589878748,21897,11937,31.0,0.7531726987113074,23.31097663967927,0.2543087991923623,96.0,3,4,8,0.28092789250723976,0.49039177665070677,0.5606266445008752,0.7372630825281477,69.95801954295432,36.0165031048609,Low
SYN-0025,AREA-03,Old Town,Central,REC-00302,1.4291245653323823,124.92660139352532,52116,10026,86.0,0.8928308138357219,3.5868111521393904,0.2135288727196052,,2,4,13,0.5599160828409854,0.8996905423695603,0.3040560464867299,0.716128333502533,17.03027501751874,28.83403194703831,Low
SYN-0025,AREA-04,East Gardens,Residential,REC-00303,1.3698038105337742,110.74410564476128,62922,13146,105.0,0.894484375064829,6.450982548783382,0.44187143525507605,219.0,0,6,35,0.28344793569337384,0.1646423855179593,0.5412547805851803,0.9683421206137701,23.77326270477637,47.67542505526493,Medium
SYN-0025,AREA-05,Hill Junction,Residential,REC-00304,1.4451579685881375,136.86805724941414,53487,6058,95.0,0.6179118671759766,5.0270104141568925,0.33781453892329183,270.0,3,4,27,0.3299295659107568,0.17628557568823294,0.1945417368641217,0.8550811785687349,39.9901064701101,44.33454676138299,Medium
SYN-0025,AREA-06,South Ward,Peripheral,REC-00305,1.735216458188141,182.94368148228892,29950,1812,41.0,0.33796818183282096,13.220959608374052,0.47798617193464515,45.0,0,1,10,0.16187851040739742,0.7727146027976883,0.6806680767386898,0.9451684143143426,66.22369544724725,47.30729378643872,Medium
SYN-0025,AREA-07,North Estate,Residential,REC-00306,0.7656770321377,58.82450014655767,33955,14412,60.0,1.0,14.637111661561333,0.7703522521496339,367.0,2,0,24,0.0,0.4121072459406164,0.28756448754834607,0.7425934091853711,44.46994024417249,34.13212550918202,Low
SYN-0025,AREA-08,Canal Quarter,Peripheral,REC-00307,2.137985578411427,141.76443116941388,30445,4024,66.0,0.6333449125671361,28.187157546263986,0.3221944020112625,332.0,0,5,12,0.4518295741798039,0.2818511805163296,0.4321810408907245,0.8161395434281444,81.02047684252915,46.4274148276798,Medium
SYN-0025,AREA-09,West Park,Residential,REC-00308,2.1026386420005734,140.06271851189706,52096,6709,,0.7030413001260873,21.74526625422696,0.3704276274290865,250.0,1,7,37,0.3165575349993793,0.3727374820901537,0.4012072080503759,0.7399476450568558,64.06980034928368,61.250654439140696,Medium
SYN-0025,AREA-10,Lake Colony,Peripheral,REC-00309,1.880536215817067,192.8912940064794,37020,17413,68.0,0.7000424931192293,14.51559014622748,0.23531333247711905,205.0,3,7,11,0.4542572804238187,0.6436473196808802,0.2888068433763607,0.7058505158148828,52.74197445920143,38.7203825437004,Low
SYN-0025,AREA-11,Industrial Ward,Central,REC-00310,2.017732619893197,183.09964828126846,31757,751,75.0,0.948794625494862,15.158792843088063,0.5389991213253186,254.0,0,2,25,0.3534647584971417,0.26706377221812583,0.6760075654822708,0.7862176242051772,35.49497605551788,45.3466870144279,Medium
SYN-0025,AREA-12,Outer Settlement,Peripheral,REC-00311,1.8096402663391138,201.86083870234387,28093,8921,44.0,0.7962741026140933,11.644490581697527,0.37451511962598927,204.0,2,4,13,0.7283702453225347,0.43926306143806826,0.35518064614716827,0.6510883843343038,40.449470133537325,48.63239285303043,Medium
SYN-0026,AREA-01,Central Market,Central,REC-00312,3.9868823429559823,283.5774746471939,25940,12901,81.0,0.5573029407223973,6.019742341896662,,394.0,1,4,16,0.607802012655062,0.49744191817277095,0.8534429807341299,0.9614844789112649,49.54349807000348,50.65812829280395,Medium
SYN-0026,AREA-02,Riverside,Peripheral,REC-00313,2.2891483639291206,152.11342543173748,37041,18506,,0.4531121531100058,27.794925155740497,0.1762907716821311,434.0,0,3,16,0.4282205108242516,0.3290824087477399,0.10532127323641012,0.8074487329716455,85.81501032105042,56.01942932946726,Medium
SYN-0026,AREA-03,Old Town,Central,REC-00314,2.1131571261034674,224.06474570367686,45562,7183,118.0,0.6133431059891293,20.77191020397657,0.2542658148760954,225.0,2,4,18,0.25689537484008157,0.3593670351835512,0.46275947626450686,0.6932523019753581,66.93218317014924,57.98909237234032,Medium
SYN-0026,AREA-04,East Gardens,Residential,REC-00315,1.7560016364852262,132.0766372473814,29520,6794,49.0,0.4677912091279435,21.383829118243696,0.11663183091907754,175.0,1,5,10,0.4285165406924959,0.5049498930063681,0.4714422219754203,0.813446255259963,73.04020819073119,46.96352779677038,Medium
SYN-0026,AREA-05,Hill Junction,Residential,REC-00316,1.5330135643088592,159.92179356151541,52916,4440,107.0,0.8613997178629502,10.753834334971447,0.6378669892874947,,3,0,31,0.3203637479830575,0.37086647100883535,0.5676176848281717,0.9546829574585141,44.56569936308117,43.85350390225403,Medium
SYN-0026,AREA-06,South Ward,Peripheral,REC-00317,1.3632462706902682,88.5844355062441,54169,19621,91.0,0.8221807857987024,25.45203901418583,0.3635550459647796,56.0,1,1,25,0.12386492937199209,0.6023149060140789,0.19597946421348383,0.9850684857403595,62.09364553822747,37.36550912811304,Low
SYN-0026,AREA-07,North Estate,Residential,REC-00318,1.6477858501863938,152.52939085640187,29317,4780,51.0,0.9121313465168862,8.751697913693832,0.14946492541199166,264.0,2,1,8,0.24855678773745432,0.6573611776691802,0.7886527902023638,0.6506106774761746,34.39121917079913,33.53413561827615,Low
SYN-0026,AREA-08,Canal Quarter,Peripheral,REC-00319,2.3022793954494714,184.75410675366393,59315,13643,121.0,0.6387325411902871,24.721043375820592,0.3726795057413271,205.0,3,2,49,0.5603334053949751,0.6581491657804951,0.27765512315915897,0.9911494366132425,71.89429860287528,59.265323673723586,Medium
SYN-0026,AREA-09,West Park,Residential,REC-00320,2.6262598035693,167.98838614200187,13315,17436,26.0,0.6138356045130202,4.196012709068969,0.17100879418203455,275.0,1,5,3,0.5999150599062446,0.5347324278918761,0.40628534048957055,0.7632621681649691,30.58913026131017,53.448942791015874,Medium
SYN-0026,AREA-10,Lake Colony,Peripheral,REC-00321,2.399737347612858,252.74118248982035,60756,15103,151.0,0.4763234759049827,12.564455549659751,0.13765302641444635,231.0,1,2,27,0.24222874789026552,0.5581912909343295,0.551647674239653,0.8974499659402936,47.696174230160636,58.41118427663597,Medium
SYN-0026,AREA-11,Industrial Ward,Central,REC-00322,1.7463954788273581,126.86558850804188,20881,10585,44.0,0.656460857433278,21.66003632010689,0.2683398428121951,348.0,1,5,5,0.24714955589002835,0.3175865758662979,0.10378275130191544,0.9134688497056737,75.63395968913224,40.13671246782837,Medium
SYN-0026,AREA-12,Outer Settlement,Peripheral,REC-00323,3.078971351987099,212.07716657783752,37768,12193,109.0,0.4293330288219821,16.5420670387308,0.2399999704763621,232.0,0,0,29,0.743729502753486,0.9124722737083455,0.598078553073518,0.9672637830084384,69.52819380072177,56.21239007946259,Medium
SYN-0027,AREA-01,Central Market,Central,REC-00324,1.7281230209658491,132.6972858589409,20224,7109,47.0,0.6407236265972073,19.840538409347943,0.27315460563418476,134.0,3,4,6,0.27995916741094146,0.5503245604208186,0.2627303517921519,0.7934135104624213,57.41792152052002,35.55560746618582,Low
SYN-0027,AREA-02,Riverside,Peripheral,REC-00325,1.0088742371874775,40.20351512143513,30134,11103,35.0,0.9494720945947835,10.47732968146955,0.6397954546649472,230.0,0,5,12,0.20215640794382395,0.44393801907011876,0.7083716914424482,0.9182006466784118,26.679846001858063,40.627058982759635,Medium
SYN-0027,AREA-03,Old Town,Central,REC-00326,0.6142599673933214,70.11223706904696,23753,15278,22.0,0.7577190181970629,18.460922235320993,0.42469583734796085,367.0,3,6,7,0.23760849123142946,0.27107793275549064,0.330060398625018,0.8898345384468584,53.384348169255674,38.684565325747904,Low
SYN-0027,AREA-04,East Gardens,Residential,REC-00327,1.5753352197889308,122.77415194696043,46577,14674,78.0,0.7558066760028429,20.67041060270207,0.48531807078781514,177.0,2,5,24,0.11469646520901114,0.772731772362867,0.5811954106046254,0.7638896325858922,63.60502419710729,43.1007045202508,Medium
SYN-0027,AREA-05,Hill Junction,Residential,REC-00328,1.2869717531139746,153.42255896355005,7574,3655,14.0,0.5874777449523387,1.3265917364826025,0.3141285380000443,223.0,0,6,4,0.11373159249413467,0.3299904297198749,0.4998704475033344,0.9391502612625147,28.51250876397066,31.327928161332185,Low
SYN-0027,AREA-06,South Ward,Peripheral,REC-00329,0.05,52.72809720593948,54895,4403,40.0,0.9085865833557678,18.17449970596898,0.38190529375521026,263.0,0,6,2,0.0,0.529788593691051,0.8048898667023726,0.9621275470669882,45.43970580237764,35.765594871309474,Low
SYN-0027,AREA-07,North Estate,Residential,REC-00330,1.082208678337567,72.30945511687338,58990,14518,100.0,0.8482047398618849,17.973692016981996,0.08784974629492392,258.0,0,4,10,0.3369229474388912,0.4949169619049981,0.3847985607505179,0.8484023621163387,51.615362975232095,37.86931081915555,Low
SYN-0027,AREA-08,Canal Quarter,Peripheral,REC-00331,1.3462215327845959,107.90351861750334,37686,10002,68.0,0.6487141429734119,10.094059544148937,0.47715295913447336,396.0,3,5,15,0.358742097254375,0.5240721923778086,0.5019230332961825,0.9366891022381556,50.57905813641187,32.4456534479874,Low
SYN-0027,AREA-09,West Park,Residential,REC-00332,0.416837053934888,131.76606949076825,36704,9142,37.0,0.8297088205255092,7.402163416889826,0.5154300262618537,,0,1,22,0.16784480638493304,0.18981032789657254,0.5280981204285347,0.8686898728156891,34.59105002041494,34.153233296158334,Low
SYN-0027,AREA-10,Lake Colony,Peripheral,REC-00333,1.2884675973950455,96.39404282229839,46248,19026,67.0,0.6999099566352076,15.422740162976652,0.41424360162069873,186.0,3,6,16,0.2100454057253486,0.18525289508534504,0.18860635954148652,0.9261937134443297,43.81696263001525,44.70882190543458,Medium
SYN-0027,AREA-11,Industrial Ward,Central,REC-00334,0.05,67.95614151612685,14942,3651,13.0,0.9276646931982915,3.8081594443245095,0.7279274727337194,307.0,0,1,5,0.15588170185489658,0.631905571288794,0.5344619994229757,0.866353854196143,15.249747460431633,22.939403642760627,Low
SYN-0027,AREA-12,Outer Settlement,Peripheral,REC-00335,2.2055417631348275,162.95711604129306,49358,17943,132.0,0.5548000064371238,11.847391441505609,0.4169071542232956,259.0,2,1,46,0.3612728661552074,0.9229607090960527,0.4912994759016017,0.8925464841497809,50.84839429998587,57.81354040219245,Medium
SYN-0028,AREA-01,Central Market,Central,REC-00336,2.4542566201227585,169.43534650713673,16167,11070,48.0,0.8912956734129729,6.2284058371144795,0.47829345552958374,321.0,2,0,13,0.4903989315051487,0.49245681626050203,0.23678535715154034,0.6631518112679647,27.474912473497366,45.82027825870108,Medium
SYN-0028,AREA-02,Riverside,Peripheral,REC-00337,1.2538827646328412,105.24630333211707,44774,18662,77.0,0.7251176788585105,14.198861246486747,0.32104067747172516,387.0,2,0,13,0.33042513781949284,0.3041148951896522,0.5973795097565159,0.6837293223766356,55.937998671897866,36.18665879049677,Low
SYN-0028,AREA-03,Old Town,Central,REC-00338,1.7466601023464716,197.6448047128133,21598,10171,41.0,0.819411650628378,21.462468401830225,0.20310383578809116,387.0,1,6,12,0.5067284251590228,0.5619563409556698,0.5091486627999008,0.7947127225660784,60.09788964036559,36.051158141341034,Low
SYN-0028,AREA-04,East Gardens,Residential,REC-00339,0.05,0.0,49133,16120,39.0,0.9372642269183407,1.4641484841882617,0.17742168707035771,203.0,0,2,8,0.01357438318351413,0.3860085706085443,0.21293339585366536,0.9262837985512893,18.133775629993576,24.059044539924862,Low
SYN-0028,AREA-05,Hill Junction,Residential,REC-00340,0.5308185038629467,94.2005228690368,51941,4967,,0.831553148298216,3.7198344401719203,0.16267262528840168,434.0,1,1,15,0.056956524130254364,0.6408973721196346,0.6025657918244194,0.6722888849308547,13.241582646988391,18.576195540269005,Low
SYN-0028,AREA-06,South Ward,Peripheral,REC-00341,1.220873495953509,155.93991508665653,15540,15799,26.0,0.706322784952671,26.95003804673183,0.6248910498918533,95.0,0,1,10,0.37088795952685544,0.23914810412451526,0.4757337234080814,0.6547823232557117,73.65944941741175,41.26774398052556,Medium
SYN-0028,AREA-07,North Estate,Residential,REC-00342,0.5981902149337256,62.322859542692925,41089,4573,43.0,1.0,17.012341107309474,0.08612659518326854,328.0,3,4,10,0.2763206785975224,0.35275823993956135,0.8243643639685427,0.726326286486731,47.5190631588829,31.47604424416638,Low
SYN-0028,AREA-08,Canal Quarter,Peripheral,REC-00343,2.02741381817974,201.6925602348743,33648,18555,70.0,0.5616707420675612,19.833310293270568,0.2624467474094666,217.0,0,6,17,0.2846973639431188,0.41713125196980966,0.5308920593217609,0.9511152068498823,76.64228463753338,40.26651258913319,Medium
SYN-0028,AREA-09,West Park,Residential,REC-00344,3.0537338566736083,263.7345005420209,20877,11784,70.0,0.6158497964694735,9.090799302259342,0.656460370922434,221.0,2,0,22,0.38835159495522287,0.30324929539106704,0.2949184523842224,0.9605057735722398,36.849387417693286,56.203204815319864,Medium
SYN-0028,AREA-10,Lake Colony,Peripheral,REC-00345,0.5146048565317715,49.25207576770087,39266,15414,40.0,0.7085474982746871,17.27332029829524,0.5656017541758375,246.0,2,3,13,0.24405161202856201,0.1496692361712359,0.6926971117407607,0.753031940599915,55.34656340624678,30.495525762476497,Low
SYN-0028,AREA-11,Industrial Ward,Central,REC-00346,0.7859259088070588,62.591004373866944,64541,18343,72.0,0.5593377281588017,21.443124386166254,0.2278442274522206,316.0,1,3,12,0.0,0.2541790880722016,0.4390794310522763,0.8886343778512157,61.70461719390977,32.547870336871206,Low
SYN-0028,AREA-12,Outer Settlement,Peripheral,REC-00347,1.6442553267231572,142.25777957109057,2654,2268,3.0,0.5550244944269592,28.2072302550753,0.45059567319647087,396.0,0,7,1,0.08290638302886133,0.6497934159517473,0.7677257202867381,0.8961918836484607,83.19415046566456,32.730918029733985,Low
SYN-0029,AREA-01,Central Market,Central,REC-00348,4.27290439367039,320.98391086566926,62304,7066,220.0,0.6874785281685967,6.496986243787475,0.24661411086829255,155.0,2,0,43,0.6919553185013532,0.622858235267126,0.46039722844238695,0.650325496195183,40.70323546914588,70.35162365389776,High
SYN-0029,AREA-02,Riverside,Peripheral,REC-00349,2.006112024838771,159.3049824953856,55997,11731,115.0,0.670591151889544,19.68380351602346,0.5732949699444688,389.0,2,0,26,0.34664477002729366,0.632950057104338,0.268651660234023,0.7809438685083682,67.15960284903956,48.59187312242483,Medium
SYN-0029,AREA-03,Old Town,Central,REC-00350,3.1832403727162473,263.86203788860496,35585,809,106.0,0.7512572519461396,16.664999797575785,0.16285721054591248,393.0,1,1,19,0.4033458021661106,0.6046076908762958,0.4987732672972518,0.7025313030936722,53.03587796400661,51.59915074915792,Medium
SYN-0029,AREA-04,East Gardens,Residential,REC-00351,4.441050555521181,305.4548345797986,40626,1247,131.0,0.33652625403519754,18.321155967249382,0.14303093642527537,355.0,2,7,25,0.766798813192125,0.95,0.18265758037816893,0.7711563250832687,71.88915512027151,75.41509879509783,High
SYN-0029,AREA-05,Hill Junction,Residential,REC-00352,1.6626041563272798,120.72057994202679,25574,13388,48.0,0.4844156856633815,3.5616379362514783,0.211451789382783,328.0,2,0,12,0.3090771033575909,0.14956787383736153,0.41551355865435147,0.742826088023204,50.750711142436074,44.09030726264016,Medium
SYN-0029,AREA-06,South Ward,Peripheral,REC-00353,1.959156109394028,167.4636076488936,10571,3965,26.0,0.47267306426934264,30.072076975314054,0.6129839233931644,196.0,3,5,8,0.2688794709458245,0.28237825905592295,0.5524697158708637,0.6767004132789127,90.14797222256051,60.81578585602678,Medium
SYN-0029,AREA-07,North Estate,Residential,REC-00354,2.645126189702023,218.7877613922204,38217,10189,119.0,0.677325304767017,18.206535958018943,0.09658956805426615,145.0,1,3,21,0.68487006645048,0.7657688627873404,0.5938423126181621,0.9951119151197287,56.56540667945447,46.861078739313854,Medium
SYN-0029,AREA-08,Canal Quarter,Peripheral,REC-00355,2.5675407445863647,246.24793960118996,53522,13728,130.0,0.5490579590702829,20.57453288809971,0.5604105279824959,153.0,3,6,45,0.47949480263193733,0.5234710978868953,0.4010168043496616,0.8254020551861063,66.36759837611346,60.63773248836849,Medium
SYN-0029,AREA-09,West Park,Residential,REC-00356,3.6340925050736095,289.8458418699507,16944,15673,55.0,0.48997619370030715,11.512942422372197,0.2648144536069057,202.0,1,1,16,0.741100768561549,0.7268678271764042,0.22514629873065797,0.7007569950445564,46.082970169305824,60.70335203379988,Medium
SYN-0029,AREA-10,Lake Colony,Peripheral,REC-00357,3.177339250727364,267.8095437078009,47316,18480,139.0,0.3715426234058108,20.6489617405615,0.29823902640163263,220.0,2,3,35,0.3548109831475753,0.5820516078199587,0.3561142744440762,0.7320399011306751,78.6265778477558,60.0190587694584,Medium
SYN-0029,AREA-11,Industrial Ward,Central,REC-00358,1.564041827156991,131.3122274643722,49253,932,96.0,0.8938000266144106,18.131500008176104,0.5068537372693329,128.0,1,3,27,0.08489262036543299,0.5467419525481128,0.507128799885011,0.662878455724312,53.749494524147416,43.29321213836502,Medium
SYN-0029,AREA-12,Outer Settlement,Peripheral,REC-00359,3.3963397971913425,250.61472344909504,49893,780,149.0,0.3443508275130966,21.475424897640167,0.25862175174876045,171.0,1,2,36,0.621264146143095,0.6751255912664405,0.5369390843339082,0.7550241571996292,82.23941922610994,56.678980969042854,Medium
SYN-0030,AREA-01,Central Market,Central,REC-00360,2.700331520689071,196.45504996987435,23750,1401,61.0,0.658891611523054,18.063526583564556,0.447251206434791,137.0,2,2,18,0.6726381761786112,0.6262807146933445,0.7728899301854681,0.6725471013102727,63.63866928867097,53.59335310332247,Medium
SYN-0030,AREA-02,Riverside,Peripheral,REC-00361,4.181920404126583,317.308953583981,27002,15248,,0.3179705232261908,28.134277321301937,0.5432678073316002,441.0,3,5,32,0.5757944405444113,0.48159938631945637,0.14251909219822895,0.7366494659220721,90.56410051874741,81.51754476467256,High
SYN-0030,AREA-03,Old Town,Central,REC-00362,2.6602926014240555,217.28661757985753,28513,2101,74.0,0.5833387425971668,15.75203113256183,0.2748715025122262,250.0,1,1,12,0.4605872978174964,0.30503356142216437,0.5290278984517934,0.8023722525681636,57.34101637174505,63.06615234455358,Medium
SYN-0030,AREA-04,East Gardens,Residential,REC-00363,2.6530704040918027,215.3547714405296,55887,9412,152.0,0.5228146173024,1.984388816513965,,74.0,0,7,77,0.293966851318409,0.3244660209734943,0.24821351508743536,0.8850850496153126,38.808214498746985,74.79914542320233,High
SYN-0030,AREA-05,Hill Junction,Residential,REC-00364,3.595267919217217,267.6142739914816,58778,775,188.0,0.4453828809028343,10.4047483471528,0.10992062878190617,239.0,1,7,27,0.5129766079637778,0.7942322539019077,0.8067156022848286,0.9413827264060228,50.63625650805451,61.9129242145454,Medium
SYN-0030,AREA-06,South Ward,Peripheral,REC-00365,3.7727038164431406,283.9466124928013,28376,16544,88.0,0.5766560796216899,15.368507294184079,0.2823079373897209,247.0,0,0,22,0.6519573276641752,0.8192008245247733,0.6484916570230225,0.6692830461716893,54.85415745400074,64.60025991079243,Medium
SYN-0030,AREA-07,North Estate,Residential,REC-00366,3.5208421217225543,318.5604596531964,63123,16412,212.0,0.6405758465507838,1.9130130655679727,0.37285644307422533,221.0,2,7,55,0.527693674683561,0.8931434534731124,0.31649449772380606,0.736318434639001,33.169949215827515,65.99388597761165,Medium
SYN-0030,AREA-08,Canal Quarter,Peripheral,REC-00367,1.8138847766657449,166.1323709210533,38156,12854,81.0,0.7485027790206331,23.62044864946068,0.6206207047650334,197.0,2,4,27,0.14565126106392973,0.42474107521233484,0.5648912435652761,0.697474109998114,63.312972517084056,47.227551531135475,Medium
SYN-0030,AREA-09,West Park,Residential,REC-00368,3.5927901825161923,291.0337764547591,26566,19461,86.0,0.4026337296347553,11.769495230749847,0.6097752021107155,259.0,1,7,30,0.4394482408789484,0.7775984688572426,0.792604319109498,0.7718358508994716,51.704309615149185,61.50496173981126,Medium
SYN-0030,AREA-10,Lake Colony,Peripheral,REC-00369,2.334916189234072,205.835685580803,2540,11956,7.0,0.38058902075120316,11.28330763614927,0.6366388820992349,356.0,3,1,3,0.16283172626997,0.95,0.21646313515390248,0.7117136432474434,52.08692262846293,44.120130928756055,Medium
SYN-0030,AREA-11,Industrial Ward,Central,REC-00370,3.350583519844202,252.5611744626656,40692,13878,126.0,0.6624976131128462,14.057789101706916,0.39200861055676794,343.0,0,6,35,0.6156206430264511,0.95,0.35395424152959476,0.7323195167683667,65.12039523886749,60.16044001713121,Medium
SYN-0030,AREA-12,Outer Settlement,Peripheral,REC-00371,2.0233750822543435,187.62566806204728,42804,8808,93.0,0.7052995597383853,13.991150403969538,0.6575129295220442,284.0,0,3,35,0.40893890342746053,0.3465324937950099,0.48242260303552464,0.9711241080514855,54.79642942780609,60.252683866872076,Medium
SYN-0031,AREA-01,Central Market,Central,REC-00372,4.163160844769318,311.2297813202752,63023,19621,264.0,0.4336273589342017,20.68237440093201,0.07417878511742503,339.0,2,3,32,0.7649665531805726,0.5460007999914843,0.29910450007050793,0.8744960346580639,77.12136198500484,60.29808376602081,Medium
SYN-0031,AREA-02,Riverside,Peripheral,REC-00373,3.160824003288969,207.9448497450972,47385,7291,124.0,0.393019853029529,24.639711739295333,0.2650143420652131,64.0,3,4,34,0.4177029048043324,0.4875725921140232,0.20673874476642828,0.9532754409484374,78.8581986088523,62.513486919185226,Medium
SYN-0031,AREA-03,Old Town,Central,REC-00374,2.7799954065264494,203.2805314276282,4354,5216,5.0,0.43512728457809335,1.078783877723458,0.09153316617373326,61.0,0,6,2,0.58404672262331,0.3395105651787177,0.2527791091201255,0.8402274406913638,37.24049604129603,51.28931497703951,Medium
SYN-0031,AREA-04,East Gardens,Residential,REC-00375,4.377159235920787,384.3202192144631,37944,10304,149.0,0.49128576029651005,19.29955825286258,0.2911260318858003,316.0,1,1,37,0.8143399794214341,0.635235345424749,0.36543681401510164,0.9369255409328543,77.4152969159897,77.6105032545383,High
SYN-0031,AREA-05,Hill Junction,Residential,REC-00376,3.9994187440762676,334.9669744029078,48923,3927,164.0,0.5824175896252317,2.36643811133378,0.3684860627886337,204.0,2,0,42,0.6674451194767776,0.5490667029938037,0.7077984099811522,0.7723906483903353,33.23836941606366,65.84010284521669,Medium
SYN-0031,AREA-06,South Ward,Peripheral,REC-00377,3.3149216856205492,246.50395766760877,33534,13615,119.0,0.33441987259417966,10.243652207119537,0.24067054842453323,241.0,2,0,20,0.533667498412315,0.4768138606447371,0.8863087842123181,0.7355594773919046,51.57839163876661,54.87979149083859,Medium
SYN-0031,AREA-07,North Estate,Residential,REC-00378,4.967046205951718,383.1058400906677,29334,11945,,0.21310157907800475,9.2997377262989,0.3804895638539201,373.0,3,7,39,0.74994717804097,0.95,0.2723158128941505,0.8420798704935812,62.7445908875172,78.80252497244412,High
SYN-0031,AREA-08,Canal Quarter,Peripheral,REC-00379,3.453581189479073,271.0434997815811,53121,7886,148.0,0.5454260644739861,13.269726357403332,0.3851773288276895,292.0,2,0,37,0.5986562849846258,0.5376603713941837,0.7506475299504167,0.9797501738781322,53.91962273142366,71.16570626068791,High
SYN-0031,AREA-09,West Park,Residential,REC-00380,3.8317892659116146,341.3495628622299,40710,870,156.0,0.38652576722515614,18.175566517849475,0.2640930356911523,271.0,3,0,37,0.8327012809567622,0.95,0.4566121737749983,0.9422678030330722,71.57413430026831,70.83849385293507,High
SYN-0031,AREA-10,Lake Colony,Peripheral,REC-00381,4.021233884877748,297.4925453160846,45085,10015,166.0,0.5305144810598811,29.838317685458783,0.4453540995097456,77.0,2,0,48,0.8067484413536062,0.6626203434106616,0.19396532778684306,0.7350997467143543,83.62535262103395,77.13242663143122,High
SYN-0031,AREA-11,Industrial Ward,Central,REC-00382,3.310370379431976,261.9083006342237,31506,10896,90.0,0.5234619359356382,17.45172732626816,,432.0,0,2,25,0.5209831457365067,0.6276628814926182,0.5784584615201761,0.9841524924304395,60.1546188795401,62.97600770865237,Medium
SYN-0031,AREA-12,Outer Settlement,Peripheral,REC-00383,4.18301216145481,287.98378099532204,19879,12121,74.0,0.24799089257232854,17.732297578864227,0.37480331563141855,249.0,3,0,22,0.7618032689887249,0.7101142407619068,0.4129431497397781,0.8337468994223938,73.18017585976186,72.6767738101081,High
SYN-0032,AREA-01,Central Market,Central,REC-00384,1.5248734072874794,135.08484847219484,34943,1366,59.0,0.7919306831253604,7.134796709120809,0.07953265942167813,191.0,1,3,11,0.12197396193863563,0.41945577047631916,0.34583829059408433,0.7973299035796864,28.702106488354083,36.75850430403766,Low
SYN-0032,AREA-02,Riverside,Peripheral,REC-00385,1.6223246272462917,63.21619878721192,62442,558,116.0,0.6064787440618368,17.195372807883867,0.23160598689562512,256.0,1,1,28,0.3579954991630061,0.3176164051211311,0.3971415256936729,0.7508599170321201,59.836280307483015,52.306181902564134,Medium
SYN-0032,AREA-03,Old Town,Central,REC-00386,3.041749396861932,245.50494061702113,40166,15711,117.0,0.7093005708010514,2.818127811507535,0.07472368683873247,433.0,2,2,24,0.40725537569047854,0.4226001433030882,0.5093442169608282,0.869493224703636,23.8449553321612,49.787870825345706,Medium
SYN-0032,AREA-04,East Gardens,Residential,REC-00387,1.1191664430093127,142.85160715011293,46704,4671,70.0,0.9496139147277427,19.975598954580924,0.15738042016472356,99.0,2,3,11,0.2693584078548729,0.25159674387176817,0.4990904876605562,0.8525988090921315,60.150533447841,31.03283640792805,Low
SYN-0032,AREA-05,Hill Junction,Residential,REC-00388,0.05,94.01699362787849,10258,17947,5.0,1.0,6.1249974917012455,0.4323047204188884,88.0,2,3,1,0.3646219961902616,0.6848178762697739,0.4169167192035461,0.938755045104128,24.708163922226888,22.307552394219044,Low
SYN-0032,AREA-06,South Ward,Peripheral,REC-00389,3.240384881028775,265.05418653255674,64246,4095,197.0,0.44848848553925896,15.253804411520484,0.26494137131327455,292.0,2,3,42,0.4716626549588737,0.4256657036784477,0.18636440769122073,0.9701697809866099,66.3589286059748,63.1076856624561,Medium
SYN-0032,AREA-07,North Estate,Residential,REC-00390,3.991097647104861,288.45956630830244,17793,7623,63.0,0.3864837896083158,16.033419602404276,0.21184985038128978,378.0,2,0,13,1.0,0.95,0.5137308341406137,0.911262034406241,65.91226575923072,54.551545895212016,Medium
SYN-0032,AREA-08,Canal Quarter,Peripheral,REC-00391,1.6274198726597935,121.13901203953849,63203,17530,119.0,0.651073536936301,22.972275519670916,0.4567718758144184,412.0,3,0,36,0.3301129039772563,0.7467241576774862,0.8188589615113169,0.7147494708640915,59.875398985441294,55.97591148071306,Medium
SYN-0032,AREA-09,West Park,Residential,REC-00392,0.40216485252311074,51.88144689009343,30360,2901,30.0,0.8926133056583316,21.135831886855975,0.2704768080250324,,0,6,8,0.0,0.4042713408265387,0.41665653213608034,0.6963610001679372,60.76385745665867,26.955346888235805,Low
SYN-0032,AREA-10,Lake Colony,Peripheral,REC-00393,1.703248104062504,102.7564966642829,59931,18041,116.0,0.8175368470132046,30.606735697865265,0.3096865893069858,50.0,3,0,24,0.1884199440022875,0.28041977308743804,0.5334291532757844,0.8376233743769439,77.96402193233237,48.42042827932836,Medium
SYN-0032,AREA-11,Industrial Ward,Central,REC-00394,1.7226569251467239,144.4177599748413,58238,851,123.0,0.8791008773352907,9.762926217383187,0.3529471268975599,275.0,2,3,30,0.5709041604662608,0.3375063024133759,0.6075086200418324,0.7037578689367918,36.44444863616464,47.62064773796953,Medium
SYN-0032,AREA-12,Outer Settlement,Peripheral,REC-00395,1.7996962122014535,120.21096407320906,49710,4005,105.0,0.6170597622689313,29.339438248512604,0.4495504097247852,143.0,1,2,22,0.3591080108646141,0.4043462626455502,0.44286201922956536,0.8659869516884264,83.64002471621514,56.07446953121977,Medium
SYN-0033,AREA-01,Central Market,Central,REC-00396,1.1899181169032924,99.42788529870973,59775,6291,120.0,0.7222344688209865,21.057831755177727,0.4415821005059132,96.0,1,0,30,0.1303813434106481,0.5673094710114365,0.7360073003772752,0.706579193880754,52.093001719677616,36.095758008829655,Low
SYN-0033,AREA-02,Riverside,Peripheral,REC-00397,2.544277464421953,199.24779332035084,40589,14112,92.0,0.7087019175653847,27.978562379088327,0.29749473882379596,174.0,0,0,22,0.399630970745177,0.6412033813792357,0.12705983349062128,0.7312855346952365,75.45703087076619,52.41800406136861,Medium
SYN-0033,AREA-03,Old Town,Central,REC-00398,2.50023445066964,212.39633345086597,55548,11927,141.0,0.6663692731715664,20.582956680863113,0.19190530472598955,431.0,1,0,25,0.4683988351033477,0.23859121411373854,0.19402253893767193,0.6793008906900863,60.37917053712817,56.82019584200168,Medium
SYN-0033,AREA-04,East Gardens,Residential,REC-00399,0.8851040545853259,47.99790186330348,13260,8623,19.0,0.8604653371344463,13.599848864481984,0.2682028570080314,263.0,3,1,3,0.14647086140532378,0.3138747193922138,0.12179080910027854,0.9429839432761439,43.81919827161453,30.449874602363995,Low
SYN-0033,AREA-05,Hill Junction,Residential,REC-00400,2.6399859357966813,201.30574084038975,6892,11437,20.0,0.8163602953547395,3.400833524999165,0.16155887977265398,123.0,3,6,2,0.4815055535190139,0.43478328454093673,0.8507045877799767,0.8563430087955055,26.43839863136009,32.38914799756702,Low
SYN-0033,AREA-06,South Ward,Peripheral,REC-00401,3.7227765359974843,302.5611368930979,36459,11189,134.0,0.29761742735498403,28.051064107319796,0.1527734952371683,343.0,0,0,20,0.8332960635980938,0.5165385129009851,0.17765577394985232,0.7712669484745848,104.9708573371707,71.84460630068517,High
SYN-0033,AREA-07,North Estate,Residential,REC-00402,2.218196816390419,226.1752514142114,53115,15976,120.0,0.651181217545797,7.458513201344624,0.34164940882835537,448.0,2,6,22,0.23434298965088207,0.7549503452989716,0.7482109867985247,0.788838407239761,41.20343892177842,45.16540715691558,Medium
SYN-0033,AREA-08,Canal Quarter,Peripheral,REC-00403,1.8107684207859662,155.4699064651062,50336,8500,97.0,0.598801347284873,29.427912923575583,0.6508424691555291,311.0,1,0,39,0.37915037612933034,0.45663646947116987,0.17626286156672402,0.6971349795266043,82.10178876672862,53.700155014475605,Medium
SYN-0033,AREA-09,West Park,Residential,REC-00404,1.9670259789147542,233.7725260734547,35493,18624,73.0,0.5666280623549135,11.90404623157265,0.24421410689641113,215.0,0,1,13,0.3190899505906033,0.26300287189225974,0.4505891816234463,0.9467824892658429,49.02829675043624,38.83702292824947,Low
SYN-0033,AREA-10,Lake Colony,Peripheral,REC-00405,2.5728339640156204,228.24294158260096,35053,9636,94.0,0.5576914888889268,20.28396511534177,0.3738987621438153,229.0,2,5,27,0.3689202191422242,0.685870965904709,0.5349822371932554,0.7567810079358855,70.83866513489515,64.82669646208828,Medium
SYN-0033,AREA-11,Industrial Ward,Central,REC-00406,0.6960912660349965,87.09607872328709,40615,16978,54.0,0.8110658533936863,18.45755431924106,0.17336660711547372,176.0,0,7,11,0.24467611114062582,0.3600597369742662,0.7307939848605225,0.6749398666776818,58.69686860516064,30.717139322359817,Low
SYN-0033,AREA-12,Outer Settlement,Peripheral,REC-00407,2.212141112822613,221.09191331470166,56764,13954,128.0,0.5018136363274994,18.153591408665143,0.6289116578521857,433.0,0,1,47,0.1933191093082703,0.7856589763615066,0.224915657147017,0.7757047779336581,60.005905568424325,58.06545728640664,Medium
SYN-0034,AREA-01,Central Market,Central,REC-00408,2.0546451350168367,158.3391621382686,55113,8393,118.0,0.6278174235694431,3.2306354636543304,,152.0,1,5,10,0.05846885285834741,0.541083819780414,0.6199357802530159,0.7350656591453671,30.111943095340003,34.63256298195894,Low
SYN-0034,AREA-02,Riverside,Peripheral,REC-00409,3.8452763049519216,258.50691024405864,9353,6152,24.0,0.27121289291025763,26.45850992101992,0.602008178105232,180.0,3,3,15,0.6678233459301117,0.6409312888754398,0.7947789141775953,0.7926553393719433,91.29461972064692,61.852126155652265,Medium
SYN-0034,AREA-03,Old Town,Central,REC-00410,2.2276781075431185,212.66524529567818,39733,10339,87.0,0.5874553292620657,7.102748290350389,0.47805274017478283,79.0,0,6,20,0.3546981158057722,0.3403789595473439,0.8589035095953282,0.9510994629798699,32.62972262221567,57.120670489050504,Medium
SYN-0034,AREA-04,East Gardens,Residential,REC-00411,3.7013263834827006,296.5062923957339,26308,911,,0.5114800076268184,18.764080172752774,0.2592399565455306,361.0,1,6,20,0.4545460605228552,0.8595604253304363,0.8866960228364859,0.9107158819338742,70.66982892539826,52.85717844214006,Medium
SYN-0034,AREA-05,Hill Junction,Residential,REC-00412,1.484023736361479,167.78860068390355,52463,7079,93.0,0.7735655058111072,20.232094449514204,0.17102261383279943,211.0,3,5,23,0.04207098985137578,0.5240112388837214,0.8417879175830706,0.7352773309894635,60.647105032371364,44.722196915911,Medium
SYN-0034,AREA-06,South Ward,Peripheral,REC-00413,2.8368236280293186,255.02775728318167,34122,10300,93.0,0.4886056686608693,18.230167205199525,0.528892327370986,378.0,1,0,29,0.7044799433251431,0.4741936678392868,0.3782446096762151,0.7624864555052528,65.9341108322213,72.88981066917694,High
SYN-0034,AREA-07,North Estate,Residential,REC-00414,2.622536505620068,270.7741679626494,64458,7642,183.0,0.915299458388668,15.078674577129666,0.3993375817450201,100.0,1,2,58,0.4926511993585062,0.5688564141538484,0.2574038822842535,0.8015795546263573,44.76259961128725,54.319654971959324,Medium
SYN-0034,AREA-08,Canal Quarter,Peripheral,REC-00415,1.6717784962952589,105.12252201919246,29520,2412,63.0,0.6272836687867601,10.369715094776751,0.4219474031370182,81.0,2,2,27,0.2809872361511567,0.17020019919496754,0.43773699980089376,0.7065178251033994,48.91477114110153,44.72717454410978,Medium
SYN-0034,AREA-09,West Park,Residential,REC-00416,2.5089331862966375,192.4457791706098,44944,12085,113.0,0.7213430685868347,17.674400293836904,0.06939260134996911,217.0,0,5,15,0.6815849201245725,0.47542621895801185,0.27064978343402935,0.7497525115210246,66.16514658974222,37.85500108175801,Low
SYN-0034,AREA-10,Lake Colony,Peripheral,REC-00417,3.3370313640523652,248.27067553164858,9286,19163,29.0,0.49906556095298626,19.64668776760622,0.6753630846893428,57.0,0,5,8,0.6788193931765956,0.7365090995191796,0.8424531739799508,0.7579539879722234,72.60480918848776,53.04437383832926,Medium
SYN-0034,AREA-11,Industrial Ward,Central,REC-00418,2.1079829311578044,212.02017220587197,60772,8953,121.0,0.6973395947141944,6.551551314583939,0.22757872175049712,318.0,1,4,15,0.5636437009911254,0.521941832649712,0.4678353382358156,0.7161063238509444,29.484413193240464,51.80144980344928,Medium
SYN-0034,AREA-12,Outer Settlement,Peripheral,REC-00419,1.0134461752512742,117.05637435711687,12095,7170,14.0,0.7709734312502262,28.380894848058016,0.46777939991484185,444.0,2,1,2,0.027313224501229805,0.435308069335181,0.34787975541824434,0.7456927509016044,90.02310687402503,38.7417673240541,Low
SYN-0035,AREA-01,Central Market,Central,REC-00420,1.5435219665716287,175.4466384249933,26148,14169,46.0,0.786390707511463,9.595164747597087,,431.0,0,1,4,0.11116655028030928,0.5165335562432889,0.836030747847413,0.7986342467617129,32.12284647303279,27.059985308938035,Low
SYN-0035,AREA-02,Riverside,Peripheral,REC-00421,0.8356337519195753,102.81035357153698,54851,908,73.0,0.7873182822166368,27.291674460163097,0.18328366754056738,186.0,0,4,17,0.21332132020051783,0.5521075116132721,0.33906275673873304,0.9467283314137712,75.0392020412443,31.135983644796873,Low
SYN-0035,AREA-03,Old Town,Central,REC-00422,1.2836994768224796,122.88614862595645,62963,18026,81.0,0.7499000585230764,9.831847968343272,0.0854846359312639,140.0,0,7,15,0.26368981897524124,0.5033655782793759,0.49737934605105993,0.8879938033712149,38.633254239614914,28.40192386982458,Low
SYN-0035,AREA-04,East Gardens,Residential,REC-00423,1.4923020120054886,157.42114559705055,32774,9868,59.0,0.7317723611696527,20.93961699598194,0.35897552352837947,314.0,2,5,15,0.39867644628009974,0.49776964409295943,0.46685887368117573,0.6734384682725355,62.01587022900632,36.75338301835061,Low
SYN-0035,AREA-05,Hill Junction,Residential,REC-00424,0.19305045494117157,60.38682831695607,32795,15308,32.0,0.9750036067022052,15.078432360925847,0.4906340491163018,97.0,2,1,7,0.0,0.31651752822902524,0.7707673763244783,0.827930497404,43.05264921728005,33.601697033134606,Low
SYN-0035,AREA-06,South Ward,Peripheral,REC-00425,0.2650455562970431,68.92068591040548,5545,6771,6.0,0.6062651848562948,24.01110774011598,0.18194718390563383,51.0,1,7,0,0.12860594929943783,0.23772193150312193,0.4878441356352182,0.7321927722779112,76.04692322149008,23.74997424488466,Low
SYN-0035,AREA-07,North Estate,Residential,REC-00426,1.9432256961740058,185.86641735792398,63679,4498,162.0,0.9074771373074781,3.5991528394749377,0.2864324714822189,234.0,0,2,42,0.44258318537276964,0.7427965904425782,0.3816819015887174,0.6504443498065186,27.801146950052466,36.54351616114613,Low
SYN-0035,AREA-08,Canal Quarter,Peripheral,REC-00427,1.1393972708178413,127.07322326575135,3530,13880,4.0,0.9797873442453977,25.697797860670786,0.6457219338524263,353.0,3,7,2,0.30224019315367334,0.35299203033321386,0.19948716653287707,0.8479140739205047,58.91288998852021,37.24033879376102,Low
SYN-0035,AREA-09,West Park,Residential,REC-00428,0.05,72.73230256550312,4130,6157,1.0,1.0,11.925014727809552,0.04,385.0,2,6,2,0.0,0.1853940026790688,0.5315601563389956,0.7196896433751448,35.848564329945,23.188062463948597,Low
SYN-0035,AREA-10,Lake Colony,Peripheral,REC-00429,2.1854474570400937,183.60820677462974,32092,14263,73.0,0.6538936572845074,25.08547802515607,0.6648175179392334,184.0,0,1,36,0.42647506343154484,0.3915952098231674,0.6324933295641109,0.8764421595370939,77.05409185196936,56.04129643083174,Medium
SYN-0035,AREA-11,Industrial Ward,Central,REC-00430,1.7754680319729774,160.49362397688463,2727,14100,10.0,0.8811613959298428,19.216717146950426,0.18480908128867773,70.0,2,0,3,0.20283248762632058,0.3221883752220438,0.3068415344793028,0.74124634872031,64.95389870101091,28.248490071210348,Low
SYN-0035,AREA-12,Outer Settlement,Peripheral,REC-00431,0.9864723685243983,74.09344573681484,12773,14118,29.0,0.582933499657192,24.76658789876644,0.6836143222415229,278.0,3,7,8,0.12925853159907735,0.4046158953505707,0.6313710856284788,0.7347307095762899,78.71412838939355,42.13474014900213,Medium
SYN-0036,AREA-01,Central Market,Central,REC-00432,0.3320089815729197,91.07279528647504,41732,15868,22.0,1.0,11.481865158328594,0.20675162606429487,363.0,2,0,2,0.0,0.18138739190226666,0.4696024565445168,0.8567866855870501,27.212399474467972,29.502671793204243,Low
SYN-0036,AREA-02,Riverside,Peripheral,REC-00433,2.054119467470983,224.8569461728278,46570,8141,104.0,0.5412504992219555,27.893204226561327,0.44195460386895286,59.0,1,0,38,0.2513133570578469,0.44972807154006084,0.13488182697240436,0.8567304980085418,91.0085073332028,58.524329736602624,Medium
SYN-0036,AREA-03,Old Town,Central,REC-00434,1.6649536484678567,94.15854547294887,21135,19624,32.0,1.0,16.50142021834671,0.2466396899430787,212.0,0,3,6,0.2485767953391484,0.7412953176096443,0.13520166364788944,0.9470639167407204,40.78681625044915,31.233438776248622,Low
SYN-0036,AREA-04,East Gardens,Residential,REC-00435,3.2915549765667715,273.1800674625189,52207,17229,183.0,0.5165911548808086,17.059854098257226,0.15788478934599215,84.0,1,3,31,0.48968008637791727,0.6427762517629876,0.14750190944144395,0.71941213032813,59.1507928276166,58.10892755836585,Medium
SYN-0036,AREA-05,Hill Junction,Residential,REC-00436,1.721624029399463,147.526413413972,40482,9599,96.0,0.8679545026646743,20.141877881465337,0.14771486487750635,240.0,1,3,20,0.19588236506656698,0.4418604666229788,0.43224050370297185,0.9954298163816169,62.1981779886767,30.864094698507685,Low
SYN-0036,AREA-06,South Ward,Peripheral,REC-00437,1.695635663429125,144.68576943300187,16768,1423,37.0,0.6212014554767065,12.900449090775208,0.337576173871131,377.0,0,3,15,0.12665429764346767,0.2177982847123096,0.7559436779755767,0.7792428280450604,51.615652763273715,34.84193942902918,Low
SYN-0036,AREA-07,North Estate,Residential,REC-00438,1.2519308063326609,140.20530343869254,47027,1313,82.0,1.0,11.479601807251393,0.32032415949813836,267.0,3,1,14,0.4439866290038581,0.45802936145886974,0.3578261270889115,0.9894925869718381,31.96225974455046,39.931272299233356,Low
SYN-0036,AREA-08,Canal Quarter,Peripheral,REC-00439,2.038893844180146,171.63667086085377,39511,9670,84.0,0.5330728357701108,12.602235225473422,0.6107146012374733,267.0,0,0,31,0.2797480875097799,0.18410219875728567,0.6031203582066176,0.7043858098552686,62.31107978977996,53.67350620319273,Medium
SYN-0036,AREA-09,West Park,Residential,REC-00440,1.8855413114180362,174.33634983539932,53257,1069,102.0,0.8758348708807617,16.742178745877375,0.21992237223956687,109.0,1,3,23,0.3538527540600869,0.6353169108741752,0.7758832666054282,0.9834499419840017,45.88775583474171,44.43122796596769,Medium
SYN-0036,AREA-10,Lake Colony,Peripheral,REC-00441,2.386853157271669,184.35500952770968,12152,18976,31.0,0.6210419038762,19.071857121227332,0.6688107772533028,358.0,0,2,11,0.18673222479595594,0.2586138525431745,0.5479010827602785,0.9874330247108012,60.70266529451411,51.11029338393723,Medium
SYN-0036,AREA-11,Industrial Ward,Central,REC-00442,0.9684148155096852,148.0903146987147,16928,8722,34.0,0.9129391212283433,16.12706235539286,0.5079681896027742,370.0,2,3,9,0.3243203652007442,0.14641800025423818,0.8388350316667214,0.7516444040643597,48.219371456798484,36.96694212104697,Low
SYN-0036,AREA-12,Outer Settlement,Peripheral,REC-00443,1.0371471720643433,100.4248015295517,21473,8655,28.0,0.7622802840363647,12.55688151259012,0.4292507944269175,106.0,0,6,6,0.19291714006914543,0.4735200794181304,0.34502548535684097,0.7211060601664123,33.33743494068623,33.97992521915847,Low
SYN-0037,AREA-01,Central Market,Central,REC-00444,2.0015047000633643,147.26092603599636,23838,10740,48.0,0.6397478398675054,14.02415390166213,0.26136217851539684,332.0,3,0,9,0.2803191715262121,0.4698967427588414,0.5071290267509182,0.8610474021847192,53.263997438404864,46.360378818329096,Medium
SYN-0037,AREA-02,Riverside,Peripheral,REC-00445,3.01742861373614,246.5419146801408,58049,19654,177.0,0.14723323682485112,12.369458660844536,0.49184088161260875,174.0,2,1,61,0.4506878404763495,0.7593127223235437,0.5360135981697336,0.6980571490828861,69.24717863646077,72.75117978200213,High
SYN-0037,AREA-03,Old Town,Central,REC-00446,3.583486789030334,247.8784926043386,48283,12139,154.0,0.6272389025511469,8.41626596957582,0.10646824621413031,438.0,2,7,20,0.701576981103649,0.7827261597588756,0.2401058411184531,0.7532937023265114,37.474018771704436,59.14180523374359,Medium
SYN-0037,AREA-04,East Gardens,Residential,REC-00447,2.0177148422735076,178.1962908880294,36506,14370,,0.6588592288403947,12.24938366737605,0.11102362932356732,388.0,2,4,19,0.0,0.2141182091886163,0.4995651615373091,0.9940252793605008,48.05895162162423,41.12584249138109,Medium
SYN-0037,AREA-05,Hill Junction,Residential,REC-00448,2.0449682545584755,222.33559840663315,36278,11398,90.0,0.854056461603657,15.52370351009859,0.22041040216002633,364.0,3,4,22,0.24192484178132342,0.472048732620427,0.6220023500062263,0.917733030960073,48.18220411418234,42.867984564176425,Medium
SYN-0037,AREA-06,South Ward,Peripheral,REC-00449,2.636049015888788,209.99867665713242,57868,8478,140.0,0.5531568699254495,20.522715006378935,0.3397400888539951,280.0,0,7,38,0.4250514421359882,0.4147152182174587,0.1796857613230028,0.9286006572416335,68.70263425960458,55.928694530646936,Medium
SYN-0037,AREA-07,North Estate,Residential,REC-00450,2.1881780367826273,141.60140935886758,30424,2223,68.0,0.8376858885728466,16.345529573960224,0.346341508632486,196.0,2,3,12,0.3490230097160193,0.4709307148595434,0.6133517081200086,0.9557073391051039,53.26504532958648,51.432112450605985,Medium
SYN-0037,AREA-08,Canal Quarter,Peripheral,REC-00451,3.1464301593048605,232.0645938148252,16577,13809,51.0,0.5357268801104563,13.651234409964495,0.3408700553278383,314.0,0,0,7,0.8250424621922199,0.48372105735644577,0.5202289918370816,0.891281991585537,57.22281361380984,55.63356932651434,Medium
SYN-0037,AREA-09,West Park,Residential,REC-00452,0.5833654042977108,102.29230009662035,11056,10226,15.0,0.6225654217408163,14.48093101008507,0.58265627554947,287.0,0,7,7,0.05671635092917597,0.38283347654931005,0.3969242692703986,0.9008227118068977,53.21235012830384,30.41359947110193,Low
SYN-0037,AREA-10,Lake Colony,Peripheral,REC-00453,1.7234231992594327,155.22913622655756,23126,18962,54.0,0.712508226053439,18.101134371292275,0.2136843226598224,124.0,0,0,5,0.4060644389239706,0.9121688053171173,0.40511541361550607,0.9063873759305237,61.20896801734317,37.06519076400148,Low
SYN-0037,AREA-11,Industrial Ward,Central,REC-00454,1.7588541696237916,175.3641304560958,43330,3206,90.0,0.7125193579789311,4.238665873582274,0.3186804669901977,259.0,1,6,24,0.5105412239882794,0.5101951978155449,0.7846603781989302,0.7870067682968864,31.318496802290262,46.897628850489696,Medium
SYN-0037,AREA-12,Outer Settlement,Peripheral,REC-00455,0.5285024268840324,55.37242351719218,31934,17059,29.0,0.9458110027084166,27.921306283765837,0.33935238407037316,267.0,1,2,3,0.16855742810861696,0.09682951627747602,0.8706700950457467,0.6850523101946996,83.01720951793462,33.37596598205131,Low
SYN-0038,AREA-01,Central Market,Central,REC-00456,0.8948572632620119,85.80691253876456,28861,13578,36.0,0.9456648825597342,21.49380021924554,0.4898501725298389,420.0,0,6,14,0.0682849486565747,0.162340888497278,0.3829311994329426,0.8635027375949123,60.27742392494998,35.540731382058866,Low
SYN-0038,AREA-02,Riverside,Peripheral,REC-00457,0.9336431260803142,119.69616745998184,32505,4306,47.0,0.8216462469046288,15.031454317741677,0.7452492115212397,340.0,0,0,25,0.0014686773616188475,0.16036728159361052,0.46693999750302584,0.9299652641534639,44.549566257734455,50.54593944016417,Medium
SYN-0038,AREA-03,Old Town,Central,REC-00458,1.504884295141991,186.14440659735413,63429,10603,109.0,0.7566470631951312,4.308318376495835,0.11922720930872352,387.0,3,2,20,0.3402644831160364,0.457215585617876,0.4857500019208768,0.7320553142459129,19.753765678663303,40.064798447359586,Medium
SYN-0038,AREA-04,East Gardens,Residential,REC-00459,2.5561407320852663,194.53091007054593,64852,16409,,0.5326275544551278,17.05386850252001,0.053498774189244404,110.0,0,0,20,0.6234264821863182,0.3747585654602562,0.6228650636855819,0.7138272706886842,59.41280923362727,53.86888279435604,Medium
SYN-0038,AREA-05,Hill Junction,Residential,REC-00460,1.4697194978044932,136.6537032998205,12580,14249,22.0,0.7422928352309079,21.803136373946398,0.20236570445457688,297.0,0,4,5,0.3104688210975766,0.4158084158311705,0.29265446293314207,0.9849512103071695,53.70399383374815,43.653543307880085,Medium
SYN-0038,AREA-06,South Ward,Peripheral,REC-00461,0.8411170425401321,127.66976372448022,9652,4930,7.0,0.5462565426606676,18.790109741549045,0.4083722033251982,162.0,1,3,3,0.2881999522290267,0.5005260895972297,0.3852480564595112,0.6984549924187216,69.0552752283996,28.329149716872898,Low
SYN-0038,AREA-07,North Estate,Residential,REC-00462,1.620204385786232,149.24477161364013,17769,13962,47.0,0.7023301378443301,17.609262631295906,0.13406684464066304,136.0,2,1,12,0.5810677100262758,0.30042443000138874,0.2116479458217856,0.8420703231042488,55.670615456044224,48.95927174671562,Medium
SYN-0038,AREA-08,Canal Quarter,Peripheral,REC-00463,2.505106915910135,221.96515970013664,55747,2447,168.0,0.35358593982784925,13.090182467636756,0.3178932177354574,43.0,2,5,30,0.5180027334452301,0.4636582837409131,0.10647990195317264,0.9093983618024002,58.19360401608869,48.96024968816215,Medium
SYN-0038,AREA-09,West Park,Residential,REC-00464,0.8850009658651312,75.32062488759662,31219,3227,42.0,0.7035709683279443,5.789254625603513,0.22698180506680432,,2,0,9,0.015424217082251751,0.1635080026315125,0.24975860512001527,0.6832565320430359,36.42561683841436,29.612752553269157,Low
SYN-0038,AREA-10,Lake Colony,Peripheral,REC-00465,0.9373081116198962,101.03159109235392,56480,8365,76.0,0.7627543260403596,12.959158388721422,0.604849536217402,434.0,0,5,26,0.16234531046385062,0.16637079556405804,0.13607843823819304,0.8462036754635293,43.56134529595633,36.133212979828706,Low
SYN-0038,AREA-11,Industrial Ward,Central,REC-00466,2.112607186176434,158.67800476293112,42921,1697,102.0,0.7683208666757745,14.988720488613819,0.09513633204159751,296.0,1,0,18,0.5165270209186104,0.24105105337322713,0.2938587434676754,0.8880638274732708,51.21515983757686,40.27322521280802,Medium
SYN-0038,AREA-12,Outer Settlement,Peripheral,REC-00467,1.4885391261724146,86.18794832813126,37074,12049,63.0,0.667789304714836,22.337523479281266,0.2788316386381122,407.0,3,0,15,0.21823627944830754,0.6492304629279001,0.3882175357638221,0.6652925041895309,66.63271866467691,41.81896059999274,Medium
SYN-0039,AREA-01,Central Market,Central,REC-00468,3.4637501972000346,238.60972006028942,20094,4071,85.0,0.45522011271138696,14.899764657613574,0.17376638776290493,315.0,1,2,15,0.7579763709108942,0.6114303569525867,0.1512343470180122,0.7969402673370571,61.975440879648666,60.681950917183954,Medium
SYN-0039,AREA-02,Riverside,Peripheral,REC-00469,2.9348450111962174,244.2112168293049,24002,6590,58.0,0.35543271896385853,13.546752293087607,0.4214738599834808,77.0,2,4,15,0.4811084074407626,0.6548793871046874,0.8682274406904874,0.8160024515215965,69.32787746218396,54.39228462780925,Medium
SYN-0039,AREA-03,Old Town,Central,REC-00470,3.507093363104109,284.51578917710583,11732,12038,46.0,0.4709437700816594,2.705964442590224,0.4694666522112132,337.0,0,6,19,0.6246372510309717,0.8268109520601674,0.20787286002378622,0.8445645362931037,41.14880426900763,66.70301518396423,Medium
SYN-0039,AREA-04,East Gardens,Residential,REC-00471,2.117699953399942,200.7082659261905,34951,17018,80.0,0.6048552415766786,12.21332127172771,0.2515898712863709,381.0,3,5,15,0.31086106739206176,0.6326591551819039,0.7850013984642858,0.6638939513463361,57.39704590284437,50.529585494775056,Medium
SYN-0039,AREA-05,Hill Junction,Residential,REC-00472,2.9360947240018413,246.1151136156908,20023,3231,74.0,0.5814070495851849,12.125873131708932,0.1925788461596815,368.0,3,2,9,0.5084934815055026,0.8405642250425063,0.671588999930552,0.9627271620867335,52.716744568717466,48.34000431822463,Medium
SYN-0039,AREA-06,South Ward,Peripheral,REC-00473,2.7772104331419296,213.85862539262396,20779,6857,46.0,0.3086067264706611,18.853399038981237,0.20969405792943444,263.0,1,4,8,0.48836209685599985,0.514420177387707,0.715294671342648,0.9511887777752677,66.31379750742516,44.43849073354308,Medium
SYN-0039,AREA-07,North Estate,Residential,REC-00474,1.9730497053491505,113.25515237038198,4971,8904,8.0,0.8079311506358063,15.342185705620999,0.29200665898311834,253.0,0,6,1,0.13581658638818567,0.4481033610806562,0.2776953701850854,0.9486430517110209,44.945135478766694,39.42631772173756,Low
SYN-0039,AREA-08,Canal Quarter,Peripheral,REC-00475,1.6949800863375042,115.85041509495424,52444,2846,113.0,0.5746590532636663,18.79415311439181,0.3146215011906265,435.0,1,3,26,0.22950548594652165,0.40707040506435,0.8512306795307916,0.8318766699589045,56.52486497975297,44.83776126024004,Medium
SYN-0039,AREA-09,West Park,Residential,REC-00476,3.4943616728521847,300.27587649461105,61203,4371,205.0,0.5559401938345747,18.98610601405811,0.14552223852021048,447.0,3,5,32,0.434408641719618,0.5994173213102207,0.2841453012791795,0.9258321697715499,70.32770091923251,63.875191372333084,Medium
SYN-0039,AREA-10,Lake Colony,Peripheral,REC-00477,2.6650005388580724,187.96080333121125,33642,10224,99.0,0.613366564035613,26.331683734126898,0.3116839435582811,248.0,3,3,20,0.3953137235897423,0.41894672931564225,0.11758248556699878,0.9304328190262102,78.20567947510294,59.1451486129874,Medium
SYN-0039,AREA-11,Industrial Ward,Central,REC-00478,2.1279382193145913,176.08103704704382,36002,8080,77.0,0.7414331551276773,8.051199488703137,0.15004485715618757,349.0,2,3,11,0.25923671752594124,0.4448447448514682,0.223398196978956,0.9871021390581333,42.74234057926621,40.168748506549754,Medium
SYN-0039,AREA-12,Outer Settlement,Peripheral,REC-00479,2.868819295093789,228.35576442229086,60365,12855,171.0,0.5742605134386394,28.77852622229413,0.254481190750256,124.0,2,6,34,0.5995550903305673,0.8115644121002294,0.3802679982058249,0.9356795755586174,89.77607181448882,65.92040743924628,Medium
SYN-0040,AREA-01,Central Market,Central,REC-00480,3.175784131420478,204.86995067582978,34467,17474,95.0,0.3073935100586445,11.332909536210517,0.1640960708900888,308.0,2,6,16,0.6521053476870077,0.9168315126784952,0.16442545330305514,0.691790735666626,59.741023943906534,54.687443722246186,Medium
SYN-0040,AREA-02,Riverside,Peripheral,REC-00481,0.44877876924349747,79.13692289764882,41418,5882,44.0,0.758028172661444,19.752469873149487,0.31167244755696094,391.0,0,1,10,0.14203176006060014,0.17117135721106166,0.7493041064755855,0.6999376918460677,67.91281900946666,35.45482975105433,Low
SYN-0040,AREA-03,Old Town,Central,REC-00482,1.0760580936183746,155.77720480259006,29255,3863,37.0,0.9817210669081177,16.140833812135206,0.16556168238982003,412.0,0,0,7,0.02722510785728227,0.20425327384131464,0.5484397047977037,0.8279975121673663,47.809338883821866,33.8405518810656,Low
SYN-0040,AREA-04,East Gardens,Residential,REC-00483,1.5350598920248217,139.21629127649905,34644,17949,49.0,0.8461991597144715,21.082067774058032,0.4122350428864075,424.0,2,1,16,0.24406714207184518,0.8666345178188558,0.841329063934533,0.8983049601569799,58.7233873309118,43.1332867447815,Medium
SYN-0040,AREA-05,Hill Junction,Residential,REC-00484,3.4423121389172993,255.6716085374449,35116,7309,108.0,0.7398918924177535,1.6993139249159963,0.24226585993091848,107.0,1,7,21,0.4120556124059349,0.5307697204187831,0.5699649909992857,0.9423628249402355,25.97719515715589,65.01763757824693,Medium
SYN-0040,AREA-06,South Ward,Peripheral,REC-00485,2.499438631876473,167.71178179505534,46941,1698,119.0,0.7346042491333358,13.679920266626018,0.21561155014232058,257.0,2,0,30,0.3988978989986139,0.2691567324810608,0.1508587265499135,0.65414525569234,55.045201502915376,48.91839428110626,Medium
SYN-0040,AREA-07,North Estate,Residential,REC-00486,2.8872228379100173,219.45298259769538,40261,18427,116.0,0.6317398588266739,17.911040548369144,0.12457263322431303,271.0,1,6,18,0.5588943463858487,0.6447524721610471,0.5290695824402314,0.8017621740423143,62.79034421370192,47.450395411568,Medium
SYN-0040,AREA-08,Canal Quarter,Peripheral,REC-00487,1.3612403102400514,144.71855731089187,33995,12122,48.0,0.6591889223002161,19.27714009067308,0.25962716784951256,207.0,3,3,13,0.34592590378982113,0.34388820962644207,0.16289404947383418,0.7982224090345601,58.85648257232063,39.2003885057617,Low
SYN-0040,AREA-09,West Park,Residential,REC-00488,1.3777403453246149,129.36198289901492,7240,19460,13.0,0.6921037060865152,19.032235980542747,0.8,41.0,3,6,3,0.286364764470521,0.2282231745265557,0.8510369321584904,0.8930698309194707,54.497540823842364,58.8700275955743,Medium
SYN-0040,AREA-10,Lake Colony,Peripheral,REC-00489,2.6316200189192043,197.86398327308424,59031,16917,151.0,0.4544761694870817,17.380757040878766,0.3107048696731546,357.0,2,5,40,0.589619924168219,0.543492066305675,0.6252245538422965,0.8439927702993668,65.25931763436172,67.41083263239365,Medium
SYN-0040,AREA-11,Industrial Ward,Central,REC-00490,2.319988510289393,220.97621302425335,58017,12784,122.0,0.626211979540761,21.485977482670524,0.26166670481158927,352.0,3,5,24,0.41783551814739384,0.46260987825804645,0.37835106717776157,0.9309609865174235,64.51962364568688,50.6165712215935,Medium
SYN-0040,AREA-12,Outer Settlement,Peripheral,REC-00491,2.712360100632337,208.4561768307064,14027,16305,40.0,0.4290796828256671,14.535178113533822,0.17077629198812488,74.0,2,4,8,0.42403278413082046,0.5695762619306606,0.5873384041999309,0.8950226774755039,62.92812708263611,46.268579594316805,Medium
SYN-0041,AREA-01,Central Market,Central,REC-00492,3.2663031938643883,239.47441252946797,20831,3162,67.0,0.43251702313006,20.927128568815007,0.20076809354775726,189.0,0,3,19,0.6492231268079941,0.4259000212023002,0.7015432468296553,0.8182014384294929,71.97756911303172,59.821704546063984,Medium
SYN-0041,AREA-02,Riverside,Peripheral,REC-00493,3.638954967770852,280.7683497866824,63334,13198,228.0,0.41873549501472607,26.58434451507054,0.647411706858777,385.0,1,0,98,0.7152696266496762,0.882087752366889,0.8518303805904747,0.7332219196565075,84.50157286182922,82.27969533611737,High
SYN-0041,AREA-03,Old Town,Central,REC-00494,3.542935254531238,309.5006063611849,22566,3634,77.0,0.7075858257426948,21.45618822733408,0.16768978170311166,153.0,0,2,23,0.527588605289694,0.742885183563907,0.601218429651975,0.8754982479591701,70.67197913280334,59.40120688692124,Medium
SYN-0041,AREA-04,East Gardens,Residential,REC-00495,4.038653897875091,297.8763075665198,53261,1319,194.0,0.5465792664851183,4.397120342489034,0.5164667463061182,392.0,2,7,64,0.71858685400759,0.6469665581881445,0.6398970982899101,0.7294066336476682,45.21083121520405,79.7237842231242,High
SYN-0041,AREA-05,Hill Junction,Residential,REC-00496,4.062046612162726,277.46687961906895,51609,16590,170.0,0.3926230673047794,8.4187085742539,0.1258439578941383,52.0,2,3,24,0.6416901637733925,0.6918749932164014,0.42088727807179216,0.8766422612247431,47.24542696172659,73.07478080887093,High
SYN-0041,AREA-06,South Ward,Peripheral,REC-00497,2.120542391093734,194.2097641640237,56295,2076,146.0,0.7048075269589623,14.149621183936759,0.36822084357515117,161.0,0,2,39,0.11239235558490715,0.5161023612546013,0.27989624293793486,0.7029319117638788,48.31123481443591,59.750725807285285,Medium
SYN-0041,AREA-07,North Estate,Residential,REC-00498,1.6186251423344657,135.2579364940598,3500,807,5.0,0.8149905840938406,18.424941404867287,0.2643983056605159,398.0,1,7,1,0.3225836361093426,0.506007352175061,0.3817997999909516,0.7242065496577735,53.10087118356399,31.201597546266104,Low
SYN-0041,AREA-08,Canal Quarter,Peripheral,REC-00499,4.2178363047283565,330.804530800081,32681,9895,116.0,0.2846183952256089,15.634599619362987,0.27355653450731254,44.0,3,0,19,0.5476300556398642,0.6128156719826302,0.6294057386284505,0.8003777099376972,71.45337878081371,69.0155237510702,Medium
SYN-0041,AREA-09,West Park,Residential,REC-00500,4.366620061216699,262.36905050430016,37844,7724,159.0,0.37629846435197356,12.041800802873968,0.2746073696624459,,3,5,43,0.7671569153228345,0.7569347520612435,0.7975765241264966,0.8315733243321677,60.752018271082484,71.93969987947786,High
SYN-0041,AREA-10,Lake Colony,Peripheral,REC-00501,2.59994157099648,210.10081311017456,54825,18928,148.0,0.4920153635019011,14.058411766629195,0.5232299537037015,44.0,2,4,40,0.24908683890673525,0.6152505953872838,0.6323682730565131,0.9837921666541354,55.898181559481316,57.81146924170179,Medium
SYN-0041,AREA-11,Industrial Ward,Central,REC-00502,1.9285716613706472,157.8985956094784,16529,13871,37.0,0.8081279021365818,15.85557331675289,,108.0,1,5,5,0.2350685609859523,0.2409342527838545,0.8651524464258805,0.8626472798895953,51.934969517180186,44.58147101845286,Medium
SYN-0041,AREA-12,Outer Settlement,Peripheral,REC-00503,3.495667843412911,238.43073841216832,21673,2026,77.0,0.40736691179536294,25.60337162460397,0.6810186165986416,441.0,2,0,36,0.5305794510272033,0.6500692304157198,0.6377150028138157,0.7986563062015538,82.6029770474389,72.94694937635538,High
SYN-0042,AREA-01,Central Market,Central,REC-00504,3.778436725866923,249.20983900792072,13743,3464,60.0,0.38360812266939187,3.417640413920472,0.23732756302104624,230.0,0,6,12,0.7739464267485153,0.7162857634785802,0.6032295944320233,0.9398175165711582,39.624058604635565,68.74888939003212,Medium
SYN-0042,AREA-02,Riverside,Peripheral,REC-00505,4.471841762733952,322.2680532259518,50121,17126,199.0,0.16071990012520446,24.403553649105746,0.5540055939175806,359.0,2,7,60,0.6812851532573474,0.6543552415044094,0.11000381916697757,0.6987457576423246,87.83277421178042,82.50034285815329,High
SYN-0042,AREA-03,Old Town,Central,REC-00506,3.4468042024676606,231.95935002969395,64929,16028,190.0,0.5541558894083276,4.475140878427942,0.1734306443941765,397.0,3,5,37,0.4454708526448986,0.5317171812006838,0.5879393197461708,0.6551707394011557,41.961361907470675,63.9273499563033,Medium
SYN-0042,AREA-04,East Gardens,Residential,REC-00507,2.7363927875179437,128.89047414720955,11278,16353,30.0,0.6683431556294809,21.03851716595974,0.5977068272798596,187.0,0,4,10,0.4997868744255552,0.7638167521221478,0.15814348534031775,0.7394610536482388,69.88782731347553,48.2445071779986,Medium
SYN-0042,AREA-05,Hill Junction,Residential,REC-00508,2.3192616475186094,155.49329241900668,17069,5792,39.0,0.6377274520293805,19.478400285657425,0.12415247153386297,313.0,2,4,7,0.36050677727170566,0.22235216122151585,0.5177445001509068,0.8364828076086226,65.1814205356709,47.03901149198114,Medium
SYN-0042,AREA-06,South Ward,Peripheral,REC-00509,3.042927178123023,201.23236516803604,21690,19100,53.0,0.3181495203332274,14.232881606847808,0.49691068940640315,404.0,0,2,15,0.6020217969650913,0.5450844557690772,0.5690221283880155,0.8727397221257701,69.05445442459995,75.05126113385047,High
SYN-0042,AREA-07,North Estate,Residential,REC-00510,2.7943543816782945,222.51085507404844,58064,9866,176.0,0.7589062006152547,8.141017109253895,0.20625309739178296,217.0,2,7,30,0.3443001363799716,0.7266089733503678,0.6169712327284493,0.9305360385417264,41.4683578412568,50.8523750926494,Medium
SYN-0042,AREA-08,Canal Quarter,Peripheral,REC-00511,2.2217118202034465,148.74674990267542,30358,3453,66.0,0.6935928983147694,22.511315344993257,0.27546624091626903,405.0,2,2,30,0.3955877692240145,0.5569022584356278,0.7969464938792707,0.8611536733704218,71.0389803164818,60.8824619002641,Medium
SYN-0042,AREA-09,West Park,Residential,REC-00512,4.672770665477129,343.71010791110916,20120,17611,85.0,0.10732692671638208,17.943348168061483,0.10762626159858728,72.0,3,6,14,1.0,0.4691164203973035,0.47838116249986185,0.6906479423771421,85.23277029772144,71.90244958667569,High
SYN-0042,AREA-10,Lake Colony,Peripheral,REC-00513,4.461900866444204,301.42919346689797,22644,2543,83.0,0.41608382949543493,29.809010422675463,0.5527488109985725,412.0,2,0,30,0.7149366693232463,0.6307798388543068,0.48464181478986246,0.9270196885461672,90.83009917311679,75.85529487794841,High
SYN-0042,AREA-11,Industrial Ward,Central,REC-00514,3.9426050916308424,319.7443793144012,39882,2851,162.0,0.42295819149172037,9.799524901039952,0.11121575642468823,203.0,0,1,35,0.6795084977692157,0.5573303878914248,0.5389578128863699,0.6543625364556044,45.16454399076904,65.0567424162848,Medium
SYN-0042,AREA-12,Outer Settlement,Peripheral,REC-00515,2.2970858265391976,200.55008142535416,26688,7895,61.0,0.5812064338877695,20.265633259955692,0.5870331865790637,245.0,3,3,33,0.18352280679201835,0.539461153241727,0.36762067672978294,0.8968797935825807,63.330465522589144,54.25263812179624,Medium
SYN-0043,AREA-01,Central Market,Central,REC-00516,2.596755053031922,199.7855493001534,11275,16554,,0.7730410597818461,4.287746048214932,0.39876302748040576,124.0,1,0,12,0.3304349942795952,0.41097967668411195,0.31724835624604864,0.8324769666688419,38.62855980925522,45.45903649386913,Medium
SYN-0043,AREA-02,Riverside,Peripheral,REC-00517,2.42444072119242,201.9065867913044,53756,10608,120.0,0.7388829534285475,17.338591350428416,0.3771649981752076,376.0,2,4,37,0.4592399377772024,0.4981540989548201,0.18556247769884432,0.8233036055372314,53.93495925662323,59.336203427512956,Medium
SYN-0043,AREA-03,Old Town,Central,REC-00518,2.266776092957341,204.5830338120856,28889,3486,47.0,0.8029951811914359,21.831207301181507,0.5845945367453204,152.0,3,4,21,0.33820828639262385,0.5045355056946432,0.7717929724344046,0.9108250109829794,69.54606260718637,38.23673217815612,Low
SYN-0043,AREA-04,East Gardens,Residential,REC-00519,2.9124718072291205,231.14507041756582,18542,17230,56.0,0.6211776068619902,20.68638349129427,0.40723343935348166,55.0,1,1,21,0.5591439231436136,0.48045543274737734,0.13340121302654495,0.6654446062135805,69.23323824658675,51.87794423730984,Medium
SYN-0043,AREA-05,Hill Junction,Residential,REC-00520,2.4210365078831204,201.60263422512008,48027,10603,,0.4959780065400033,9.689725861614395,0.059042330708733305,82.0,0,4,14,0.4544987269427779,0.4860873285120866,0.8849446466312105,0.7937254518803283,49.390481163892595,58.480120083353334,Medium
SYN-0043,AREA-06,South Ward,Peripheral,REC-00521,2.5047509826375673,139.5891227836358,49080,18451,114.0,0.28618704355257185,14.689570348693973,0.43087235458466844,105.0,2,5,36,0.25929496480092995,0.2457905374041623,0.3313064673603215,0.9795271782000281,63.42022101604732,53.99558340974592,Medium
SYN-0043,AREA-07,North Estate,Residential,REC-00522,2.422264620291867,181.8965001296334,12189,12312,33.0,0.766262025842079,13.031945126853497,0.38154811660966337,292.0,1,1,7,0.5255475239636226,0.23777271569189173,0.6616288446789516,0.65481930286867,41.897102153802706,46.644597650214735,Medium
SYN-0043,AREA-08,Canal Quarter,Peripheral,REC-00523,2.1853727199957835,158.6919365072049,7107,6743,14.0,0.7350914606899275,18.888927333793866,0.32318155812360727,299.0,2,2,3,0.2151065934552759,0.38278423510770715,0.68502550076471,0.957081135008444,57.71547434409761,43.50579401490458,Medium
SYN-0043,AREA-09,West Park,Residential,REC-00524,0.4858506898227519,103.10538563851202,5338,2962,5.0,0.834223520124249,16.80433931397448,0.2655345251702556,116.0,3,6,0,0.0,0.3657728618657815,0.41777699306275384,0.876993092462564,49.56669096649466,19.97392766789951,Low
SYN-0043,AREA-10,Lake Colony,Peripheral,REC-00525,1.9796364555225445,156.9639010338881,50358,16557,108.0,0.5704773004581961,23.228057435475307,0.4656757316248253,82.0,2,0,38,0.357477599117863,0.9187910520765836,0.42841960397269163,0.9678294224433096,76.36892096439874,46.63970086745086,Medium
SYN-0043,AREA-11,Industrial Ward,Central,REC-00526,1.4677860265147986,115.16402848360951,41608,2459,76.0,0.7276380496816737,14.876196701265492,0.24906262299412377,134.0,0,5,16,0.43267376537992264,0.5402914763805062,0.5782704392381763,0.6660745097298181,47.255185444776714,43.03672367001298,Medium
SYN-0043,AREA-12,Outer Settlement,Peripheral,REC-00527,0.8888668274820823,115.20368160785631,52001,16831,78.0,0.6854906353338281,17.860672315591835,0.2962986020473837,57.0,3,1,18,0.02767930899171489,0.5532752417781255,0.15551543945501703,0.9325604669593939,55.092662381405106,38.89475691868232,Low
SYN-0044,AREA-01,Central Market,Central,REC-00528,4.76068412147279,303.87473863093794,41650,15127,165.0,0.46249956506084516,13.959980330986669,0.11326527134078566,173.0,1,5,36,0.8111694879891447,0.49369227642157487,0.11755189708751886,0.8359814415068637,63.78214806797885,73.2794561637312,High
SYN-0044,AREA-02,Riverside,Peripheral,REC-00529,4.798427098740694,349.31236618896224,27606,8539,114.0,0.23442498210673984,24.481624047849458,0.6866199203231045,84.0,2,0,39,0.8184603060497565,0.7054909861443506,0.6779998514807795,0.7369654974405495,99.07925457837175,88.6686075015851,Critical
SYN-0044,AREA-03,Old Town,Central,REC-00530,4.5026073062686205,273.3779597865189,39347,11704,155.0,0.3421335797549127,14.608063674555943,0.22365992081386485,124.0,1,6,31,0.8293177483774626,0.6816018047043697,0.5155738381861434,0.8148588474225075,65.95819995434974,79.3400389906744,High
SYN-0044,AREA-04,East Gardens,Residential,REC-00531,3.6194015595168305,253.65292748186798,47654,9426,147.0,0.8121861841288883,15.605592420026007,0.361354601257921,226.0,3,7,44,0.7453172592142958,0.5386495280135386,0.8986426079871975,0.9730880785001228,50.94096428304668,72.74067166616408,High
SYN-0044,AREA-05,Hill Junction,Residential,REC-00532,4.495730922794256,318.3345936565742,27427,1285,90.0,0.1984671629278969,19.694063820444,0.2055152614925485,163.0,1,4,18,0.7007994554521433,0.564044250309554,0.3390616367007364,0.8037897267406579,80.71576505355989,75.51797692521261,High
SYN-0044,AREA-06,South Ward,Peripheral,REC-00533,3.424873370513591,306.32877851241983,59696,17693,240.0,0.46626705790759154,15.631820652557213,0.5642882656401851,240.0,1,3,76,0.6922341373704858,0.5951386914757619,0.3983362919261494,0.6979017476704347,62.29188641233257,84.13560071306972,High
SYN-0044,AREA-07,North Estate,Residential,REC-00534,3.5774686475503543,268.06814976918764,58725,15319,177.0,0.37327699512228696,4.281582844335594,0.23992560276607966,129.0,3,5,31,0.7558833808508912,0.7787813704102449,0.6078558846039541,0.6729274674371475,42.57323283035576,66.2214617881912,Medium
SYN-0044,AREA-08,Canal Quarter,Peripheral,REC-00535,2.5404537296625445,178.4148209263903,52544,17600,141.0,0.5054440532079348,10.727747343332206,0.6052868886952771,419.0,3,7,42,0.6374840564083462,0.3179953905449392,0.6499705524041892,0.6550157798686723,49.48894826414346,60.44481239618057,Medium
SYN-0044,AREA-09,West Park,Residential,REC-00536,3.732823869631203,278.62913435693423,64516,11886,200.0,0.4952412643871524,15.701311964326976,0.30102425989195614,65.0,0,5,41,0.6823681075717949,0.8500225987100107,0.40908868490809247,0.7239309461992296,64.36821507888155,67.63386351904995,Medium
SYN-0044,AREA-10,Lake Colony,Peripheral,REC-00537,3.4635395687716644,308.34906778410203,26902,19241,81.0,0.49645594672817805,17.04362873507302,0.17607073253903338,212.0,0,4,16,0.5961490240375934,0.6463165199383392,0.19757006053155177,0.8422741876082799,67.31394612297555,64.77494292303628,Medium
SYN-0044,AREA-11,Industrial Ward,Central,REC-00538,2.3731091325645592,132.61555775172542,9631,1705,21.0,0.636422894021639,11.623826058069643,0.1570902165972694,113.0,3,4,4,0.3385680519269756,0.4235642801876819,0.15434230842669303,0.7726058425820288,46.571244040866745,36.6577102894462,Low
SYN-0044,AREA-12,Outer Settlement,Peripheral,REC-00539,3.374273136578853,282.50512224664425,32763,12435,107.0,0.3635679891433395,11.539977884684209,0.3932427727121851,250.0,3,0,32,0.3873004482385226,0.42836606704194935,0.10140190972511265,0.9562627163190288,55.666055500856906,53.25042345919186,Medium
SYN-0045,AREA-01,Central Market,Central,REC-00540,3.2719853420803107,264.0585500785939,49118,18261,173.0,0.5084318403711355,20.465557462895102,0.2633454653805759,234.0,1,0,42,0.5119764664276987,0.64987597415408,0.3963074443116008,0.9251109674772627,68.20765129946567,65.445475663619,Medium
SYN-0045,AREA-02,Riverside,Peripheral,REC-00541,4.7738179264814695,346.79826746141663,51209,9992,198.0,0.08207116793645311,22.358344294775712,0.5749597583539001,374.0,1,1,67,0.8091168494274259,0.4919182381885789,0.3229547377903237,0.8126761594056887,94.69240208156985,90.62849434902456,Critical
SYN-0045,AREA-03,Old Town,Central,REC-00542,4.051139655976485,294.0062111381196,26782,9657,89.0,0.5087176244142944,3.618491682916607,0.43581094755173333,334.0,2,0,19,0.6620508663707987,0.6875671943020334,0.11720135779838703,0.7306153031198148,32.876230943174875,78.43912749653794,High
SYN-0045,AREA-04,East Gardens,Residential,REC-00543,3.34492534443893,300.53345187676774,20787,16622,64.0,0.5654705762723788,9.532978866866294,0.30399029659341625,374.0,2,4,18,0.6292137165442677,0.6770115460860053,0.6275652163556045,0.7951594892629894,41.363602232570855,58.707694419762944,Medium
SYN-0045,AREA-05,Hill Junction,Residential,REC-00544,3.534798841006624,291.31380444816955,30342,7498,88.0,0.5573484028168787,7.570337030253263,0.19587911382864223,216.0,1,3,12,0.41463234723898745,0.31026875447861907,0.38388841379669747,0.8732704199073051,44.258372404496164,65.36234095910665,Medium
SYN-0045,AREA-06,South Ward,Peripheral,REC-00545,3.371138895649116,227.99485837809084,52742,2073,145.0,0.3996953943051541,28.20027124759145,0.2042627145514656,,2,0,27,0.5400195701734094,0.6499195654746658,0.535994598539069,0.6581268090330986,90.07830668855249,61.856745209157154,Medium
SYN-0045,AREA-07,North Estate,Residential,REC-00546,3.1734378053293195,246.94367589869955,6287,5820,22.0,0.532573352067084,19.40033776610643,0.14911218008015656,306.0,1,4,4,0.7682786419838571,0.32659285360698675,0.7912464219365875,0.9612293428459397,66.80258022275645,56.656176587622106,Medium
SYN-0045,AREA-08,Canal Quarter,Peripheral,REC-00547,2.469827235255128,237.8956211866686,23004,17511,56.0,0.6752962276519843,26.599902379577784,0.2889657274508211,337.0,1,4,12,0.5311097236827882,0.21210792538121828,0.3908928643374415,0.8791584897625752,80.35464924505945,54.76487781772668,Medium
SYN-0045,AREA-09,West Park,Residential,REC-00548,3.214927491080214,265.106820974195,16867,6471,50.0,0.6725245276676118,9.151121281996272,0.1944637486951389,113.0,1,1,7,0.6097640640188955,0.517740862550121,0.27311176729499176,0.9868937726939555,41.14267245942594,59.416177698623514,Medium
SYN-0045,AREA-10,Lake Colony,Peripheral,REC-00549,2.738890387843747,225.8986222329857,52874,4723,145.0,0.6663314160440019,29.806652829671652,0.3436252885441394,403.0,0,6,39,0.5033636163099899,0.6008731750872461,0.32247970137598503,0.8824749736893189,79.68632214138492,60.62645098632436,Medium
SYN-0045,AREA-11,Industrial Ward,Central,REC-00550,2.33551656202724,152.71556510233728,31853,8978,84.0,0.7177390034956909,6.7810290095713865,0.12159975077563392,238.0,3,2,18,0.3454009374500333,0.4924893818251522,0.131756111493495,0.7769486922701976,35.70625637523753,41.48312833306549,Medium
SYN-0045,AREA-12,Outer Settlement,Peripheral,REC-00551,3.744746444803785,352.80916339718794,7925,9656,34.0,0.5180551890861204,23.89190800512067,0.41345940630775363,377.0,3,2,10,0.4136359772564919,0.6977753984579766,0.28019947407574386,0.8033196650014929,73.80070064208167,64.15330754089034,Medium
SYN-0046,AREA-01,Central Market,Central,REC-00552,2.442824243343792,220.4266235503895,18861,18947,57.0,0.6080746891654194,11.992780755731943,0.0720197041260592,67.0,2,7,4,0.4619928047400719,0.730037911550204,0.8217987593345994,0.6524362072887568,54.08841099726981,38.034178153727105,Low
SYN-0046,AREA-02,Riverside,Peripheral,REC-00553,0.7004465063027414,139.0329465216476,5274,13882,11.0,0.7578352747806565,19.191230551604484,0.2515424236996617,174.0,1,6,3,0.0,0.6093345591615126,0.20065882540518676,0.6700302377084453,58.181465758414056,17.154846456575903,Low
SYN-0046,AREA-03,Old Town,Central,REC-00554,2.031664805401102,181.09665795617786,32222,15721,87.0,0.858979017685681,4.958019869815898,0.23597938398066606,193.0,2,3,18,0.29954409738665044,0.3797978950350871,0.3643778264244576,0.6860450063279934,20.41357646773586,42.00118937524972,Medium
SYN-0046,AREA-04,East Gardens,Residential,REC-00555,2.9263736241171427,229.66721942817549,64854,1043,182.0,0.6915182772148286,6.0383071493266876,0.12552245541199736,343.0,1,7,26,0.48728983461257735,0.43783950039214625,0.2028229400111825,0.7877249125186201,35.19370589564606,53.95063908725016,Medium
SYN-0046,AREA-05,Hill Junction,Residential,REC-00556,2.9771915065142607,214.18617556830895,37951,17230,91.0,0.5483391402582158,18.25708160097931,0.08089876939896155,140.0,0,4,10,0.4425357321702018,0.44786157258214754,0.14704711530806797,0.7504198596878314,60.60529689641145,53.66656179826177,Medium
SYN-0046,AREA-06,South Ward,Peripheral,REC-00557,2.950481989705395,261.0380803546589,56841,8116,154.0,0.3413815331188793,24.043001438476622,0.6884943285586916,342.0,2,2,44,0.7523129655004601,0.3923705222502978,0.4030475435364834,0.7902510099052185,89.56801180834165,71.3806283992823,High
SYN-0046,AREA-07,North Estate,Residential,REC-00558,2.1609430809183716,225.3889809229221,48912,2332,111.0,0.6729922638323312,20.554945910543168,0.31624787679383753,380.0,0,3,29,0.5790783143650693,0.4856551697393855,0.7580752382420968,0.7921349564171802,63.69603111192121,58.738509146899816,Medium
SYN-0046,AREA-08,Canal Quarter,Peripheral,REC-00559,1.453776253021883,165.73523710424922,57677,6211,83.0,0.5942871116236922,24.30701387553336,0.2934443870206096,139.0,2,3,13,0.36623345021152554,0.7129992726944052,0.13050723660690347,0.7728231118244895,77.99047731420268,48.809131276865095,Medium
SYN-0046,AREA-09,West Park,Residential,REC-00560,1.2628534535107554,189.75551549893282,21938,13210,34.0,1.0,2.276281835405771,0.40527552058860683,442.0,2,0,4,0.09943636365644062,0.6779396986278556,0.6486297836212324,0.8298264495016414,11.461645178544813,33.48040664455889,Low
SYN-0046,AREA-10,Lake Colony,Peripheral,REC-00561,2.40549643919749,200.28897677869725,61954,1831,170.0,0.6344353757347215,12.44212763206994,0.5349785736241235,314.0,0,2,67,0.6314859124354362,0.45243943747317905,0.13984105375944253,0.977457220456182,48.539627335682525,67.48659439452248,Medium
SYN-0046,AREA-11,Industrial Ward,Central,REC-00562,2.4332365428893343,179.53387189691162,17415,15179,40.0,0.5674361747090814,16.193683031409797,0.26262941587728816,248.0,0,5,9,0.47981572047373316,0.35539589141716466,0.6806921750618566,0.8329850921556121,61.76285944899954,39.728684590368125,Low
SYN-0046,AREA-12,Outer Settlement,Peripheral,REC-00563,3.159677404681256,253.09769720029547,29894,3779,93.0,0.3122462480648226,15.269407140446372,0.5474929306631606,76.0,2,2,36,0.41357534160984794,0.5129983474394249,0.8723176652139187,0.9370724562819817,67.26232722674533,66.19587920547474,Medium
SYN-0047,AREA-01,Central Market,Central,REC-00564,2.723251940632072,241.13374136527523,45079,16902,129.0,0.5253471354573633,6.222034166011602,0.14013961311132245,248.0,0,4,21,0.4578013527942278,0.5751260831853167,0.32101285715201744,0.922822498026326,36.971320302534174,56.32015106666796,Medium
SYN-0047,AREA-02,Riverside,Peripheral,REC-00565,1.7374852951334678,145.05352696692344,20427,3611,38.0,0.5696930300653544,18.5328221607331,0.3844343816624172,152.0,3,0,12,0.40460986494682055,0.5159091959276154,0.4660765678641319,0.796107426510433,67.86763179001603,50.6739081773871,Medium
SYN-0047,AREA-03,Old Town,Central,REC-00566,0.8479035172697098,93.81079645295941,19028,17787,26.0,0.8612894603265773,16.65017819035306,0.4316168404600029,,2,1,7,0.06945179200120796,0.4179917653870263,0.5382658107953724,0.7338779054162226,50.261505506934675,29.639479683942714,Low
SYN-0047,AREA-04,East Gardens,Residential,REC-00567,1.5879829427496872,149.63383316212253,10626,15149,24.0,0.9114279669207502,14.41510149246967,0.19463814002142935,51.0,1,1,2,0.2815277303523495,0.430477360560523,0.2820286011129392,0.6610852885700714,36.99762449113642,38.34751293565961,Low
SYN-0047,AREA-05,Hill Junction,Residential,REC-00568,2.017053176206825,185.9156842266613,2762,4315,7.0,0.601630528368684,5.079567751861239,0.5566208702969193,364.0,1,5,2,0.37415269462942324,0.48601359370176755,0.13690849366639118,0.6694890526704818,34.28029724749419,42.86866161875537,Medium
SYN-0047,AREA-06,South Ward,Peripheral,REC-00569,1.6816016240468823,153.34805030158554,33825,8388,75.0,0.9193202420150224,28.82174473958513,0.30940209694777376,93.0,1,6,13,0.14816443315634714,0.8574757900823823,0.15435636425660332,0.7266724895703556,66.77109002693793,24.254131599804744,Low
SYN-0047,AREA-07,North Estate,Residential,REC-00570,1.3809529338962807,136.0894657519258,64172,2164,108.0,0.6934705608350821,21.41723284693352,0.2078370591770535,251.0,2,3,26,0.1977476805850986,0.83932937338002,0.3960802325708087,0.9570058015012772,62.666651565117704,38.5289949900816,Low
SYN-0047,AREA-08,Canal Quarter,Peripheral,REC-00571,2.045576072334325,192.03966813141395,16253,1400,31.0,0.42453362214184254,26.631196626017,0.29383968745724043,,2,7,8,0.21787383638387148,0.4316152135739364,0.2651800206341175,0.6868974605733701,84.02262293844585,41.17424616325195,Medium
SYN-0047,AREA-09,West Park,Residential,REC-00572,1.440102027229917,156.6661360391996,30009,7457,56.0,1.0,5.054373415847006,0.2116513599702925,171.0,0,7,7,0.34425716642312576,0.3951576778547365,0.5107958464442649,0.9388935716788522,18.921777519251993,30.991050411979053,Low
SYN-0047,AREA-10,Lake Colony,Peripheral,REC-00573,1.3408153533781062,112.30287280531158,60971,4842,110.0,0.8508365225074999,26.667856591990397,0.22937685135703656,428.0,0,2,21,0.11450257449375191,0.33797417893528503,0.15143657556532936,0.8100281753561893,62.2067568861082,45.89354492888158,Medium
SYN-0047,AREA-11,Industrial Ward,Central,REC-00574,2.092430487801157,120.91914476772374,50769,15569,129.0,0.6851778759770838,11.953822665711897,0.3031850902042757,114.0,3,3,30,0.38375485912929297,0.8052718967655179,0.6496414002402207,0.8759447522174947,44.42144859216644,48.59461971456956,Medium
SYN-0047,AREA-12,Outer Settlement,Peripheral,REC-00575,1.5216741562550415,107.76202158398634,2750,14605,6.0,0.7127254959392373,10.599675115384883,0.48876732077732427,107.0,3,0,1,0.08679366116860854,0.6482965284003245,0.22240716746332787,0.7003367819572726,47.50732124100967,28.699214383754118,Low
SYN-0048,AREA-01,Central Market,Central,REC-00576,3.1776955176703607,260.3814675439795,33787,6346,123.0,0.603910921818391,15.018113253800209,0.19355861385601125,420.0,3,2,21,0.39360349363476965,0.3600738652051369,0.1269122964897835,0.9279068200360234,64.50030991858299,53.68205053627045,Medium
SYN-0048,AREA-02,Riverside,Peripheral,REC-00577,3.200975224769377,226.13875979590833,11449,4851,24.0,0.4482689599815142,30.515872238922814,0.7039653477383812,69.0,0,6,10,0.39167012569441434,0.7342941403306484,0.30155028172391196,0.6814043167144731,87.39838414303328,63.27488008845531,Medium
SYN-0048,AREA-03,Old Town,Central,REC-00578,2.070868805614419,182.5729889442471,17938,17750,39.0,0.5545008225975245,10.063380404393168,0.34447563167268763,435.0,3,6,8,0.3103957824701269,0.7461752400177839,0.648319478243405,0.8330538938682441,53.33982664447604,40.94328233979598,Medium
SYN-0048,AREA-04,East Gardens,Residential,REC-00579,2.597419107395349,207.114893772452,17904,9037,56.0,0.3385252630447009,2.329437862171255,0.04220501217882686,347.0,2,5,5,0.4545489789623468,0.7920280668180937,0.19164034080566214,0.6860729005484466,52.29739892763473,46.83330252248724,Medium
SYN-0048,AREA-05,Hill Junction,Residential,REC-00580,4.132633558420849,310.62955743465886,40779,13200,127.0,0.320064159942271,5.842732214926901,0.24850688781269545,195.0,0,3,24,0.732542895159804,0.4966129665519746,0.7193797481641104,0.9492779661020387,47.90171830991517,67.31655015626171,Medium
SYN-0048,AREA-06,South Ward,Peripheral,REC-00581,2.0527483963002493,188.16926845980277,14934,13328,36.0,0.8105537538824787,21.72780206204741,0.6810408080887077,305.0,2,2,18,0.12945651691147295,0.5605162579502447,0.6010736916728747,0.8559435400263304,63.587363660986156,44.434230255517264,Medium
SYN-0048,AREA-07,North Estate,Residential,REC-00582,1.289088447311254,159.49059365808927,18241,13930,34.0,1.0,17.6129927161894,0.14793004337867247,283.0,3,4,9,0.19461134846831565,0.32624060827576107,0.3461493864712045,0.8409778603194933,50.299775389750636,24.813072947614145,Low
SYN-0048,AREA-08,Canal Quarter,Peripheral,REC-00583,1.4929358838936695,136.54143035309983,16611,19241,21.0,0.6395685405158092,13.895889660901876,0.18074463316026407,300.0,2,6,4,0.1587539941503993,0.35751871885057906,0.17232813981151313,0.7454382165684341,50.029932160410056,31.814448825210434,Low
SYN-0048,AREA-09,West Park,Residential,REC-00584,3.0056999637490143,204.1071069991353,24805,14233,67.0,0.4642462983722974,5.606980912766146,0.5409321130872642,117.0,3,7,26,0.5650514130906,0.4642051421446649,0.8276914993928947,0.8288613590486045,47.396916111324735,72.36128206123594,High
SYN-0048,AREA-10,Lake Colony,Peripheral,REC-00585,3.007145828913838,244.79381581736067,43502,1677,129.0,0.49237413031958827,29.369109005976814,0.4001844838817588,405.0,3,6,39,0.4690746117561282,0.3129027780722203,0.2863998168091022,0.6572281128368747,88.08799489482668,62.076985932842845,Medium
SYN-0048,AREA-11,Industrial Ward,Central,REC-00586,2.888323322147582,249.12961650030456,27497,8309,69.0,0.6483124783553815,19.515757445171978,0.33188745088181043,231.0,2,3,23,0.471687499683712,0.5649714202883447,0.6060133134433998,0.818297289122506,67.88822542410868,52.85405674578934,Medium
SYN-0048,AREA-12,Outer Settlement,Peripheral,REC-00587,3.95376386963048,229.3848419422285,22969,4821,74.0,0.3985594005670197,29.229160939473594,0.18694050218758967,313.0,2,0,16,0.5695667723180462,0.647278034062938,0.6529042052976387,0.7250237081480219,100.09974702106167,60.70917572752177,Medium
SYN-0049,AREA-01,Central Market,Central,REC-00588,0.05,21.580159745589395,34850,5247,26.0,0.6897565580594882,4.691382600287647,0.33804895204219715,333.0,2,5,5,0.2152910584841933,0.34740928719710057,0.5254850335018855,0.9622319780475678,38.08514285210255,25.558730954744764,Low
SYN-0049,AREA-02,Riverside,Peripheral,REC-00589,1.7306317771755642,153.3682082408884,40939,4831,86.0,1.0,29.586613813047727,0.3132653082063114,313.0,3,3,20,0.1344090987412765,0.5945968510303056,0.5673511371384802,0.7453135727774528,67.6047111208153,40.11083013180595,Medium
SYN-0049,AREA-03,Old Town,Central,REC-00590,2.663035239073764,198.68829018806002,3459,17070,7.0,0.7630720266949088,8.138719628406417,0.24191075651160215,241.0,1,0,2,0.3958711276656266,0.7769304508114976,0.3369878917588885,0.8289475564068018,38.74755033023386,44.827066721286215,Medium
SYN-0049,AREA-04,East Gardens,Residential,REC-00591,0.5116600657175341,77.29170231684702,58141,17729,53.0,0.9046239463507852,11.854028190334112,0.5763287849548937,227.0,2,1,22,0.09818849201234521,0.09910237356776364,0.5699756475259554,0.6510996941124308,35.1803897909097,36.33518635635566,Low
SYN-0049,AREA-05,Hill Junction,Residential,REC-00592,1.1100394681989891,93.43019363783509,59776,4443,78.0,0.7583771588328392,10.58452129491964,0.18970040536019805,274.0,1,7,12,0.15484332256733724,0.22787025472599423,0.7589975003801581,0.9100050708496299,35.13536571796262,37.77950681293447,Low
SYN-0049,AREA-06,South Ward,Peripheral,REC-00593,0.8115711438480085,120.86444667904031,40159,11246,53.0,0.8848567231508313,30.53474503293831,0.4525188951680665,271.0,3,1,19,0.043589539383176765,0.22855874327151904,0.7213959825433481,0.7062415816016815,74.569668737288,28.391636688463294,Low
SYN-0049,AREA-07,North Estate,Residential,REC-00594,0.6984078407688823,86.93817824064934,38412,9312,41.0,0.9616702560965015,6.516055776049483,0.3124720705471105,374.0,3,3,5,0.0,0.6756361804873598,0.2784570333546184,0.9995718688565239,28.654740532098927,20.946965406287546,Low
SYN-0049,AREA-08,Canal Quarter,Peripheral,REC-00595,1.1528750736124733,60.94372143383867,45908,15142,75.0,0.7296551882583951,30.113388073117957,0.5802811103098882,354.0,0,2,35,0.10916477149506792,0.5354617883075345,0.7261954541604076,0.7524874662793675,79.6804386849435,50.161867984324225,Medium
SYN-0049,AREA-09,West Park,Residential,REC-00596,2.555872904578509,228.07336999368349,30054,17399,59.0,0.697177949395906,21.14219859669551,0.11802040957539223,310.0,0,3,12,0.3108526364496078,0.5852717656271635,0.6439519966457335,0.8829030780457474,71.67642425116782,41.816793929901216,Medium
SYN-0049,AREA-10,Lake Colony,Peripheral,REC-00597,2.8837940180209216,251.2936808149042,25343,9455,72.0,0.4627424849701172,29.266392648062766,0.34519976485978243,187.0,3,1,16,0.6821392874623845,0.5452028521288139,0.44900073445807076,0.9859805868811715,90.41135746025152,63.337848475966155,Medium
SYN-0049,AREA-11,Industrial Ward,Central,REC-00598,1.1451332975987871,113.31360548002796,24543,8646,38.0,0.887904810222246,8.50166485900719,0.060988598222261436,242.0,2,3,6,0.46261906103156414,0.15537013635469082,0.4889834121364319,0.9147084665360725,26.136062861785113,27.75430544272965,Low
SYN-0049,AREA-12,Outer Settlement,Peripheral,REC-00599,2.9379328488824816,175.78445164477043,12483,9723,32.0,0.555852943270873,17.87570654838377,0.3352545273791623,,2,6,9,0.4835604734542746,0.6778768427735089,0.5130636521494523,0.7724038143607976,62.147197854706214,50.462684851674496,Medium
SYN-0050,AREA-01,Central Market,Central,REC-00600,1.6161958867407629,172.1114520404069,55073,10160,103.0,0.8149306007461364,5.2853981121825395,0.2591876771595089,,0,0,23,0.10079519628756575,0.4479271755871129,0.723123841858746,0.9722720018590851,24.774956698931284,48.64264315094773,Medium
SYN-0050,AREA-02,Riverside,Peripheral,REC-00601,2.990687526513928,203.7341750645082,22536,19488,75.0,0.49621437408668034,19.985433533743745,0.4225375980986328,214.0,3,3,21,0.5870132137711394,0.3579293410169798,0.5895092380672825,0.7244368876976889,76.70995107147228,64.64899358293837,Medium
SYN-0050,AREA-03,Old Town,Central,REC-00602,1.5130957854302696,127.51227431546623,20275,2981,39.0,0.9553098060251041,6.2212593249428005,0.20670597365355628,286.0,3,6,7,0.13445345194689717,0.35421285372556865,0.778125150254145,0.8720657245514627,26.7562164500831,22.217303230223166,Low
SYN-0050,AREA-04,East Gardens,Residential,REC-00603,1.6925809659899784,132.7929850721223,62767,3715,138.0,0.5713858104311883,14.16961223163168,0.2568917239942675,194.0,1,6,32,0.21619630123363642,0.25983330180323194,0.7564080264852787,0.9107630420669603,55.175007212629254,64.34886485647641,Medium
SYN-0050,AREA-05,Hill Junction,Residential,REC-00604,1.8801142832673308,119.02168327892053,34169,8151,75.0,0.641038126915562,19.221503387278798,0.4358362874272405,61.0,3,7,21,0.23789043320256037,0.5895978231358819,0.8310958113836947,0.7749149274892543,66.52567129388132,41.260249255291235,Medium
SYN-0050,AREA-06,South Ward,Peripheral,REC-00605,4.130817648647091,308.6870991630919,41363,8247,148.0,0.30487281150712986,29.943004271603623,0.29564069261339354,114.0,2,4,33,0.6284089288833734,0.5853268047388971,0.7998997851360533,0.9409447344520636,93.82727306313512,83.84015176702077,High
SYN-0050,AREA-07,North Estate,Residential,REC-00606,2.2687631650288944,193.55202117821037,17840,10019,53.0,0.5947890469444459,10.189786565640976,0.08641727041071967,112.0,3,0,7,0.3355607639925923,0.5500286557516746,0.11671823839742529,0.8153859650073945,40.910898464794315,38.32482750740234,Low
SYN-0050,AREA-08,Canal Quarter,Peripheral,REC-00607,1.021923081191892,109.82687844787101,19844,19745,34.0,0.6894068640438622,19.062314149173588,0.2764168511144293,330.0,2,4,10,0.012700279612470194,0.5489866775347918,0.39025059799560824,0.9515323921404479,54.26728888936223,24.328560580143062,Low
SYN-0050,AREA-09,West Park,Residential,REC-00608,2.362933001373749,187.3107182086223,48021,11889,119.0,0.8237183937544804,11.806137549667357,0.30304916165720247,411.0,1,7,31,0.3095805274964536,0.3359412563822186,0.39891311883605995,0.7250978442607274,31.523037474672144,48.78018479998972,Medium
SYN-0050,AREA-10,Lake Colony,Peripheral,REC-00609,1.2982686754855899,102.03821129858422,30682,5580,53.0,0.6803658685570905,29.14467638387637,0.2821130358189089,369.0,3,4,9,0.3387714223245438,0.1808993839162759,0.6495268530421544,0.9634745068824453,75.76951327024372,38.738404902797406,Low
SYN-0050,AREA-11,Industrial Ward,Central,REC-00610,1.1959345588320958,161.8087026936524,11734,5657,21.0,0.6130638384378297,2.6529135920234377,0.2727372511300923,244.0,0,5,6,0.19529559362711732,0.16974722586190555,0.5534113675520769,0.8365716311377427,33.60620796800728,30.44427039725492,Low
SYN-0050,AREA-12,Outer Settlement,Peripheral,REC-00611,2.3146157930667517,196.01020173553823,54719,2663,107.0,0.5051527814505412,16.43165007352578,0.3346786386795546,105.0,2,1,30,0.4008069598231111,0.5802283290494181,0.8924031828732185,0.800046044653952,66.3091996654952,54.610324899191006,Medium
SYN-0051,AREA-01,Central Market,Central,REC-00612,1.056145429797328,80.58478731377357,27672,858,39.0,0.8591132207244387,5.139490999908815,0.4508279716986138,413.0,3,5,11,0.0,0.670002630197208,0.5946852034355466,0.7323758892679699,21.573864422683226,33.173172367994056,Low
SYN-0051,AREA-02,Riverside,Peripheral,REC-00613,1.2541376911898507,134.7325681795739,44277,6278,61.0,0.70918346712818,26.279119418155428,0.3859281604399925,237.0,3,1,17,0.32275698755450294,0.49055543291901843,0.553620415141076,0.6860791295785807,64.14668043027402,49.67120114538347,Medium
SYN-0051,AREA-03,Old Town,Central,REC-00614,1.0424651370726399,118.69301124559618,23829,14177,29.0,0.9207793737714001,8.943597530322334,0.36363197803851377,350.0,1,2,8,0.09148180269253244,0.28072104562609695,0.7801746957393817,0.7519239023227622,29.03205894890855,33.11137164415374,Low
SYN-0051,AREA-04,East Gardens,Residential,REC-00615,1.3005434608647537,142.9953984210751,37540,16799,63.0,0.8748505444495913,21.25049168525796,0.5369871732012245,173.0,1,2,15,0.3516334700015823,0.4645138257647668,0.7320190511891007,0.7891791431401884,60.00534160615092,43.17519811497931,Medium
SYN-0051,AREA-05,Hill Junction,Residential,REC-00616,1.3712496775293253,128.1647032326053,50976,14129,96.0,0.7913659133227762,21.563187993760785,0.117589606455035,173.0,0,0,13,0.2470545894252778,0.17242369322543677,0.22835409919421698,0.8596931582529956,65.63981007753127,36.262641331064486,Low
SYN-0051,AREA-06,South Ward,Peripheral,REC-00617,0.05,24.571180478376437,57822,19913,44.0,0.729835229010548,28.49795256056814,0.3608482772913788,272.0,2,5,5,0.0,0.22751350433439374,0.4871640064981526,0.9031641577719534,79.0193612612937,29.420167145411305,Low
SYN-0051,AREA-07,North Estate,Residential,REC-00618,1.5645350944680327,100.6116486343191,15459,5341,31.0,0.7280283765779679,11.68827815806542,0.29047238868092085,327.0,2,0,7,0.05942109761186384,0.7260938404365085,0.8934025508773643,0.6649660556810525,39.22305621268051,29.583497397028854,Low
SYN-0051,AREA-08,Canal Quarter,Peripheral,REC-00619,0.2456614237161654,40.059085834134834,44527,12650,33.0,0.770874213885121,29.549570957043596,0.40751283341245653,78.0,3,6,13,0.30192508551073,0.26480158900710626,0.6663064945922892,0.983004393893504,81.90466183154832,28.05542852732663,Low
SYN-0051,AREA-09,West Park,Residential,REC-00620,0.05,0.0,59664,15571,47.0,0.9587875436776493,8.915308096714902,0.27546604421633114,205.0,3,6,7,0.10472300609901941,0.38794771805494227,0.11880720461407873,0.7370223617175616,31.45198675207622,37.48489983700718,Low
SYN-0051,AREA-10,Lake Colony,Peripheral,REC-00621,0.9845479644934599,113.01963464163009,42670,19797,79.0,0.8251035092018619,18.249135290904483,,422.0,2,1,16,0.26766025537825716,0.8266209078785299,0.14922380350671124,0.8875145726095995,57.19213415909477,32.638759535804965,Low
SYN-0051,AREA-11,Industrial Ward,Central,REC-00622,1.0984617622319695,63.21529960893466,11443,6134,15.0,0.8947076832351746,10.931488131492708,,286.0,1,3,1,0.40133628502630997,0.23506635701431433,0.6851712042779008,0.9323430123125211,31.620576125352265,30.921130012398123,Low
SYN-0051,AREA-12,Outer Settlement,Peripheral,REC-00623,0.47647202792258125,60.3070173878554,14360,3971,19.0,0.912174601739841,24.640186178300368,0.4882738630476329,66.0,1,0,10,0.10630244612122688,0.5843951153208139,0.7186532633172703,0.7960593983131943,65.36041630635853,33.03609003652985,Low
SYN-0052,AREA-01,Central Market,Central,REC-00624,3.9490369371155594,318.55630881979926,15175,19556,57.0,0.40104484437148635,2.333078602069645,0.11174359046034643,305.0,1,1,11,0.8204608290184037,0.5836932051647024,0.7555738775411588,0.8032002600759163,42.96640899569259,48.04694455768122,Medium
SYN-0052,AREA-02,Riverside,Peripheral,REC-00625,2.2104713178844544,176.41815033718248,9149,12768,26.0,0.7515373076903443,21.253229000652837,0.5152905460526702,377.0,1,6,9,0.3109828553844563,0.3811128115742426,0.33412205377382753,0.6667365040208861,55.69059719714009,57.34078141224018,Medium
SYN-0052,AREA-03,Old Town,Central,REC-00626,2.9586564519631326,230.53984368412625,49608,15783,134.0,0.6665287182367678,21.28273627748733,0.3559836086444061,390.0,1,2,29,0.581618832600507,0.37331532460827305,0.7448553751766898,0.7928492770135527,62.826136361118024,57.84305499400351,Medium
SYN-0052,AREA-04,East Gardens,Residential,REC-00627,2.8163121430347795,236.36460135982026,62821,12055,181.0,0.6191844617961657,2.41366025887854,0.19955057259140793,119.0,3,2,34,0.3937737522814986,0.6394785968336064,0.8937153026071516,0.9779984772926726,22.454400147778706,49.82089323650437,Medium
SYN-0052,AREA-05,Hill Junction,Residential,REC-00628,3.2469416347097084,266.4503983204057,34804,3269,122.0,0.6178297612659971,2.81229915100207,0.26993802886665236,111.0,2,7,20,0.4806938836601672,0.3414668700169928,0.560903639019592,0.7792288359432482,26.849798413922077,55.649025876180914,Medium
SYN-0052,AREA-06,South Ward,Peripheral,REC-00629,3.507302878698971,299.1118963582564,39928,3064,138.0,0.30788634722642017,29.81978275339949,0.35462751767459366,356.0,3,2,20,0.596190548837675,0.36288481930172367,0.5783422506542796,0.9640541488289407,96.80613101956641,74.9261038501857,High
SYN-0052,AREA-07,North Estate,Residential,REC-00630,2.477897091282344,217.96340130506624,50856,6714,118.0,0.40004390130522127,18.455282191400492,0.30010316471842646,403.0,0,1,25,0.2608949793518905,0.3558136520689041,0.29536723177669655,0.8953123651639001,63.671035308809635,66.92590937549261,Medium
SYN-0052,AREA-08,Canal Quarter,Peripheral,REC-00631,3.8636375929461626,301.87098154495294,28480,12509,78.0,0.26628717269916385,10.013428950546215,0.22862818457781073,155.0,0,0,14,0.6834705055093222,0.7482650959831104,0.2725773992360632,0.9597057754686094,64.93646487535207,72.90632332913295,High
SYN-0052,AREA-09,West Park,Residential,REC-00632,3.3346133456489397,197.90635839694488,32028,19170,72.0,0.6228489664782086,10.478456856014047,0.29722035835323407,107.0,0,6,19,0.5183339057565777,0.49155049614201735,0.10629805887035451,0.7185539507478413,51.676360399726576,56.74067084138795,Medium
SYN-0052,AREA-10,Lake Colony,Peripheral,REC-00633,1.7706544483316515,162.3423303082568,39313,10959,62.0,0.6417343019962445,16.499829102988876,0.49267481853518774,363.0,0,1,16,0.05660179878742025,0.32047565741995737,0.2720466813651099,0.8840534877986744,56.678355545386786,37.84187701894681,Low
SYN-0052,AREA-11,Industrial Ward,Central,REC-00634,1.717338298663555,201.3840815777975,21540,10683,54.0,0.7431525014657575,4.518802862399968,0.29323825790309765,352.0,0,3,16,0.23130362348618838,0.6597388183062284,0.22143911010569647,0.6848033948514742,26.027570465972705,34.61590595429606,Low
SYN-0052,AREA-12,Outer Settlement,Peripheral,REC-00635,3.274356016637731,272.2553171621022,6363,15248,22.0,0.3198493491773903,11.097646270741235,0.3483722041285596,415.0,0,0,6,0.504319438394548,0.3344606540380619,0.6302155666655463,0.8205878249152289,59.18193922998742,53.68489995328131,Medium
SYN-0053,AREA-01,Central Market,Central,REC-00636,2.75464512132189,248.14126188510448,37985,13895,123.0,0.379650583904951,6.24809137806403,0.2760874272891693,328.0,2,4,30,0.5614478960009041,0.8078528850974398,0.13288513880998842,0.9034913037030782,54.60564616307154,46.91441465499237,Medium
SYN-0053,AREA-02,Riverside,Peripheral,REC-00637,2.848682884691266,204.93601283560506,53882,16694,176.0,0.6521658706409976,23.70742094003092,0.36589295350587514,423.0,0,5,52,0.5090042350811309,0.5432509788396541,0.8747732170889458,0.7066107258723817,74.45190722446348,65.13756878968613,Medium
SYN-0053,AREA-03,Old Town,Central,REC-00638,2.909033010326799,227.021339291924,7076,6425,26.0,0.5677880095368554,7.38186643167403,0.49280573171682623,378.0,2,2,3,0.6585355190972442,0.4804940609972212,0.8359643489507333,0.9855652016868475,33.05577882078849,53.352445006169575,Medium
SYN-0053,AREA-04,East Gardens,Residential,REC-00639,3.111866847159118,259.2084770162236,16040,4869,51.0,0.5127940835700605,7.460277381670056,0.2704567579229722,394.0,0,0,11,0.5810576260014988,0.3700550121562331,0.35232804806007567,0.8144370192091535,33.13993166285273,57.876019127410444,Medium
SYN-0053,AREA-05,Hill Junction,Residential,REC-00640,3.6895386634296132,293.11078348209776,18937,13676,64.0,0.40286703506882937,6.51271696846162,0.2727166141635703,356.0,2,1,17,0.5484477821434879,0.6125059595352406,0.8294793058905046,0.8066422400798763,42.38094108681354,64.19450408075281,Medium
SYN-0053,AREA-06,South Ward,Peripheral,REC-00641,2.0425350548169265,196.46791188681544,52784,2645,114.0,0.7445877896408257,12.039335694639503,0.5197591730117084,214.0,3,6,39,0.3334193858789708,0.29531015304948105,0.48280788503204,0.9600921291234039,44.07965825978309,57.812162587815216,Medium
SYN-0053,AREA-07,North Estate,Residential,REC-00642,1.9938417012303373,135.5700203340312,34037,15637,78.0,0.8266242593132789,13.453078407757719,0.15141205811125086,84.0,3,7,15,0.2905411857756712,0.6818460284261005,0.7876072111517866,0.9510685945954626,35.32910634494943,38.949534744459164,Low
SYN-0053,AREA-08,Canal Quarter,Peripheral,REC-00643,2.056759889241067,149.89637532467864,35898,18525,57.0,0.4759848798009361,25.35853052986961,0.3150336055159162,215.0,1,5,18,0.40135005760709147,0.5588854777342587,0.6506560379893165,0.9708701717820063,80.6473771768694,58.253441654623664,Medium
SYN-0053,AREA-09,West Park,Residential,REC-00644,3.162552309285939,206.75206507199397,42828,13260,132.0,0.6969878325051927,21.58042936717141,0.21842588373974664,148.0,1,7,35,0.5342707092432438,0.9040832557661664,0.174329023629071,0.8844294556497881,56.899522404300455,54.0584864540646,Medium
SYN-0053,AREA-10,Lake Colony,Peripheral,REC-00645,3.9273768784681296,303.03904564484174,19785,14942,66.0,0.3127587867439098,14.758567128643671,0.6482400274579102,430.0,1,0,28,0.5791356570029509,0.48332602286784865,0.6706848912216241,0.8816922224285542,67.0467886451263,70.23142857745903,High
SYN-0053,AREA-11,Industrial Ward,Central,REC-00646,2.5863474249593645,202.49394637033697,47096,10940,130.0,0.5646462979472218,4.421526485516427,0.29622530080390413,186.0,3,6,24,0.43208996068739586,0.3101090437151315,0.6118896595858413,0.7304050629212757,37.344883808770206,54.059075038121364,Medium
SYN-0053,AREA-12,Outer Settlement,Peripheral,REC-00647,0.9300591002232497,94.61662790243992,4388,7566,7.0,0.7145582395530391,24.852742297840415,0.34122724470120813,405.0,3,7,1,0.21035152990377928,0.20745453223979943,0.7447323643423988,0.9097940984822861,79.64411888444864,33.2044834941912,Low
SYN-0054,AREA-01,Central Market,Central,REC-00648,1.6847336541418079,129.08798795052132,9607,4805,17.0,0.6701416183583593,7.786786955155292,0.18571312671146564,185.0,2,7,3,0.16001835776075451,0.9209511351626801,0.7125973227021236,0.8675308769726133,38.107263675721235,32.346462318294364,Low
SYN-0054,AREA-02,Riverside,Peripheral,REC-00649,2.381498565993299,169.49383625390982,53489,10965,124.0,0.3880849484310833,20.679884284340844,0.3090094774130355,238.0,3,7,28,0.43495747906291443,0.5367006611474198,0.6859225080645612,0.7700757244358607,74.06047490486326,54.816649022407994,Medium
SYN-0054,AREA-03,Old Town,Central,REC-00650,2.6017448342339367,209.1688790231079,43637,18128,105.0,0.7288914390682796,15.879011559654877,0.12703283533914242,325.0,1,4,18,0.2441821675007705,0.5495062813012319,0.6165485414258952,0.98830627625715,59.270386184154425,46.0940233526669,Medium
SYN-0054,AREA-04,East Gardens,Residential,REC-00651,2.721217042426327,250.09989284268258,13528,16536,33.0,0.5925450309765381,9.810757264584817,0.2914372514761775,203.0,2,7,6,0.5862047349147141,0.47316398121999687,0.7865896582946128,0.8201716011995159,49.1855731462985,56.3851626179255,Medium
SYN-0054,AREA-05,Hill Junction,Residential,REC-00652,3.078792842614842,287.14358254959086,29922,7734,95.0,0.6430341460713546,8.798684575086256,0.26252462203005167,324.0,0,3,21,0.5763938377284439,0.7847657030307973,0.7232579983935535,0.903178739935989,42.089233502539926,47.364743950414606,Medium
SYN-0054,AREA-06,South Ward,Peripheral,REC-00653,2.7985308795721506,269.03211166235434,5737,3672,11.0,0.5226712765954444,19.231861560744715,0.20135587364959445,78.0,0,1,2,0.6619357775366409,0.3825750914811279,0.6886583932857409,0.8830883261099154,66.03577675152633,63.22368764748131,Medium
SYN-0054,AREA-07,North Estate,Residential,REC-00654,3.887399632664834,278.6282540237498,44490,19799,169.0,0.521588984789312,10.59595747537254,0.5265805398767784,282.0,2,6,68,0.5139083660044212,0.6078192649636662,0.19807819874396407,0.653686412726695,58.83276582488679,72.54601530843334,High
SYN-0054,AREA-08,Canal Quarter,Peripheral,REC-00655,2.507114099685013,167.47176131909706,49742,525,115.0,0.2834856093952477,10.015847581635366,0.346476856792011,188.0,1,5,37,0.5538665574054773,0.5717719522914775,0.8777212348446847,0.8098565926030066,55.03155155413483,58.264321354081225,Medium
SYN-0054,AREA-09,West Park,Residential,REC-00656,2.358073576649674,219.785811903561,19899,4072,47.0,0.5658584693462035,4.9607717612393465,0.4117341820120272,111.0,2,5,11,0.5053058704031212,0.7002020663966015,0.8008010002706575,0.8624435297061336,29.900716253841892,49.51532731908476,Medium
SYN-0054,AREA-10,Lake Colony,Peripheral,REC-00657,3.431028375046478,301.2553546378125,24377,11155,71.0,0.4679797981417148,22.795908918135122,0.31328377980207134,233.0,3,3,15,0.5499702168427995,0.6772999602491738,0.5283924846556091,0.99997038737487,75.91419210372828,63.21090921251216,Medium
SYN-0054,AREA-11,Industrial Ward,Central,REC-00658,1.8194142882892128,170.79017877662085,17301,16844,43.0,0.592302316343194,1.3663537270220432,0.3596176587740096,89.0,1,7,7,0.25803851234828,0.7679491965164705,0.820001288397736,0.7040169262707836,27.459058772181564,34.28939800869764,Low
SYN-0054,AREA-12,Outer Settlement,Peripheral,REC-00659,3.35968130848611,257.69044699624857,26833,2316,87.0,0.4544124268694123,15.80527421154456,0.17610263377596297,380.0,3,2,17,0.4297293579688807,0.41435385684909565,0.5304821933437915,0.8886828005035622,69.46149981302072,60.18087067127384,Medium
SYN-0055,AREA-01,Central Market,Central,REC-00660,3.3483494466345007,238.83658562504235,19519,5292,65.0,0.36434652786894095,10.248997393865567,0.36941401609198765,409.0,2,4,18,0.39656107737905094,0.5021636679049384,0.5402151337444607,0.8028154284301338,56.70250497563308,54.999715319605734,Medium
SYN-0055,AREA-02,Riverside,Peripheral,REC-00661,3.148352907718953,262.80944952204266,17941,19262,48.0,0.44120387093870994,19.278391646131755,0.5060146348473036,172.0,1,3,16,0.434577366283062,0.8035466773332792,0.7739517388088901,0.8146802946256766,75.48451124494834,54.93231065270011,Medium
SYN-0055,AREA-03,Old Town,Central,REC-00662,4.536927785372897,352.17168913316925,29387,1836,98.0,0.5580289573201213,2.0037040318211328,0.16535194018528288,,0,2,19,0.6054615538071281,0.6736633356932671,0.4095647252237402,0.7054196780997433,18.88422325199038,58.274525831122624,Medium
SYN-0055,AREA-04,East Gardens,Residential,REC-00663,2.7685409434177126,228.44472036162605,56198,4472,149.0,0.7053562817613153,19.382511905954182,0.1317426906468964,164.0,3,5,27,0.652910188600493,0.7025362802658804,0.6756119781368035,0.8355432719383993,58.87967441270872,55.15885160070883,Medium
SYN-0055,AREA-05,Hill Junction,Residential,REC-00664,4.91454543607275,326.2518477287257,50170,1164,223.0,0.08987472525692683,2.9000528980749465,0.235785469436932,385.0,3,1,51,0.638844675219852,0.7146261832855589,0.7426514534835797,0.6660457536807689,59.58391978430066,80.19711625220268,High
SYN-0055,AREA-06,South Ward,Peripheral,REC-00665,3.0859617402710073,210.78013591217768,21083,14856,74.0,0.5497699248800011,28.390328130039887,0.4228277984051723,50.0,1,0,16,0.5321944140845659,0.6064266495187551,0.8193844211033138,0.7949369830904123,79.39537935508032,48.9849920529128,Medium
SYN-0055,AREA-07,North Estate,Residential,REC-00666,2.2446937436773045,183.08773844083692,61427,6924,140.0,0.9044114630927274,21.80706523043077,0.1911378859644166,95.0,2,5,25,0.42640023917243003,0.26583657954442474,0.6010835480630814,0.7919316724810579,56.041678892151914,47.37686226682411,Medium
SYN-0055,AREA-08,Canal Quarter,Peripheral,REC-00667,3.322242564449347,287.2021500800057,15637,14365,56.0,0.7505279621965,13.75137339702173,0.17265612187621157,56.0,3,3,8,0.5966070019086455,0.7010222027592565,0.3307751766044321,0.7107323383593006,51.67697109362812,50.96647082817523,Medium
SYN-0055,AREA-09,West Park,Residential,REC-00668,2.4053107393984723,223.63553763098537,59421,831,160.0,0.7202655849804566,2.4820847004184854,0.18107060470248168,294.0,0,1,39,0.4543197564809563,0.581131052053069,0.7257076258059395,0.9991779201571422,23.62994899239265,54.69328869344217,Medium
SYN-0055,AREA-10,Lake Colony,Peripheral,REC-00669,2.664902221402687,201.24575366311817,21828,3742,51.0,0.3431832981373812,12.5432986904081,0.3426782453701685,371.0,3,7,14,0.5577184083277422,0.3248276396729261,0.1738830667867183,0.8993483102691489,65.27146535837383,50.10107486021594,Medium
SYN-0055,AREA-11,Industrial Ward,Central,REC-00670,3.58393353966588,218.1493809213042,36266,2738,147.0,0.5504106618097082,18.903291078425706,0.2591856498359095,316.0,0,7,36,0.5438115971185796,0.5761213529456631,0.6195754850757813,0.9844771266204031,62.769511182947916,62.63720987682008,Medium
SYN-0055,AREA-12,Outer Settlement,Peripheral,REC-00671,3.710772570573587,321.25784123869425,15196,996,45.0,0.5520158719206736,30.419502091099982,0.43989679010542976,107.0,0,4,9,0.6289681725784233,0.4844754801609271,0.6661028174181575,0.9098716297023856,88.57150453429009,59.64402672969409,Medium
SYN-0056,AREA-01,Central Market,Central,REC-00672,1.8385324311023958,196.7317892278487,50126,711,107.0,0.7201548780756282,13.420785302922415,0.39981988690470016,203.0,1,2,21,0.2711946902945117,0.8305904634366454,0.8004997454477342,0.822871051483128,51.39046894424663,47.827677117930065,Medium
SYN-0056,AREA-02,Riverside,Peripheral,REC-00673,3.126190707342923,246.92013230297798,22353,4989,56.0,0.5675063717178976,29.892462845927252,0.7266298001609597,436.0,1,7,22,0.6773348555071756,0.485143294334425,0.41613315071493895,0.8644611403680718,81.62615494382668,64.29862534738443,Medium
SYN-0056,AREA-03,Old Town,Central,REC-00674,3.2622727977227095,239.14817444403673,57035,17259,182.0,0.4425294484534981,17.163403066490517,0.27559453523018945,380.0,1,1,48,0.7956960437707701,0.32538971272914796,0.7035310099337427,0.7087673610656154,62.5551304993874,72.56781720349889,High
SYN-0056,AREA-04,East Gardens,Residential,REC-00675,3.4853079965564353,257.32915996476413,7683,11048,21.0,0.5567392708573211,12.942787880171531,0.4028121043490069,64.0,2,0,5,0.4376126148733742,0.8150264428460243,0.5517067146909892,0.7035252253112472,58.18722275142579,51.697974319693735,Medium
SYN-0056,AREA-05,Hill Junction,Residential,REC-00676,2.75979731700638,247.32083008511037,33875,15282,71.0,0.31487883379869147,20.200270003617813,0.12880556238691185,102.0,1,4,12,0.21623411838854445,0.6566016225869408,0.6026633060942327,0.8202191609433847,73.86609009503711,42.42951501527316,Medium
SYN-0056,AREA-06,South Ward,Peripheral,REC-00677,3.4270095609743616,278.86245749000506,12408,2964,35.0,0.28617841564318314,19.83329889343516,0.22483348965955774,370.0,1,4,9,0.6394640484446762,0.5155844595057439,0.6479813733705089,0.72106970143258,78.85147583547841,59.11516603021866,Medium
SYN-0056,AREA-07,North Estate,Residential,REC-00678,0.8316278489265563,81.21553986844886,58059,18036,62.0,0.8828376234764593,9.64448152841476,0.4698686149474643,308.0,2,2,22,0.26704938759604446,0.3871323816467813,0.22562882333543222,0.9195063447550431,38.844712766411604,32.67237970332395,Low
SYN-0056,AREA-08,Canal Quarter,Peripheral,REC-00679,2.0819413524030326,241.37467800982327,28565,18831,54.0,0.5449254029944032,25.118024123354132,0.268387395819719,87.0,3,5,12,0.58182750299032,0.5506829663318648,0.691896549707004,0.7539339044825135,78.89971738615951,54.471514166009456,Medium
SYN-0056,AREA-09,West Park,Residential,REC-00680,1.6426623862470615,100.87352500896837,44654,12135,93.0,0.6139531666123218,16.721997519476304,0.3866340052729439,141.0,2,1,22,0.36232390652050894,0.5517853474520125,0.17613108455580717,0.6805709493955896,60.24996438366082,55.33215638951415,Medium
SYN-0056,AREA-10,Lake Colony,Peripheral,REC-00681,2.431647280207716,180.00949524385973,57466,15763,147.0,0.47961063700072504,17.44470169088459,0.14726484686644203,300.0,1,2,30,0.5727682617437508,0.4655870992716957,0.8792941924650161,0.8548912227519687,73.45256930101681,58.458551533171814,Medium
SYN-0056,AREA-11,Industrial Ward,Central,REC-00682,1.8791072159484126,144.76492678763043,35977,8545,86.0,0.7764835955833818,10.987646003140739,0.4918714970204722,366.0,2,1,30,0.5123918239365594,0.5325592389910545,0.21384560093025995,0.8444069936078613,52.4193922246829,45.8287830396016,Medium
SYN-0056,AREA-12,Outer Settlement,Peripheral,REC-00683,2.2033403177460165,186.39891731865018,6080,4872,9.0,0.5611850450623315,14.532330201769446,0.19497247219610428,350.0,3,0,2,0.5429967188867068,0.6533141867019047,0.8889762284762832,0.7414037178522965,57.29800449664071,40.078443262480924,Medium
SYN-0057,AREA-01,Central Market,Central,REC-00684,4.159401960467102,344.33235713011004,16295,17592,52.0,0.4249962339191099,3.515727612839087,0.4512624000888989,73.0,0,0,18,0.7989729212974283,0.4245527664088791,0.300519615239097,0.69506657891404,37.91133409055673,71.94366936721093,High
SYN-0057,AREA-02,Riverside,Peripheral,REC-00685,2.51788621916756,228.52266258422964,15792,2704,37.0,0.6153321856868303,17.388079399556915,0.34829123706720755,132.0,0,0,6,0.26578255564137065,0.33064980067361205,0.42607241699890597,0.8699917762800613,64.32937961983997,53.90999814929,Medium
SYN-0057,AREA-03,Old Town,Central,REC-00686,2.9846959100560335,237.8061111197966,59636,8054,153.0,0.5409630485041658,11.348625919755385,0.37765254762226,266.0,3,1,48,0.4964458956420694,0.44209968937091126,0.5564036970632944,0.9091234093915286,47.17460913582752,63.18823230014537,Medium
SYN-0057,AREA-04,East Gardens,Residential,REC-00687,2.4678465923644746,160.59649396140867,59271,1817,163.0,0.8176028230352033,4.30303289975522,0.2692845597666664,269.0,3,4,36,0.44731239968117925,0.30166495493127865,0.4836019123494917,0.7161793243351261,32.4671929897997,55.63476689619073,Medium
SYN-0057,AREA-05,Hill Junction,Residential,REC-00688,2.7142326866693294,245.07980596275587,32309,6455,76.0,0.5012948959341244,4.423277138357795,0.29399202493453835,439.0,2,3,11,0.4403949584616538,0.9202013901014607,0.6654711622005733,0.9110647191208392,36.05871027214484,40.794408994187805,Medium
SYN-0057,AREA-06,South Ward,Peripheral,REC-00689,2.65847540065272,178.74394787724748,58125,16483,142.0,0.7391737502757614,12.603479147664682,0.31387459533360285,360.0,2,1,38,0.4385065185002626,0.3367249246816158,0.6411575471041793,0.8794376360162308,43.52331743869687,58.77698024180917,Medium
SYN-0057,AREA-07,North Estate,Residential,REC-00690,3.0123213090823904,223.74631522117502,17875,14999,57.0,0.7118396523877769,19.390900293919312,0.36010992568106553,155.0,3,0,18,0.6901209191562803,0.7395854025213631,0.39350290897027473,0.9210818680121453,55.17791501543936,50.20475082539867,Medium
SYN-0057,AREA-08,Canal Quarter,Peripheral,REC-00691,3.5859080847416043,270.8176247577108,44965,17701,150.0,0.3352531344747087,24.576095644640986,0.696852496240368,110.0,0,0,66,0.5068315454143304,0.3863011917761162,0.7134925648117938,0.6723656913924311,81.49605702844391,79.56612227505825,High
SYN-0057,AREA-09,West Park,Residential,REC-00692,3.971577254386526,273.92838954900355,26995,16415,97.0,0.4092609398781567,4.056068767519331,0.39681413567580204,58.0,2,5,35,0.7578158259417527,0.49530173357067575,0.4909589305175073,0.9881186151466613,47.64363624471983,65.55052745708242,Medium
SYN-0057,AREA-10,Lake Colony,Peripheral,REC-00693,2.901358121831196,203.7795993831816,17529,10757,53.0,0.4986181339370409,23.88674573667644,0.2939373461577298,254.0,0,6,9,0.5215326819573737,0.6967550394053434,0.5948823376695264,0.8808437748170849,79.54109835247927,55.05238191840476,Medium
SYN-0057,AREA-11,Industrial Ward,Central,REC-00694,3.1252995651323445,269.7483543284443,18125,19337,47.0,0.634298572466109,11.202345905906384,0.37595438563553796,101.0,3,1,15,0.4179793741467912,0.8266756285512702,0.6642861392531945,0.7405695634750663,46.76961469936063,55.41316399480475,Medium
SYN-0057,AREA-12,Outer Settlement,Peripheral,REC-00695,1.7329704489554092,196.26923841701722,28738,11510,65.0,0.7687299301742575,21.876150255097578,0.2514730018447438,258.0,0,6,10,0.15963622836880545,0.25006690536015436,0.5924342219199993,0.9570034861367387,73.25482781820551,40.10622715146101,Medium
SYN-0058,AREA-01,Central Market,Central,REC-00696,1.3437119306564336,125.12197058684201,23728,13157,52.0,0.6510093799462893,18.400797791771613,,298.0,0,5,7,0.019794179625119174,0.5454694079715382,0.1625324515373479,0.853259707630136,61.3528680396924,27.48793909658708,Low
SYN-0058,AREA-02,Riverside,Peripheral,REC-00697,2.166244896495801,127.43519189460187,15701,8732,37.0,0.6292188291379375,19.996302288415663,0.3520217660914547,354.0,2,5,7,0.4193100596764862,0.23866801126335802,0.7047218712689046,0.7061876099411598,64.73584697168235,50.61558798230027,Medium
SYN-0058,AREA-03,Old Town,Central,REC-00698,2.106788235322653,185.3573529414519,23384,6321,60.0,0.45106793675930285,7.0501647535500265,0.22149550301897494,257.0,1,2,9,0.34354199494565085,0.28170923094770906,0.48028745131616424,0.9484048891778112,40.49365982750723,53.72933637188609,Medium
SYN-0058,AREA-04,East Gardens,Residential,REC-00699,1.5833011108249702,122.03053369131919,10536,16071,21.0,0.7570617861842461,17.38300091777399,0.2543486947269937,188.0,3,4,5,0.1647902268736154,0.6379741489272663,0.2049515522523155,0.9027641016509736,50.4379734555148,41.844024224611616,Medium
SYN-0058,AREA-05,Hill Junction,Residential,REC-00700,2.123128492243292,188.82086307740425,63104,18414,158.0,0.8772315115404341,4.347701610937384,0.3000262814701066,388.0,1,4,38,0.12872213377488861,0.8440103347527166,0.25267147402623413,0.7481156317674851,18.928008502202776,45.69965046342331,Medium
SYN-0058,AREA-06,South Ward,Peripheral,REC-00701,1.806626691783985,166.29538271539283,26249,17536,57.0,0.4569591792840222,29.41935862054572,0.5274451974535771,304.0,3,4,14,0.3530297568525311,0.6966048110239997,0.2782607828649387,0.8403231914951602,87.1320839604784,50.1694216281893,Medium
SYN-0058,AREA-07,North Estate,Residential,REC-00702,2.374258331196387,137.87877823697687,9211,14901,28.0,0.47569529930870635,20.771933554905655,0.27628240397440373,312.0,1,5,5,0.37486244663402657,0.7145869015870298,0.8095617604262902,0.7897163333445896,70.17643981892087,37.24916058785344,Low
SYN-0058,AREA-08,Canal Quarter,Peripheral,REC-00703,1.6455006501546188,135.24617241929042,38488,6623,73.0,0.6761253209241105,17.243336499806563,0.5597805330725916,429.0,2,4,24,0.18860689173702155,0.5050430144028963,0.5824674464744296,0.6523840471380261,56.01591504714582,53.49262163418038,Medium
SYN-0058,AREA-09,West Park,Residential,REC-00704,1.1294546721321022,131.90528237117667,57695,16551,91.0,1.0,17.217320412607926,0.5964953674874905,432.0,3,4,26,0.072557654397251,0.33154133826993165,0.1443755336482786,0.8172090787332815,47.932047987979296,30.572688604034184,Low
SYN-0058,AREA-10,Lake Colony,Peripheral,REC-00705,1.6826863301353487,146.57901092880408,24995,18060,50.0,0.6834713679112898,29.36205669723282,0.5649323754759303,330.0,2,6,18,0.2518187020784329,0.7363297520172285,0.7417473362190474,0.7324635349468727,81.2594971880001,50.90636267935434,Medium
SYN-0058,AREA-11,Industrial Ward,Central,REC-00706,0.05,10.358972336528424,55327,9438,36.0,0.7644458523742139,20.30373192158915,0.3327517753288364,103.0,0,2,5,0.06473291162204442,0.3972365038551014,0.6578377642458619,0.704045960611524,68.9704041798572,28.14755427795091,Low
SYN-0058,AREA-12,Outer Settlement,Peripheral,REC-00707,1.7203219136969694,171.50987523422395,40676,5213,92.0,0.43717952251687137,12.401892247365915,0.3757375881332267,47.0,3,5,25,0.24712236081893296,0.32262493481094656,0.5117248213315715,0.6824252888071571,60.46808560944076,36.45743278204573,Low
SYN-0059,AREA-01,Central Market,Central,REC-00708,0.05,0.0,48703,13332,39.0,1.0,4.523254900773765,0.5274463842181656,278.0,3,5,16,0.0,0.11284537717313566,0.76068228112656,0.7281993574534608,15.513881146946531,30.799135624075443,Low
SYN-0059,AREA-02,Riverside,Peripheral,REC-00709,0.05,50.27108951248509,21015,4798,20.0,0.7314909096845079,20.29854021467726,0.3915639710565759,101.0,1,1,6,0.0013583387290747803,0.1797827055716466,0.714502773404987,0.9158265598149817,63.598247619034815,25.350492521763528,Low
SYN-0059,AREA-03,Old Town,Central,REC-00710,1.7024067932717504,134.48489973488267,4808,19517,10.0,0.7780654042106336,12.59374101163307,0.34860181396742834,414.0,1,5,3,0.4092001616156058,0.4243674448037096,0.5025074122492772,0.7755602435524798,44.82104013651154,33.64819546024815,Low
SYN-0059,AREA-04,East Gardens,Residential,REC-00711,1.7230153823323993,165.01764776388274,24115,17100,33.0,0.7822972600654967,8.226136204500442,0.44855646909179114,,3,2,12,0.2920013413380385,0.37686492794761917,0.6896512460856351,0.6986718993841501,42.14288623555672,41.00343515626689,Medium
SYN-0059,AREA-05,Hill Junction,Residential,REC-00712,0.4110488884070188,59.87430281074329,60278,13325,48.0,0.8836822543440921,2.609092042799317,0.20182622879249984,144.0,2,5,11,0.07671897314315107,0.523444389628099,0.11847435417695423,0.7093501465783308,23.977182949686185,25.70401325888466,Low
SYN-0059,AREA-06,South Ward,Peripheral,REC-00713,0.7713102790158122,104.72043534075283,51917,10646,50.0,0.9897870762116439,19.018981627460626,0.19125607019946758,205.0,0,5,12,0.0894714383559211,0.18988749950315184,0.50248443724782,0.8783140452358003,48.785255169025824,31.773270777890655,Low
SYN-0059,AREA-07,North Estate,Residential,REC-00714,2.4374247034102687,239.2661510691677,51510,3946,124.0,0.7296166061146774,6.903637260564462,0.28672276569192506,328.0,1,2,39,0.2994777933006256,0.5547167810111167,0.3958211394191611,0.7911893867913478,43.36554914279018,43.63231826440403,Medium
SYN-0059,AREA-08,Canal Quarter,Peripheral,REC-00715,0.9537678072608222,122.82138655024255,57394,1520,77.0,0.8918634124387861,19.400817090443056,0.4727048433055007,175.0,0,4,26,0.04821361124769115,0.12465280610136709,0.2848184951993085,0.8676967036992707,55.91362574862259,43.26837797906459,Medium
SYN-0059,AREA-09,West Park,Residential,REC-00716,3.1353281624413514,264.0789012621924,25829,816,82.0,0.6715238682508055,6.739404626851289,0.2615505724782333,94.0,1,4,11,0.3231322057299954,0.45127163825837113,0.4685846994655518,0.6682680448433691,39.62381936307324,50.804691816468676,Medium
SYN-0059,AREA-10,Lake Colony,Peripheral,REC-00717,1.3394560299778864,144.55217331130004,22627,2487,43.0,0.6744673283691118,19.154266712472868,0.7633121964147723,,0,7,18,0.3649897720294393,0.7062272255354558,0.413939855128135,0.9049661529686437,68.84554393860833,52.87001679021825,Medium
SYN-0059,AREA-11,Industrial Ward,Central,REC-00718,1.6674208540239768,96.87949219093447,60324,8759,104.0,0.7432274102759214,13.350183392106038,0.285099793684267,233.0,3,1,21,0.3333979767964047,0.30933442781381415,0.24789323575047917,0.9869564252037456,51.255221155457846,50.44262061035178,Medium
SYN-0059,AREA-12,Outer Settlement,Peripheral,REC-00719,2.6344914313178496,213.65773278510818,38219,6118,113.0,0.4754567951960485,17.567609147723907,0.5501568998822709,426.0,3,2,31,0.4489803259299892,0.6605220415284098,0.8998551600911057,0.9252867255053965,67.19668870480504,64.26519188561309,Medium
SYN-0060,AREA-01,Central Market,Central,REC-00720,3.046506252529199,246.1144414126161,21122,7312,67.0,0.6552213949459414,5.423717524350343,0.3314156863395671,68.0,0,3,16,0.5432209741014865,0.33205824323120575,0.14159450060696788,0.9026065926568125,34.24893927912412,64.94379708181496,Medium
SYN-0060,AREA-02,Riverside,Peripheral,REC-00721,2.139809375021822,195.6738189950696,19885,3978,44.0,0.5023828662123213,18.32826024565983,0.20213455814507264,369.0,3,5,8,0.39737842338395724,0.3566055636547075,0.7701029588314672,0.7195154721398199,56.4658517980139,49.56234624241255,Medium
SYN-0060,AREA-03,Old Town,Central,REC-00722,2.853902598219031,222.9679523021884,57329,14550,163.0,0.8074575892934837,6.470432658403888,,160.0,3,1,26,0.3875048782059145,0.5572586679226281,0.7032665699155368,0.791965900447601,21.41402813960458,49.78863164410885,Medium
SYN-0060,AREA-04,East Gardens,Residential,REC-00723,2.9131959706223904,250.824621095743,5833,19928,18.0,0.5026482476721782,2.3483413065556773,0.5235148855029523,96.0,3,5,9,0.446501182255202,0.7503078071363602,0.15949480452550954,0.7044920879274521,34.003749083396855,37.16436361239414,Low
SYN-0060,AREA-05,Hill Junction,Residential,REC-00724,1.8498912378132109,131.47923708089215,6355,523,,0.7667522353817939,14.310206950573324,0.2995596696924222,93.0,3,1,4,0.2514101650162879,0.49120800013671023,0.3728946318336436,0.9167290754804369,45.17406014130462,36.64045455364105,Low
SYN-0060,AREA-06,South Ward,Peripheral,REC-00725,2.7370189025018044,277.69037904058985,48616,14488,119.0,0.4693276562042336,23.31107763891639,0.3633044331049502,222.0,1,6,30,0.7575406991086346,0.5830526802176166,0.5915418395833372,0.9097673910291021,77.94316204619574,71.03118272536942,High
SYN-0060,AREA-07,North Estate,Residential,REC-00726,2.3479308843765136,209.36256636191382,2584,17907,10.0,0.6171944784609049,7.6786046490625415,0.26457834586263373,300.0,1,6,1,0.5137460590374825,0.32289482081638027,0.22402769003559203,0.6931190300283956,45.754731330800475,46.36148302023349,Medium
SYN-0060,AREA-08,Canal Quarter,Peripheral,REC-00727,3.6811707653244103,251.66618502049727,13187,9053,42.0,0.6253177151502161,30.14407592662481,,319.0,0,5,11,0.6336743350664488,0.6137839432870504,0.694427318078891,0.9108276454651858,81.41243568050503,58.2096046681225,Medium
SYN-0060,AREA-09,West Park,Residential,REC-00728,2.969374058922668,273.67339025127785,64414,11631,202.0,0.531601110781331,17.569628968064286,0.4696419684188244,351.0,3,7,66,0.6588137895026734,0.5698293454984127,0.38100949309367793,0.849889238082374,55.993507233508936,69.15299203980855,Medium
SYN-0060,AREA-10,Lake Colony,Peripheral,REC-00729,2.715447960256407,183.02476488665914,29107,16234,86.0,0.4632707438450118,28.95055806629464,0.5530867621601756,107.0,0,7,30,0.6013372493837444,0.4837495153194906,0.21330960465203752,0.9932540434523524,82.87458140492728,60.32801818353083,Medium
SYN-0060,AREA-11,Industrial Ward,Central,REC-00730,2.856739015076402,225.97149111455133,47978,12917,127.0,0.5203605060745969,10.857799830781302,0.19656681419567912,289.0,2,5,20,0.3104602522715999,0.801761332350234,0.6527785317336687,0.9963580233900193,45.98029060352232,53.40521203474613,Medium
SYN-0060,AREA-12,Outer Settlement,Peripheral,REC-00731,3.120182174299396,246.27215717334894,32940,6234,97.0,0.4480993694807553,20.99940925013051,0.4596111226986719,60.0,1,6,38,0.4932879686542377,0.3902144175169159,0.3008172346725334,0.6782597373820145,68.3740723602742,62.863148857611606,Medium
SYN-0061,AREA-01,Central Market,Central,REC-00732,2.864919395505477,213.92244139069385,8160,6627,30.0,0.58675452054811,15.519596223797292,0.49484748924715344,217.0,1,5,10,0.4755276383005492,0.3125451831679501,0.3812567562839607,0.9428865844933316,57.785006727412004,61.64753437146188,Medium
SYN-0061,AREA-02,Riverside,Peripheral,REC-00733,1.5716982528181478,138.49770446348364,14029,1066,15.0,0.5256518689209427,22.349871943888914,0.43394460763903814,432.0,3,6,5,0.33533306268087265,0.4731618927890938,0.4479925748143937,0.706183177564686,81.36868280779568,42.49220921027083,Medium
SYN-0061,AREA-03,Old Town,Central,REC-00734,1.5381979296566353,141.88046001034667,50068,16132,95.0,0.7337279061263522,15.03277315758507,0.09787036542150747,290.0,1,6,21,0.22948719217434724,0.5854139533304293,0.4458141281706891,0.8424546168861022,53.79055898397511,39.291669861074354,Low
SYN-0061,AREA-04,East Gardens,Residential,REC-00735,3.255211408075677,219.3892959043221,8409,7619,24.0,0.6174327880034806,10.081152826615417,0.30676110809266705,361.0,0,3,9,0.5307115008687343,0.5905814264965505,0.7323913113676379,0.8267961557212041,48.908921204324905,47.92929712213578,Medium
SYN-0061,AREA-05,Hill Junction,Residential,REC-00736,2.0415985379898682,180.90491342772344,39663,17539,80.0,0.8374146266120529,3.7897327564404697,0.18649504941870532,62.0,3,1,20,0.2849045637233506,0.600163564976838,0.6176095611571645,0.7458568508668375,25.178571293407572,38.71569864431561,Low
SYN-0061,AREA-06,South Ward,Peripheral,REC-00737,1.2379943616761535,120.55947280898114,24250,7481,33.0,0.7095608629211961,27.052897747825185,0.6276079567341106,402.0,3,0,14,0.3322046131229053,0.7449120928818628,0.7822730736930008,0.9027380752630073,69.52945379310933,35.86138729127035,Low
SYN-0061,AREA-07,North Estate,Residential,REC-00738,2.7265182032601363,275.5415321966439,25643,10571,77.0,0.6253668264219661,9.134234447196743,0.5113009885675063,194.0,1,2,30,0.28121884741598946,0.41931093374533696,0.7169858195179352,0.8375479536181063,54.45711303794447,62.66120998576484,Medium
SYN-0061,AREA-08,Canal Quarter,Peripheral,REC-00739,2.7421638805798025,262.75769160294715,62017,3232,160.0,0.45277764810699433,22.775864460840932,0.5624083406034761,360.0,1,4,63,0.4057447408418865,0.32803596241218314,0.8491489089596507,0.8677341787855317,75.85083782025809,66.42262284543493,Medium
SYN-0061,AREA-09,West Park,Residential,REC-00740,1.1468958299482876,92.55297155678818,40370,1872,63.0,0.7791415795722937,8.749387113751276,0.29355229833256136,188.0,2,2,16,0.0,0.5897387237502874,0.37928120090340234,0.8918948675760006,40.21282835497614,33.79244529811314,Low
SYN-0061,AREA-10,Lake Colony,Peripheral,REC-00741,2.5550534081245377,201.84766280024624,40945,12794,91.0,0.41194375927668836,20.125740535137073,0.35329892706765276,318.0,0,3,27,0.30228550150963235,0.42673490273143455,0.5631893156560546,0.7915676450427003,62.584069795744,49.05802746574648,Medium
SYN-0061,AREA-11,Industrial Ward,Central,REC-00742,2.9599345096963514,211.58645303833268,24397,14635,61.0,0.3988112341338366,14.418251212430226,0.5925104421124822,261.0,2,1,23,0.5313837142473535,0.5568303470225239,0.773542136365798,0.6645079327073463,62.438917942649006,56.10469885120402,Medium
SYN-0061,AREA-12,Outer Settlement,Peripheral,REC-00743,2.6709771971186633,205.96306240924622,26338,8038,77.0,0.4217695915106026,22.148704139097433,0.180184831321891,353.0,0,7,16,0.4855013809817216,0.6128136259268077,0.7536819490907737,0.7401948995046389,76.56722319388675,50.93902474876928,Medium
SYN-0062,AREA-01,Central Market,Central,REC-00744,3.1491175347397515,270.4773874632459,45360,12844,145.0,0.6676098892172964,3.959473632831648,0.1845891878681881,423.0,0,3,34,0.48726991941174663,0.6619967914400922,0.7477510866672801,0.7114675285119955,29.87895883904424,54.139536726235875,Medium
SYN-0062,AREA-02,Riverside,Peripheral,REC-00745,1.5201170692580361,135.72960792604192,4931,6319,11.0,0.6162535771802137,14.943631118295006,0.40623477148662246,255.0,0,5,4,0.38823106241287264,0.95,0.44437036479005065,0.9136706730824491,48.22969032619967,34.10063847880539,Low
SYN-0062,AREA-03,Old Town,Central,REC-00746,2.908364471727592,214.07390467414044,17331,13987,55.0,0.5513067319148521,4.651384955917155,0.3727702885378494,53.0,2,4,13,0.6472125584305133,0.6185662133061438,0.4888783005292955,0.7373708213271521,38.24214193835211,63.69204282212337,Medium
SYN-0062,AREA-04,East Gardens,Residential,REC-00747,2.401436540154278,214.25579412691235,40017,12286,113.0,0.6199406604126434,13.093748897132368,0.25631404243104783,,2,6,21,0.39193214312544955,0.2861846976994029,0.16356147187626052,0.7778321245968137,57.489153262224185,42.04233029344634,Medium
SYN-0062,AREA-05,Hill Junction,Residential,REC-00748,2.2573002207509196,128.62459081899192,41471,17050,,0.8333428889947994,9.286069902048533,0.31598422340148846,178.0,1,4,16,0.4062686462257919,0.935707054971331,0.23949938096127932,0.8061329473996299,45.737507691567295,48.80197416716585,Medium
SYN-0062,AREA-06,South Ward,Peripheral,REC-00749,3.3399768352664165,245.5072102095117,8266,14591,25.0,0.3009973345989412,15.174949907502235,0.2135550710621536,78.0,3,5,5,0.5023574728109281,0.8581536320424101,0.45294532834097356,0.9423401681312957,76.55421282381856,54.712966643308334,Medium
SYN-0062,AREA-07,North Estate,Residential,REC-00750,3.8269519562700194,329.85140949313814,51739,17645,165.0,0.4974731267289965,1.9257121881553125,0.26146287223225095,239.0,0,6,34,0.7130518526191862,0.6781664930015711,0.3488302161543796,0.945569641755261,40.275538437499556,64.02733121382316,Medium
SYN-0062,AREA-08,Canal Quarter,Peripheral,REC-00751,4.079028391410922,347.6644262610152,36409,19818,131.0,0.3007200891740511,26.118229949145455,0.7332135114182079,284.0,3,5,47,0.5365508076321961,0.7676221826936822,0.292904879308703,0.7269706210545794,98.75196649413098,77.26208492746309,High
SYN-0062,AREA-09,West Park,Residential,REC-00752,3.695378644935359,319.3598585189027,17357,7547,61.0,0.4907982087204219,2.1348939528898248,0.5625398738410241,246.0,3,5,23,0.8313966179480728,0.48618261867566814,0.2198427104932259,0.79292229962822,43.76789776238811,73.47157963937167,High
SYN-0062,AREA-10,Lake Colony,Peripheral,REC-00753,2.5557450024264883,169.1854060394887,49496,17759,114.0,0.5515177485142656,17.995917442275214,0.47367989980221004,129.0,0,7,46,0.5627557319318017,0.663164378836404,0.7027618552914936,0.735554615988531,59.31270945379235,59.986581034298666,Medium
SYN-0062,AREA-11,Industrial Ward,Central,REC-00754,2.92570847815171,193.0082675413117,64429,9352,188.0,0.597260605890929,10.571365381732642,0.12403191301586143,192.0,1,5,27,0.3437469172190193,0.38068734212265465,0.7486227974492847,0.9916096431676715,48.51044454684383,54.647882926593184,Medium
SYN-0062,AREA-12,Outer Settlement,Peripheral,REC-00755,3.25699064515803,236.89289119233368,28974,801,89.0,0.519183936075986,19.514080432558742,0.3171940986899996,,2,0,21,0.44814955713292315,0.5541972452597822,0.49280871369392354,0.8366001393333202,61.878549271683696,54.263432931413995,Medium
SYN-0063,AREA-01,Central Market,Central,REC-00756,3.317789057371883,256.032399015381,20215,19174,59.0,0.5319986526123849,3.9084597344921526,0.16277054465829752,95.0,2,6,9,0.6035146945806931,0.4641929004529832,0.7600505892019057,0.6502813166967678,39.230156967935336,50.758448126395734,Medium
SYN-0063,AREA-02,Riverside,Peripheral,REC-00757,3.3254580482615492,234.16335899174538,21213,3459,67.0,0.6237610404544667,24.89862541776911,0.4265987361084657,259.0,1,6,23,0.5136528756015569,0.5958815822345755,0.8316032706505248,0.681718515878184,73.61639205338896,54.605272754452585,Medium
SYN-0063,AREA-03,Old Town,Central,REC-00758,3.8798492034332592,241.77194149691206,39537,2822,147.0,0.4621587041953652,5.770403353244551,0.18456007264680818,364.0,1,4,23,0.7119934797521411,0.6821375195913599,0.22190323097357043,0.949597249489457,42.28150768434837,69.17118127517408,Medium
SYN-0063,AREA-04,East Gardens,Residential,REC-00759,3.173420581111568,274.10740529492546,5461,11133,,0.3513050927323481,14.210377042510597,0.10035919128678275,448.0,1,6,9,0.48577586854332855,0.3349207315512838,0.7646080271591045,0.7893210911396775,63.00050035656245,47.655175041963915,Medium
SYN-0063,AREA-05,Hill Junction,Residential,REC-00760,2.6374171488333844,234.26726699049186,32714,14050,84.0,0.707358842140574,8.938698911795047,0.287837112173756,250.0,2,0,20,0.622546935779971,0.6257761061312715,0.12222011743650506,0.966871855361893,27.104899488431972,45.767174301424205,Medium
SYN-0063,AREA-06,South Ward,Peripheral,REC-00761,2.8892682452636267,210.08036189876898,4048,9534,13.0,0.522554062294266,20.944518208385322,0.6707183386207232,198.0,2,7,8,0.48254154666809423,0.33219090356066167,0.19046980026370477,0.882135540595621,61.442437702328654,58.01155128598194,Medium
SYN-0063,AREA-07,North Estate,Residential,REC-00762,3.7279750001193075,303.67773890206024,4911,12452,16.0,0.48198890379472786,10.496664833211968,0.10997326792476274,300.0,1,6,0,0.9117957824076008,0.7681034773993343,0.4289734410718954,0.8366351568479685,55.99298225321013,50.238311605494395,Medium
SYN-0063,AREA-08,Canal Quarter,Peripheral,REC-00763,3.2232413308922783,277.8148367964582,29376,17522,80.0,0.39759765580054357,30.060468689330424,0.544889249603624,211.0,0,1,30,0.609527924135586,0.6428850448615098,0.6367888236158302,0.9352357956007424,90.84800103498095,74.90334859629542,High
SYN-0063,AREA-09,West Park,Residential,REC-00764,3.4930146794269836,195.64927548322535,49094,11652,163.0,0.257223656905048,8.275894017899025,0.30679404714419345,366.0,2,5,37,0.4202405926480546,0.465622015549053,0.4913901091140328,0.9056254365374617,61.377330018328976,67.32545888920961,Medium
SYN-0063,AREA-10,Lake Colony,Peripheral,REC-00765,3.7569100916940656,303.5028754199352,57709,16384,169.0,0.1204112996909498,13.212982852501366,0.6842370024556094,150.0,0,6,79,0.8765312719658006,0.39352255879023446,0.26735654873297676,0.8536431746863455,70.80334328427931,88.17737564252623,Critical
SYN-0063,AREA-11,Industrial Ward,Central,REC-00766,2.920973527614226,228.03706542237327,7977,12203,19.0,0.7887660125937059,8.577420032726062,0.10292004037843983,165.0,1,5,3,0.6186703958534996,0.6713332159745244,0.6049329518257377,0.6797397136242033,27.67347592988805,44.20550995734997,Medium
SYN-0063,AREA-12,Outer Settlement,Peripheral,REC-00767,3.8258452288361586,213.28354486180447,17753,10811,69.0,0.27412135559101136,20.479944083555246,0.3754897858351568,157.0,3,1,17,0.6832585864824107,0.8227825615788429,0.7950091578309723,0.9308675973084501,72.99216159437776,68.60854397015868,Medium
SYN-0064,AREA-01,Central Market,Central,REC-00768,3.147410027568423,275.12689403101115,28853,10382,86.0,0.6752370474466858,2.3910371398756216,0.5077073977678382,361.0,2,1,28,0.6021643526718818,0.4486084619547408,0.736068749183232,0.9409679997090379,24.414431225450627,64.53811250668147,Medium
SYN-0064,AREA-02,Riverside,Peripheral,REC-00769,1.8564854752725242,163.05456075806885,38378,19007,98.0,0.4277280406729912,29.287425501730148,0.49803747405726795,235.0,2,0,30,0.16672863412469152,0.4743215193571809,0.3373638673729638,0.96281438495449,86.8273640760613,52.42348769464637,Medium
SYN-0064,AREA-03,Old Town,Central,REC-00770,3.9981797777507024,251.99612152428176,64190,7308,229.0,0.31463183567070974,5.1732456485595755,0.3207600847309711,340.0,0,4,64,0.449838163051432,0.5595827399960114,0.8216623577706098,0.6855818278821124,47.31902224048166,69.18749150955333,Medium
SYN-0064,AREA-04,East Gardens,Residential,REC-00771,2.443740149796174,210.76809678960393,45269,7509,106.0,0.7393132926543414,20.54275389087354,0.1995221377505309,66.0,3,2,18,0.40228006006586625,0.95,0.4092595916548457,0.9902524492692758,62.773487411803764,45.58755198555809,Medium
SYN-0064,AREA-05,Hill Junction,Residential,REC-00772,1.52025967025356,144.24702528487933,36147,15872,63.0,0.7748635218806655,9.48775748429028,0.5884279008208291,354.0,2,4,28,0.41882905240682683,0.3621786315746944,0.8190085138995891,0.8031255960933226,39.68155412063611,47.93967723706865,Medium
SYN-0064,AREA-06,South Ward,Peripheral,REC-00773,2.008300977132665,186.76481134200228,6301,13215,12.0,0.6633579238401524,21.66376966605826,0.4733438237136542,381.0,2,1,6,0.3822018907143436,0.4897651350124749,0.182760193732174,0.7262454719122015,67.9341734221964,34.920434196657965,Low
SYN-0064,AREA-07,North Estate,Residential,REC-00774,2.0274998162590494,113.76326994884825,7550,3276,,0.714514117812156,15.34344786744182,0.4294339197020823,92.0,1,3,13,0.5430172157322722,0.8151280107974896,0.8483214080572089,0.898767900728524,56.52648618842994,30.631114070125175,Low
SYN-0064,AREA-08,Canal Quarter,Peripheral,REC-00775,2.886074599727734,218.5803402986296,12068,14072,36.0,0.4510289203573241,11.36392077352544,0.6203193353390223,80.0,1,2,14,0.6395589272710185,0.42251058403301206,0.37847703562396806,0.9210780784018583,59.700378215844104,53.69520294161808,Medium
SYN-0064,AREA-09,West Park,Residential,REC-00776,2.6252555403647175,181.218708441125,43799,1097,110.0,0.5508589649679527,9.69243137929094,0.36893578655250914,267.0,1,1,25,0.44001563487504064,0.5607415951318564,0.4512907760790851,0.6501904420955524,42.70274287425831,45.6191944534401,Medium
SYN-0064,AREA-10,Lake Colony,Peripheral,REC-00777,2.574870370689233,202.47771548614975,23204,10416,49.0,0.3762378293919073,15.913992084234582,,411.0,1,7,15,0.5711958923408058,0.5516874180373205,0.7703781576840839,0.7637785602228706,57.45487788869858,56.726489640672824,Medium
SYN-0064,AREA-11,Industrial Ward,Central,REC-00778,3.34009751718769,206.15997767014474,17558,6762,50.0,0.7007105023616232,4.539139984435393,,384.0,3,0,13,0.7393943658338492,0.6628901241275993,0.6517404457324356,0.8139266854084188,27.65727039164169,50.997531471669085,Medium
SYN-0064,AREA-12,Outer Settlement,Peripheral,REC-00779,3.1162362337558704,209.04098918825943,44380,4706,124.0,0.6318040200097638,24.04892500651808,0.6289219711097918,203.0,0,5,46,0.5097508690960332,0.48855580446556635,0.5440582128572943,0.9471781070346561,73.24267764708155,68.72869638766751,Medium
SYN-0065,AREA-01,Central Market,Central,REC-00780,2.8626827644170367,272.25948599993364,53460,12673,140.0,0.4745800584123128,4.4779946544366425,0.06541359221196558,421.0,2,3,22,0.45146072680412747,0.95,0.6429627134305872,0.6569724404436121,37.345461894274536,53.74398829189977,Medium
SYN-0065,AREA-02,Riverside,Peripheral,REC-00781,2.937707233764562,265.7965113199059,29939,3521,81.0,0.3362314950321275,22.24055043081468,0.6616570391036943,228.0,3,4,31,0.5064719307740827,0.6511147914310826,0.5169490326301247,0.91309934063699,84.19687973876577,66.88877195773813,Medium
SYN-0065,AREA-03,Old Town,Central,REC-00782,3.1027522023033987,270.82756299412426,57615,7512,163.0,0.5238819145868732,9.19913493323264,0.10844207930200198,313.0,0,2,35,0.22769642772352855,0.4949526949100217,0.12100650887942566,0.9759874448133865,40.782217900416,58.51271434775199,Medium
SYN-0065,AREA-04,East Gardens,Residential,REC-00783,0.9234817944796534,144.14793727688027,48387,3650,57.0,0.9115647505564268,21.500908879509684,0.2690176772743315,435.0,2,6,10,0.18756546060237675,0.20959990979015242,0.4762756310320072,0.9795576932812888,64.44100137148779,40.5771624653202,Medium
SYN-0065,AREA-05,Hill Junction,Residential,REC-00784,2.318293866090039,134.6021763692392,47266,2959,125.0,0.6536206737925941,20.03822925836716,0.6714505310284375,111.0,0,2,48,0.4728348689851841,0.6557976750401459,0.5836603757074273,0.7288069034401463,67.85346562163605,58.31696444665027,Medium
SYN-0065,AREA-06,South Ward,Peripheral,REC-00785,0.8656764163100288,94.5702403008222,56724,8064,97.0,0.8187477095463226,10.15889935744545,0.27787747120982076,342.0,2,7,25,0.16162073368819832,0.42840980880886564,0.20512563151918234,0.8661036729323793,35.64177420851164,22.177730797279402,Low
SYN-0065,AREA-07,North Estate,Residential,REC-00786,2.6386924093398445,218.8330794297885,13988,12663,43.0,0.624673188979058,18.02783561107574,0.5502666014077278,212.0,1,3,21,0.48114299866667226,0.5641627727536809,0.28065081731916997,0.8168462459335337,57.25076106052885,45.25408098718634,Medium
SYN-0065,AREA-08,Canal Quarter,Peripheral,REC-00787,2.6061380901221316,197.77660737646312,49898,13586,147.0,0.5013849304089936,13.541797889310018,0.33416355698082606,154.0,2,7,36,0.42913918328174816,0.6766721003528566,0.2834294831220979,0.8656598996670128,56.26849779814504,58.66837893496336,Medium
SYN-0065,AREA-09,West Park,Residential,REC-00788,3.446270287733352,208.1823254001823,62358,18494,208.0,0.807091608129715,10.880325612684558,0.15670633260722727,210.0,3,5,45,0.3347357544943752,0.6114555432782012,0.5327963926122402,0.8412633551564801,45.215836902676315,59.94128252049072,Medium
SYN-0065,AREA-10,Lake Colony,Peripheral,REC-00789,3.5599519820785046,297.90588043783384,64515,6545,209.0,0.3185823323175725,27.052148457626213,0.40656791691419886,165.0,3,7,58,0.7928367016548212,0.5750418097294043,0.28039070924907683,0.9666210859733023,89.36526531895659,80.29304178504344,High
SYN-0065,AREA-11,Industrial Ward,Central,REC-00790,2.7720645065035017,238.7190450235957,38627,7461,90.0,0.8087045962284554,7.03681917979874,0.31994016156346505,287.0,0,0,19,0.4178712893957107,0.432428908786563,0.2818653831057859,0.9064304506980001,28.81768250179164,66.85836166210682,Medium
SYN-0065,AREA-12,Outer Settlement,Peripheral,REC-00791,2.209555605984088,165.00119426659296,49647,17280,108.0,0.7442857832839314,25.410856718275806,0.4166880727326032,101.0,1,6,33,0.29412685236039393,0.7430584029148386,0.4403656760083674,0.8411098844077367,71.02555307353427,52.060959787214586,Medium
SYN-0066,AREA-01,Central Market,Central,REC-00792,3.014237584590835,261.2931394432335,58037,4044,174.0,0.638497958947441,6.0594580352661636,0.14827151295851346,283.0,2,5,26,0.6653308641793585,0.6774665479909736,0.7306647813697936,0.999075596040267,30.302079018345093,55.92642935267865,Medium
SYN-0066,AREA-02,Riverside,Peripheral,REC-00793,2.203774584694794,186.97534512214455,55761,12120,132.0,0.34033573776878584,28.33229586866293,0.5327975267334736,301.0,3,0,57,0.4847398203311447,0.3177157429405303,0.3235652449518289,0.9785590163065654,98.42913903660474,66.87017846562989,Medium
SYN-0066,AREA-03,Old Town,Central,REC-00794,2.6249945733995657,229.63922355790544,58612,14965,133.0,0.6362276585676162,10.219472403525245,0.23673459807606817,368.0,1,0,29,0.47026699828368757,0.6197749459689912,0.301248228806529,0.7024022146548791,48.0968111279792,48.00194474312103,Medium
SYN-0066,AREA-04,East Gardens,Residential,REC-00795,3.415017748122859,234.54406522137998,54522,9353,183.0,0.46013414437533406,5.18505533046904,0.21595239524162207,310.0,0,4,38,0.6614939914590946,0.5945188665526955,0.5021128549143429,0.8725257720039863,46.49334494279616,68.00549930749371,Medium
SYN-0066,AREA-05,Hill Junction,Residential,REC-00796,2.179891617762706,188.852846224418,26331,17194,57.0,0.6972260564860779,2.1209767178617627,0.4537991509394592,324.0,0,5,26,0.22471666934425974,0.5676244174330958,0.38209581164387374,0.9775439669569208,33.2804606996723,45.32111773678552,Medium
SYN-0066,AREA-06,South Ward,Peripheral,REC-00797,3.2706516059482453,260.06956398387547,48141,6767,149.0,0.29455276008069964,22.736975698033252,0.6777962340734803,404.0,0,3,50,0.5354012761090284,0.5525605056802751,0.8846978474907691,0.9457606910872923,79.73857926140651,82.61496224235538,High
SYN-0066,AREA-07,North Estate,Residential,REC-00798,3.1680297895080867,238.9763978368493,28152,2598,76.0,0.6472267833548742,15.340621920233252,0.41769156288032855,282.0,0,7,22,0.6833790580528843,0.3613819364869352,0.7451757907538694,0.9629141887558776,54.86960895200457,54.25230649372402,Medium
SYN-0066,AREA-08,Canal Quarter,Peripheral,REC-00799,1.8622752408495873,80.83038113824558,52612,2711,107.0,0.7374796695343856,24.291125414902524,0.3056058121071143,156.0,3,0,26,0.22912218851264418,0.367933199201405,0.4133737207121566,0.8658479853273561,68.60988981524285,47.98348566105851,Medium
SYN-0066,AREA-09,West Park,Residential,REC-00800,3.4052239971281653,266.4924213858119,53140,10877,186.0,0.6636715566500897,11.447825998672648,0.4694456261593743,351.0,3,2,62,0.44773733625544404,0.5895590695482904,0.19579349005140304,0.6773334834867903,54.27024959657948,64.17649923054792,Medium
SYN-0066,AREA-10,Lake Colony,Peripheral,REC-00801,3.184961770851449,254.2173650706005,60917,11226,180.0,0.3882439061146531,18.45797098389562,0.25241331842034687,67.0,0,0,46,0.5402594361489776,0.4942235591204671,0.2743088396207426,0.6559559368450684,69.31420573306454,60.75795600145239,Medium
SYN-0066,AREA-11,Industrial Ward,Central,REC-00802,2.7076494044523707,187.62836148122236,39269,10689,95.0,0.4937980711310553,13.999368258436352,0.08190412154837626,201.0,3,7,18,0.4635217420737971,0.6169133266009186,0.72668856815123,0.7555702217882452,49.296027818442795,54.041104896732094,Medium
SYN-0066,AREA-12,Outer Settlement,Peripheral,REC-00803,2.016249928132123,188.2241698699538,32200,7874,72.0,0.6399267800379969,10.69991880575992,0.20942412323776255,130.0,2,3,19,0.4137503066694893,0.4269851199708457,0.4655651655566213,0.8657123515048266,43.50254975029799,43.660357773806155,Medium
SYN-0067,AREA-01,Central Market,Central,REC-00804,1.201050968540493,125.40821907747838,12846,9626,21.0,1.0,6.028399788988017,0.14004175567259802,375.0,2,0,1,0.034796868954658194,0.4276621410162484,0.256284116385068,0.9739165954914037,26.486812768992216,30.50527962001066,Low
SYN-0067,AREA-02,Riverside,Peripheral,REC-00805,1.4582857218785312,147.07372466548208,42392,19275,67.0,0.6841667550906297,15.365927053376666,0.44698861573663035,434.0,1,7,24,0.0,0.5054533261021948,0.5999186793541279,0.7879786263232832,56.03013033106375,39.124617958972344,Low
SYN-0067,AREA-03,Old Town,Central,REC-00806,2.322491354034517,179.638121635183,37900,9739,82.0,0.7291268607686197,17.346888585891413,0.46974947727018496,176.0,1,5,22,0.4976297236317505,0.3594943564149846,0.6115545991872914,0.8693854854897425,55.06092724194188,52.69745988161949,Medium
SYN-0067,AREA-04,East Gardens,Residential,REC-00807,1.1239156494798308,61.79199088519885,34683,14977,41.0,0.8144609955669839,10.268005701685496,0.17697272090486005,445.0,1,3,8,0.05736143812873523,0.2561857941487975,0.3634010794093089,0.8367637840840051,36.05694956737601,42.45335451539185,Medium
SYN-0067,AREA-05,Hill Junction,Residential,REC-00808,2.238425582296845,134.89965484404797,44770,17182,100.0,0.6262039937709502,1.962013415762,0.472109857103054,433.0,3,4,37,0.2998720870410648,0.40555244667148127,0.21528160020523723,0.7326018454834904,30.580745360580934,46.37846965340812,Medium
SYN-0067,AREA-06,South Ward,Peripheral,REC-00809,0.895011360298235,118.8006177764517,55689,3136,74.0,0.8336915221907869,28.796263820621206,0.1736890934762606,184.0,3,6,10,0.0,0.20673397809527894,0.5510497135857096,0.7597806545633816,77.07579548484091,30.74849684266188,Low
SYN-0067,AREA-07,North Estate,Residential,REC-00810,1.72516091584987,119.31905601997373,11792,5337,17.0,0.7457494597003543,9.092912804850139,,126.0,2,2,12,0.41027634115137857,0.5850735590026338,0.5510367992062113,0.7806092371068998,39.44103119074986,23.41310592591867,Low
SYN-0067,AREA-08,Canal Quarter,Peripheral,REC-00811,1.9761339870601562,144.50829532723304,29459,11343,53.0,0.6517639911950978,11.616470312868335,0.2940862691366849,240.0,1,1,13,0.3713962513987297,0.7275886351697753,0.4655624092222447,0.9175950560124102,45.41773680916198,40.354617110892846,Medium
SYN-0067,AREA-09,West Park,Residential,REC-00812,3.8445198994480827,315.08254244758814,47644,15119,152.0,0.5226680369505117,9.787673182817787,0.2244842038278317,394.0,1,6,33,0.6779766618607943,0.45240413669170765,0.8759034207358114,0.8839923174644957,48.513661484229004,71.7813734083504,High
SYN-0067,AREA-10,Lake Colony,Peripheral,REC-00813,0.7865632589846552,27.033875377714324,53732,17540,64.0,0.8115831644388172,29.94023256063738,0.39234761384071193,386.0,0,1,16,0.16750848660018688,0.6811660543800374,0.35640955302465505,0.8160555057947256,74.68284327255931,37.885784778444865,Low
SYN-0067,AREA-11,Industrial Ward,Central,REC-00814,3.066027436593056,191.09572680880765,51149,14633,163.0,0.6376987972035009,17.83072717547782,0.30244138536599413,340.0,1,5,36,0.2637851142817311,0.7340638017206518,0.5022428217430049,0.9969681193706458,65.32310997879416,57.825471623609786,Medium
SYN-0067,AREA-12,Outer Settlement,Peripheral,REC-00815,2.008289714590773,194.2125760739779,52459,18815,119.0,0.4964787520260807,22.463470327693496,0.4364331237740721,235.0,0,6,28,0.2164950338228469,0.49442337902236855,0.6083018660658701,0.7544636142709159,74.40951017048572,48.34800533992686,Medium
SYN-0068,AREA-01,Central Market,Central,REC-00816,1.4280010763141153,135.3488311195427,55939,19875,80.0,0.6903963265544041,16.941358121108706,0.13668535868102896,214.0,3,0,11,0.1837929261321424,0.290744858981084,0.6524342889932687,0.906611228024364,51.59206499603636,38.98773213134132,Low
SYN-0068,AREA-02,Riverside,Peripheral,REC-00817,1.1937418726119084,57.78832764256669,62617,18664,113.0,0.707761545041462,20.84507258034833,0.4074125719879194,433.0,3,2,19,0.10910784623229125,0.3883297841464529,0.7762737166591848,0.688720001919768,74.67678824949736,40.586709347322866,Medium
SYN-0068,AREA-03,Old Town,Central,REC-00818,1.4548449964575312,121.37695308482506,40504,12522,69.0,0.794094342064596,17.8836438570151,0.15210382015910826,267.0,2,0,15,0.20989278011871057,0.46585240743849854,0.27667644670965497,0.8080857671272501,50.3615202023029,37.08610787881135,Low
SYN-0068,AREA-04,East Gardens,Residential,REC-00819,0.9761154584117306,108.72716168846276,18057,16433,35.0,0.8006650966160023,18.643951524347383,0.08771897898165734,383.0,3,5,4,0.19222987405674383,0.2214968628565226,0.7898781043595239,0.9223610647987721,50.79519092068131,29.885913170286443,Low
SYN-0068,AREA-05,Hill Junction,Residential,REC-00820,2.2623036870673117,153.99194783201162,37721,19115,92.0,0.7121975193803375,8.085073189084149,0.2958377174562188,379.0,2,1,22,0.4978232124618416,0.5957659215628271,0.18101655263992403,0.8173536371168371,31.66460988124406,46.55525144577899,Medium
SYN-0068,AREA-06,South Ward,Peripheral,REC-00821,0.7338866265215669,44.32333877939262,46851,5904,55.0,0.8862419639870655,19.35323932728329,0.3885990314432937,343.0,1,0,13,0.0,0.18235215658397871,0.15189955808648037,0.8550391550983418,49.82119624894214,34.92851794316862,Low
SYN-0068,AREA-07,North Estate,Residential,REC-00822,2.004851199644743,119.65685009525302,8793,11373,17.0,0.8618222569481543,5.755931712353736,0.06869735107982342,400.0,2,6,1,0.3330816201916399,0.5680139219479212,0.7968712073495028,0.8172260564409964,30.770110013107335,31.12401183330043,Low
SYN-0068,AREA-08,Canal Quarter,Peripheral,REC-00823,0.5835698457309265,103.32290473201724,49807,12826,53.0,0.9677716463153291,24.38566627164287,0.2579171427568243,297.0,2,0,14,0.18264688242600768,0.7279353645865304,0.36007558866762934,0.729004709663053,52.155204955392186,25.321982634066472,Low
SYN-0068,AREA-09,West Park,Residential,REC-00824,1.0508620647803153,139.60493084272454,36513,7659,56.0,0.6951031113638937,3.877751937078181,0.06513646356936362,221.0,1,4,10,0.06425369706676753,0.4010999383836618,0.7371107070858723,0.9548967861146282,30.75668688357267,29.96931479767255,Low
SYN-0068,AREA-10,Lake Colony,Peripheral,REC-00825,0.24149350006916936,78.33795635018669,61017,14344,47.0,0.7066310811453053,19.91290246358185,0.6526662292935297,124.0,2,3,13,0.01710898382604943,0.23643473731712333,0.7192367966098232,0.8823392058841901,58.64608125442639,31.400995917957413,Low
SYN-0068,AREA-11,Industrial Ward,Central,REC-00826,1.4630825181793607,172.06948977655819,15739,14408,22.0,0.7604110002418919,21.297489408682786,0.09810809642654951,64.0,3,2,4,0.2998333402217087,0.640962631758029,0.6403759197966709,0.9101290686639102,58.12101141442232,32.29735345665658,Low
SYN-0068,AREA-12,Outer Settlement,Peripheral,REC-00827,2.2551643074425716,224.9983578957332,59181,16764,103.0,0.5739113818789252,19.785110884272996,0.3920679343455522,114.0,3,4,17,0.3772057810446371,0.7675366266467347,0.2636436292309441,0.982190290160101,57.91915404920435,46.43230799677646,Medium
SYN-0069,AREA-01,Central Market,Central,REC-00828,2.210228311024844,138.18383904690353,30500,4931,63.0,0.6619578759936832,2.43414629405978,0.2560639391701059,440.0,3,4,15,0.4492751164387349,0.5826020690077508,0.43972942323199327,0.8923439801946218,28.168595175392177,44.91500021579789,Medium
SYN-0069,AREA-02,Riverside,Peripheral,REC-00829,2.1146046959183997,207.48816120730964,38345,17782,85.0,0.517638622949518,10.385116256519327,0.61794019061428,395.0,2,0,27,0.36379789363235154,0.4446396929756627,0.7474881698447751,0.6727400397338613,41.49635156991733,57.535098360725485,Medium
SYN-0069,AREA-03,Old Town,Central,REC-00830,1.3804196844271859,133.09350526091134,43750,19257,69.0,0.7702110553565094,20.952919831156173,0.04594135924425566,234.0,2,0,7,0.1926464426448216,0.7328005639761261,0.1785165198734421,0.8702862359993414,59.694211037250696,27.979476262777098,Low
SYN-0069,AREA-04,East Gardens,Residential,REC-00831,2.088679132039681,232.75071110423113,38697,10859,90.0,0.765582580206345,15.850369875280126,0.554826917894814,138.0,3,6,41,0.2073880180896152,0.31083870387910306,0.5047832373559338,0.8267731501933274,52.78439386256387,58.20858056681574,Medium
SYN-0069,AREA-05,Hill Junction,Residential,REC-00832,0.997877847104305,206.43964501235746,58989,9100,100.0,0.7007424077903535,15.901800839163286,0.4329908298729127,82.0,1,1,30,0.19597320128702378,0.569357189529871,0.22291307366610652,0.7275296789763903,42.47904293512406,49.680904233182666,Medium
SYN-0069,AREA-06,South Ward,Peripheral,REC-00833,1.5418108655064655,134.34894908565124,12955,6805,25.0,0.9453493395395471,17.768144113905926,0.4470398555102674,139.0,0,0,7,0.26896521088349534,0.5569656192005572,0.18178377125429082,0.8576448921113499,51.19166982224242,32.48510054267811,Low
SYN-0069,AREA-07,North Estate,Residential,REC-00834,2.4535420917688358,190.33066808790178,48117,15118,97.0,0.6590233323584789,11.52389856361621,0.3360979738199209,137.0,0,1,23,0.2897838386248006,0.4104801977015358,0.4531713963710765,0.8855630455114503,36.80029281062847,51.817901941398254,Medium
SYN-0069,AREA-08,Canal Quarter,Peripheral,REC-00835,3.3273238130746443,244.76486956152473,63435,10761,231.0,0.5402763534769967,21.726394980182466,0.438276588391075,386.0,1,5,69,0.6244006678272056,0.4682482635248414,0.3476253462941026,0.8457007242301514,80.92134356340114,78.70716757367131,High
SYN-0069,AREA-09,West Park,Residential,REC-00836,4.51948194386513,335.92389904776985,16257,12886,61.0,0.2976719404631408,17.107661930099674,0.10721331900677579,336.0,0,1,18,0.9053978114049908,0.4589449206985218,0.75663222890138,0.7036295850530013,71.33738483447414,62.472721693599524,Medium
SYN-0069,AREA-10,Lake Colony,Peripheral,REC-00837,1.8028451868248068,164.14393715687095,18438,18480,,0.6965236249474992,20.69718734010803,0.38585683825651446,58.0,3,5,10,0.22126302964845324,0.3245212951657921,0.4903709933047974,0.8722671646016782,59.21850059017966,43.03658254494286,Medium
SYN-0069,AREA-11,Industrial Ward,Central,REC-00838,3.4203533801978794,341.46533848995654,32188,14280,109.0,0.533161455511726,7.441201963261702,0.39479409831862283,43.0,0,7,35,0.48274303938629154,0.436711767636856,0.692853465398098,0.6586901959314957,44.580363876671626,62.18403986899289,Medium
SYN-0069,AREA-12,Outer Settlement,Peripheral,REC-00839,2.4671152392028457,204.65753245817714,47796,10760,134.0,0.6374208737781968,21.184097287130612,0.5096411820652651,334.0,0,3,31,0.31948804636991607,0.2954712217604796,0.6290653240880859,0.7058014557617209,62.365758677007705,63.36576753246322,Medium
SYN-0070,AREA-01,Central Market,Central,REC-00840,1.5091515870513386,125.20594230840432,62436,3647,117.0,0.7648811476739624,15.305633825344794,0.2557212341709215,95.0,1,7,22,0.05008587824608532,0.4607361955725892,0.8610432607045245,0.9293734239046137,37.8699731730745,39.517424997483616,Low
SYN-0070,AREA-02,Riverside,Peripheral,REC-00841,1.976225265829361,168.84748597304446,52237,3245,124.0,0.7895160908346508,11.216116803521697,0.33366075456692285,292.0,1,3,31,0.5699086800632382,0.41932827003061335,0.3080171769464275,0.8214446880006736,46.543574797290276,52.70361157779163,Medium
SYN-0070,AREA-03,Old Town,Central,REC-00842,1.6796828913924067,124.43071167380033,52126,14600,103.0,0.5857976935066177,10.946109863095646,0.20544969979920014,223.0,2,7,12,0.2260809029035088,0.7245984831402064,0.7246373368669489,0.8566968915223969,46.72375972359717,36.226943315276266,Low
SYN-0070,AREA-04,East Gardens,Residential,REC-00843,1.7184662849382142,101.3573082406426,30075,8981,58.0,0.8733395797324127,8.236327388611599,0.056880000403417015,55.0,3,0,10,0.18339654619999385,0.47295655428026684,0.25009877703958105,0.7687199371095993,31.91761019409075,38.54200101692768,Low
SYN-0070,AREA-05,Hill Junction,Residential,REC-00844,1.3034831741871038,120.28653260608672,42836,745,69.0,0.8317587262777711,19.81888516399566,0.3446246756169921,308.0,2,5,20,0.08203419005912954,0.5705593180329137,0.7898261969600686,0.8481296764593398,55.54091587050801,32.00412930938736,Low
SYN-0070,AREA-06,South Ward,Peripheral,REC-00845,0.5116619766093586,143.26042772549698,15699,15341,19.0,0.6861681194699365,18.15588543922082,0.21952148845308822,114.0,3,4,5,0.03872090013428206,0.3999905269294111,0.7988105369838524,0.663258644590302,54.712594558962195,29.269699769688934,Low
SYN-0070,AREA-07,North Estate,Residential,REC-00846,0.3952495424307738,92.34232545396463,31446,14870,29.0,1.0,14.207490471327075,0.15212017082323265,133.0,2,6,6,0.0,0.5534248490819343,0.7539439547787855,0.6583568873510902,32.83007346693024,20.87259673252322,Low
SYN-0070,AREA-08,Canal Quarter,Peripheral,REC-00847,2.1527456110734207,165.53780180371734,14310,19485,,0.8004593416378305,19.56546911164178,0.1576524640999464,162.0,0,2,13,0.5313597175901699,0.5921722386657704,0.35681612998721657,0.966359671146271,60.75995821810197,29.170554071157277,Low
SYN-0070,AREA-09,West Park,Residential,REC-00848,1.4087896323798685,142.09860486751083,4195,5586,2.0,0.5539049620880039,18.07846088844062,0.11205672461153944,424.0,0,7,1,0.08494973413565479,0.3289864137284411,0.21737474103249915,0.750213665873701,66.56247213456064,29.854117161640787,Low
SYN-0070,AREA-10,Lake Colony,Peripheral,REC-00849,1.1532785847235059,190.3881755642296,56031,8739,92.0,0.7397551246202082,29.52504816442555,0.2979543838135761,133.0,1,1,27,0.007588989699317178,0.47995111017055986,0.7745981214245338,0.9312598270474162,79.24323705729181,42.60890823014157,Medium
SYN-0070,AREA-11,Industrial Ward,Central,REC-00850,1.636954205826962,152.3694598456025,52795,12460,97.0,0.8555059177519138,2.755721657210306,0.08509023599469029,146.0,1,3,10,0.3390397908456497,0.34866438004779754,0.571662976192268,0.8307065396832326,26.399801010012197,31.99374631201215,Low
SYN-0070,AREA-12,Outer Settlement,Peripheral,REC-00851,2.2660955067809416,160.5919054461285,34422,16044,83.0,0.6157512060488058,10.413013877329693,0.6209942156088779,109.0,1,0,29,0.3648178049063733,0.23331100860816453,0.4584080442656897,0.6763414865571677,45.82397775302111,52.782583181297824,Medium
SYN-0071,AREA-01,Central Market,Central,REC-00852,2.334938934785317,193.8263725202816,3405,4570,8.0,0.8549721021234675,15.79725355970024,0.04374015629373077,405.0,0,1,1,0.3624031087773923,0.3376546820883217,0.43009132861371613,0.6719597289595608,52.98390393332386,35.95676821570616,Low
SYN-0071,AREA-02,Riverside,Peripheral,REC-00853,1.6658038310514245,167.53406209960318,8133,5819,17.0,0.8037033885545543,23.261268590968783,0.299855827360438,390.0,0,4,7,0.34479032139843974,0.456098541105105,0.18106658519342408,0.671711072065798,71.75412427472985,33.94156083880851,Low
SYN-0071,AREA-03,Old Town,Central,REC-00854,3.1716821448833583,258.65863278183974,9485,13010,29.0,0.5877869824743915,12.643153980223966,0.10225892536044241,429.0,1,2,4,0.5450190872892371,0.8414804100202713,0.6175646035883251,0.8258466183397758,57.18757913859789,48.10644441928297,Medium
SYN-0071,AREA-04,East Gardens,Residential,REC-00855,3.453996182749504,308.0923357884425,47313,7591,147.0,0.7896929679044657,10.046103687374593,0.23591522033677476,419.0,1,6,41,0.5700479200350165,0.5727599779329489,0.5166447193884931,0.7667733808905582,40.556823714208036,60.07288517165942,Medium
SYN-0071,AREA-05,Hill Junction,Residential,REC-00856,2.586293104622481,211.103187141097,15218,19305,28.0,0.7503405480777618,16.74546038961293,0.3258188917672185,245.0,2,7,7,0.2623713185395766,0.7408998701364536,0.8690228616795516,0.9922899657413793,48.428874624063816,37.337096431083445,Low
SYN-0071,AREA-06,South Ward,Peripheral,REC-00857,2.9695785894394704,162.73216796380308,18135,6309,48.0,0.4220892580571234,24.776742599963534,0.3868966333866512,111.0,0,0,14,0.2947583469459589,0.5751958852148222,0.6400512151699893,0.687627238300909,84.88719348602518,67.215493043299,Medium
SYN-0071,AREA-07,North Estate,Residential,REC-00858,3.1842157778152473,261.12731753544233,56318,1113,184.0,0.4879280797264631,9.749129322605713,0.3795379597488886,212.0,2,6,38,0.44665122388100886,0.5994751216684893,0.8725050860341153,0.7888678157497782,47.61101584704406,61.69680550576448,Medium
SYN-0071,AREA-08,Canal Quarter,Peripheral,REC-00859,3.0947272334878093,253.2715128643277,57274,13724,168.0,0.5959391676685396,16.82465729751298,0.6776565754809855,277.0,3,5,76,0.3856640793400966,0.5149445946777318,0.21187270466925928,0.6548729371218135,63.41257519009468,71.6821593068164,High
SYN-0071,AREA-09,West Park,Residential,REC-00860,2.6819271220542973,224.48657035190493,50190,15245,137.0,0.5293756957287453,21.199451970682563,0.04522662022168363,367.0,1,5,19,0.47929254949849864,0.665926345201215,0.6459953243301904,0.8648434504691308,79.30036449477434,60.48414824356987,Medium
SYN-0071,AREA-10,Lake Colony,Peripheral,REC-00861,2.669325418024105,188.04933631336974,21848,18387,64.0,0.457125847941608,18.520992968629542,0.40459592967788455,217.0,2,3,11,0.22904178038551262,0.5524609248371433,0.7514275435842189,0.6830733144451356,68.30616004681487,56.44981753416035,Medium
SYN-0071,AREA-11,Industrial Ward,Central,REC-00862,2.6063762390414005,269.21359856210216,38746,5634,94.0,0.6063586995596221,5.389149012390311,0.5812525177616716,,0,5,48,0.38073682868800535,0.34665611146240083,0.5889181676415297,0.8882573839064201,30.925344656582816,63.136942618636624,Medium
SYN-0071,AREA-12,Outer Settlement,Peripheral,REC-00863,1.3127776407265634,92.70619871102178,15016,16467,39.0,0.7388895374914192,30.162873537748155,0.23987912748069767,194.0,0,0,8,0.19802729045461412,0.865051653151037,0.5918815159894265,0.9015744790136566,84.27712015826887,36.49600031844822,Low
SYN-0072,AREA-01,Central Market,Central,REC-00864,4.036913407232669,272.962476499002,56119,19368,201.0,0.41161711943203644,15.830967598041838,0.18089936038984955,268.0,0,1,35,0.6680602676616505,0.4486636639891931,0.2246073250844952,0.9951212924746866,65.15560113134495,74.8547613627222,High
SYN-0072,AREA-02,Riverside,Peripheral,REC-00865,2.391683704843757,188.59419793976255,7803,12070,26.0,0.3871277737442574,21.725781657875295,0.2996012181349476,430.0,1,3,6,0.4464896623324377,0.3738233148650906,0.3569726286189533,0.7274074416578024,85.64821583001641,51.1397655131482,Medium
SYN-0072,AREA-03,Old Town,Central,REC-00866,2.840655317644956,264.4342098869206,49025,5384,110.0,0.7417578240885978,17.12235649335171,0.26066779878014956,287.0,1,6,24,0.43425772972191107,0.597634320325303,0.6060406500994188,0.8797741935153851,54.8450043231335,57.409533983153416,Medium
SYN-0072,AREA-04,East Gardens,Residential,REC-00867,4.5191869359914705,374.8391527553794,34470,10930,125.0,0.3187859911069802,5.661115401978655,0.1360842071921734,58.0,0,6,20,0.6730987821899924,0.6022370860243148,0.4784069301804976,0.7570225445341573,48.21931867733654,69.62722679538417,Medium
SYN-0072,AREA-05,Hill Junction,Residential,REC-00868,4.148511011900358,328.8591701585356,49842,13466,176.0,0.6616006905898888,12.717988587761457,0.3051235376385552,,1,4,47,0.840756120037368,0.9293195480079615,0.7904275830194873,0.7565505799617244,49.45141052283963,75.90480964032233,High
SYN-0072,AREA-06,South Ward,Peripheral,REC-00869,4.66625351349369,370.10705650113744,30671,17083,132.0,0.263203308982064,15.744640834049932,0.37047769879562376,439.0,3,7,26,0.739304996290115,0.781952110469171,0.7218317814590934,0.9498172669680505,72.50133283461658,80.07963217752378,High
SYN-0072,AREA-07,North Estate,Residential,REC-00870,3.258995374795166,212.75968074917063,12382,9846,26.0,0.6958055456569358,19.122159855473445,0.40504835989685267,202.0,3,7,7,0.7134615399057105,0.5600704323458583,0.5279506373780127,0.9616444253640741,50.50380455575184,45.45981783009756,Medium
SYN-0072,AREA-08,Canal Quarter,Peripheral,REC-00871,2.5545358087235863,155.0509197255214,49457,18787,126.0,0.5980683684803929,12.871222831721047,0.3930818020626403,170.0,2,3,29,0.3867406981872759,0.5012450962834171,0.5895027374617393,0.744143559402319,47.761660128223085,60.26791150866245,Medium
SYN-0072,AREA-09,West Park,Residential,REC-00872,3.283985124088726,242.29932443742518,41942,6524,134.0,0.6980488352023735,5.567614840627483,0.5982255296093778,44.0,3,0,50,0.5453784944224119,0.34831351669439947,0.6250913670803419,0.8594046503981168,38.74838675491066,63.95327940304177,Medium
SYN-0072,AREA-10,Lake Colony,Peripheral,REC-00873,3.5579599195374594,297.83651156978203,31537,15694,89.0,0.45032629081648745,15.119448259804596,0.2570903553632588,273.0,2,3,22,0.5763436382227025,0.95,0.6241731607577952,0.9090678632835059,58.965522742194395,61.02893389797654,Medium
SYN-0072,AREA-11,Industrial Ward,Central,REC-00874,3.5395258548170077,297.41898516279315,25795,14540,87.0,0.5326866404046356,10.190167335012383,0.5155834880724532,154.0,1,5,34,0.6176672088387136,0.6508003706405572,0.6568628557323964,0.7687646788283656,48.92737105820592,57.219219399245716,Medium
SYN-0072,AREA-12,Outer Settlement,Peripheral,REC-00875,4.383279264750362,298.8400432459458,23988,13298,107.0,0.3975289939577313,12.793414346892638,0.20348835152247424,421.0,2,2,24,0.6801647607375462,0.4636069035336494,0.4977421607554151,0.7038920355790412,58.53998134194072,67.46540663968366,Medium
SYN-0073,AREA-01,Central Market,Central,REC-00876,1.397068774148078,101.49388821488512,32570,13314,57.0,1.0,12.433197443966446,0.14772027566771764,144.0,3,7,7,0.24438099254083623,0.6138154221409657,0.19904858293159738,0.9357396729595585,31.432194514114908,29.365404418878974,Low
SYN-0073,AREA-02,Riverside,Peripheral,REC-00877,1.967712691593174,202.960383988839,18853,16041,40.0,0.5721445905443706,25.388878255020305,0.4619687937088217,304.0,1,3,14,0.5116497984570042,0.42484977151224,0.8641146727509645,0.8330354492240729,77.08659147466614,52.395238283489014,Medium
SYN-0073,AREA-03,Old Town,Central,REC-00878,0.8951833946031498,103.89340060781566,20147,2414,32.0,0.9700655632825608,1.170367065500994,0.14132998009777717,302.0,1,6,5,0.27505944720080566,0.25821151296241135,0.11316443884990496,0.7472310958859694,8.429558877523908,23.441388343083936,Low
SYN-0073,AREA-04,East Gardens,Residential,REC-00879,2.046338936585885,110.86121556653885,19884,9999,49.0,0.7128831581767583,19.631739239562528,0.3171899707349489,354.0,1,3,12,0.4677450906653248,0.281442379526523,0.11326552939836568,0.659653168560988,53.34342509856241,35.81349518328029,Low
SYN-0073,AREA-05,Hill Junction,Residential,REC-00880,1.688571954299344,116.03246743833387,3292,18955,12.0,0.824327008857256,18.896932089457597,0.17310014909573468,198.0,2,3,2,0.12039699043059066,0.19448664101512558,0.8507266379282091,0.9502384194264353,55.85107239164351,29.127766309279078,Low
SYN-0073,AREA-06,South Ward,Peripheral,REC-00881,1.0862344435232205,125.15941006511275,60490,8775,95.0,0.7329862048159331,11.067306003396993,0.2113409892504346,79.0,0,0,19,0.03942468091640322,0.23137972270069074,0.4955062915728895,0.8056925082192115,50.87396394423084,35.3954064375278,Low
SYN-0073,AREA-07,North Estate,Residential,REC-00882,1.4974216244109524,101.74280161019742,17284,2973,31.0,0.5314318262972182,2.4354386612160592,0.26582383612356497,110.0,2,2,4,0.27570038146599746,0.3395916101333608,0.754043124477595,0.8441295171146517,37.34932127254096,40.28595467823062,Medium
SYN-0073,AREA-08,Canal Quarter,Peripheral,REC-00883,1.5387445169386573,110.48843638565428,12817,19287,26.0,0.6405533615000067,22.0519815536539,0.20173359473497787,273.0,0,5,2,0.34894597054448856,0.29463821982734484,0.40857175400765655,0.6969502413019125,72.32197867108438,38.17215446928526,Low
SYN-0073,AREA-09,West Park,Residential,REC-00884,1.4699610106811578,107.10872477751293,11948,15144,29.0,0.914152067241662,7.584944769424049,0.2067751411460874,159.0,1,3,11,0.1826972354872189,0.37620938715864294,0.4447544879627354,0.6789445853579384,33.87550690756885,27.02135212294216,Low
SYN-0073,AREA-10,Lake Colony,Peripheral,REC-00885,3.1031581079649815,267.9530274708803,64261,11261,200.0,0.35373307009267413,20.29919008106358,0.3107736585866729,167.0,0,2,49,0.4334828343434192,0.7105298094572168,0.6643003980131409,0.774596752368134,77.47679426107646,66.1524825174383,Medium
SYN-0073,AREA-11,Industrial Ward,Central,REC-00886,1.607328312304531,144.19051613605632,32296,18992,66.0,0.8854876094459507,12.916647218786489,0.484833409502867,85.0,3,0,9,0.43514921237151083,0.26871113868641594,0.5070815238333468,0.7301932380673768,40.53197810998277,53.80088275787878,Medium
SYN-0073,AREA-12,Outer Settlement,Peripheral,REC-00887,1.4909682260089645,187.20380560174394,22932,11720,38.0,0.6932975480855864,23.39299882897048,0.373179560058904,211.0,0,5,13,0.33079990434526424,0.4599031579703637,0.8204940296343038,0.6620116749143222,64.75794731003393,47.107812679206575,Medium
SYN-0074,AREA-01,Central Market,Central,REC-00888,0.05,30.381336510480214,27743,17239,15.0,0.9700211362974949,16.364100486600087,0.5057379713406828,273.0,0,4,8,0.1352917350208741,0.08974220528499201,0.6531942857934834,0.7116434550356293,47.86828086307873,18.95257454930038,Low
SYN-0074,AREA-02,Riverside,Peripheral,REC-00889,0.4631290418978188,63.775930878490044,8024,2785,6.0,0.9238597803683095,27.998042670208964,0.26921792243659715,137.0,2,5,2,0.02421416663764947,0.4002770171601027,0.5218143534736959,0.8788211818744942,70.42716983497466,33.97203085846625,Low
SYN-0074,AREA-03,Old Town,Central,REC-00890,0.9680361839163184,112.95955791185014,22104,9108,33.0,0.9461987194794268,13.73991130594976,0.5591904981683342,345.0,1,0,11,0.09893689350815178,0.35433370697098737,0.7637879817397076,0.7378168744474876,36.19082086133012,40.36852742651785,Medium
SYN-0074,AREA-04,East Gardens,Residential,REC-00891,0.6298127825400864,62.19779031564816,18043,10539,24.0,0.9622918589881522,3.2060428823299048,0.33082565651094975,292.0,0,7,9,0.21883566964959333,0.1777145756766525,0.5359188107785061,0.9880413862772377,16.345722813262974,35.52584421822286,Low
SYN-0074,AREA-05,Hill Junction,Residential,REC-00892,2.283860998183638,140.49639656636904,52701,10864,137.0,0.8021674845879403,3.8604933541854174,0.16083621023704692,193.0,2,1,21,0.34911639646656517,0.38035763568115794,0.3396969706693536,0.9653015379955355,20.001709298323853,39.13513663115295,Low
SYN-0074,AREA-06,South Ward,Peripheral,REC-00893,1.0465447031644257,97.4486502960803,6150,7884,11.0,0.75785553990761,22.88812533843876,0.2859339127002871,259.0,0,2,1,0.10112127366702643,0.29043877456659234,0.19630598711562586,0.771002833105082,68.0883100987661,26.92907200469655,Low
SYN-0074,AREA-07,North Estate,Residential,REC-00894,2.2092503229360028,161.141823617748,29090,1082,70.0,0.4933450308302768,15.884573533272585,0.27248094073127177,367.0,1,1,13,0.25862481478977467,0.34364035325609205,0.38044046278480625,0.9269614427266721,69.75937625910093,51.358852907256406,Medium
SYN-0074,AREA-08,Canal Quarter,Peripheral,REC-00895,1.2278586307216952,116.00754779477184,51876,5947,78.0,0.6627252869230843,25.835684582903543,0.48373445645897223,92.0,0,7,23,0.14328768836353273,0.7235477601045727,0.6076495893501784,0.7129020681637139,69.51442010347891,36.64586219314633,Low
SYN-0074,AREA-09,West Park,Residential,REC-00896,1.2082771926186622,100.59294896117481,54599,16216,79.0,0.6143129022998033,11.891895139870098,0.12656338843483383,168.0,2,3,18,0.3063895582781515,0.3767508646303838,0.8853499152812846,0.8128367834076236,54.43639752578162,41.50633394969214,Medium
SYN-0074,AREA-10,Lake Colony,Peripheral,REC-00897,1.1074577653114,125.5061915692041,34534,19315,58.0,0.8038396920014401,22.608170130717635,0.6470255597153673,339.0,1,5,18,0.003416511411212353,0.3431272842579761,0.6964316334409472,0.800187985090686,69.10838888871996,49.67517804188955,Medium
SYN-0074,AREA-11,Industrial Ward,Central,REC-00898,1.181531924778568,106.24156501220168,16407,2059,23.0,0.9421295112461566,21.46555987282473,0.1045766635246662,335.0,2,5,2,0.2724082836643658,0.5073277156266809,0.5951723598895179,0.9555339991569758,49.4312853649368,26.299531109366388,Low
SYN-0074,AREA-12,Outer Settlement,Peripheral,REC-00899,2.5535309259212884,157.50039278792872,23561,18622,63.0,0.6355099394269845,17.3129378534138,0.18593438826263675,156.0,0,4,11,0.34060223660401023,0.37606777153706306,0.2619096091170594,0.7917815854244863,48.868160505570955,56.69350034041956,Medium
SYN-0075,AREA-01,Central Market,Central,REC-00900,0.05,24.571186193706797,16393,19533,7.0,1.0,5.4975716154938254,0.1473731414965748,292.0,0,5,1,0.0,0.6650662129080941,0.6655998615033032,0.7069094203740457,21.30966446151792,15.72007982156827,Low
SYN-0075,AREA-02,Riverside,Peripheral,REC-00901,0.22196285239262692,18.359843081430462,43878,19564,37.0,0.965076216191748,30.34878925355872,0.7374183510966746,280.0,0,4,14,0.019444339058021762,0.300088979867125,0.5183648644047629,0.8945616591009962,71.22593948199633,26.370589628754896,Low
SYN-0075,AREA-03,Old Town,Central,REC-00902,1.3886627830986789,187.91198437807898,20790,5478,45.0,0.6163948097740897,20.294021386913283,0.19918095044329873,278.0,3,5,5,0.20495441258663577,0.6322369286248364,0.691174029803151,0.8741504480451806,64.8310936584233,29.795176549840072,Low
SYN-0075,AREA-04,East Gardens,Residential,REC-00903,1.834821753493625,160.64498662636186,41915,7322,84.0,0.7302169238955779,1.1488036333711946,0.2268319196027684,396.0,3,1,17,0.2713483099924146,0.4098299416358827,0.39238438245287965,0.762707844971117,28.722224596869154,47.32215335338252,Medium
SYN-0075,AREA-05,Hill Junction,Residential,REC-00904,2.37528298775478,214.40841992434505,43480,4272,115.0,0.49767046305734497,9.439490721360198,0.4178077176677738,137.0,0,3,37,0.3425577858981863,0.6865485747865734,0.482504388861282,0.9096243770342698,47.21225546519066,48.45623528929018,Medium
SYN-0075,AREA-06,South Ward,Peripheral,REC-00905,2.2016692063655503,180.23230716359026,61242,13178,142.0,0.5287667575721162,25.4317010675403,0.37903676905266936,203.0,0,0,39,0.29837384685462337,0.47781680030017254,0.5208211647925615,0.8740751377937004,91.80936762631298,61.572688006355456,Medium
SYN-0075,AREA-07,North Estate,Residential,REC-00906,1.5158027176391138,193.5435804028465,25646,3499,47.0,0.9817378278424549,4.726759909134462,0.49219677602963435,216.0,0,4,10,0.4110066119090423,0.45130368006447663,0.38967781139720414,0.7040994045617706,12.505017228855165,42.43226215125392,Medium
SYN-0075,AREA-08,Canal Quarter,Peripheral,REC-00907,2.63843440253698,173.67031058875517,62578,6505,165.0,0.641807645527386,10.669892508718775,0.24671154185009392,302.0,2,4,32,0.442744985017888,0.6910875311152254,0.5629729532163776,0.7207356067835067,41.33063607042869,55.593153709274254,Medium
SYN-0075,AREA-09,West Park,Residential,REC-00908,2.647355770465755,188.33034724064257,27544,11373,73.0,0.7088444409117249,1.7649686957068587,0.4826716450748151,325.0,3,4,19,0.4261121665572987,0.5702732755197154,0.32109593549285376,0.8817942460129439,20.813392594751647,49.18898651728154,Medium
SYN-0075,AREA-10,Lake Colony,Peripheral,REC-00909,1.9704457129608226,201.46526219759755,45042,9168,87.0,0.5823431727534076,21.86067211677848,0.46365547725896833,393.0,3,7,27,0.2510492921445534,0.45996126855677744,0.1610740090859637,0.8600635525959512,69.49109321787081,53.16451801118237,Medium
SYN-0075,AREA-11,Industrial Ward,Central,REC-00910,2.593325505933043,193.0361750856174,43851,8254,123.0,0.5177030550359041,5.8358573879540545,0.04,101.0,0,3,20,0.3832676591198253,0.6453279422202248,0.2427050320261146,0.6621974001451435,48.065565198813516,56.144135009587345,Medium
SYN-0075,AREA-12,Outer Settlement,Peripheral,REC-00911,2.041315658689273,150.23839300591322,53613,5694,125.0,0.6166591298376332,15.415653528119108,0.42635770082531904,295.0,3,6,38,0.26327873144484804,0.39326702412487297,0.4953346847921699,0.739509009936456,50.580765574759276,51.097749549484384,Medium
SYN-0076,AREA-01,Central Market,Central,REC-00912,1.409299538519409,114.76095042751585,31819,4952,60.0,0.9359791644259596,1.3181619881889521,0.18981443110493137,109.0,1,4,11,0.3267245570496416,0.5997121046855702,0.15369184804565422,0.6824525904038777,10.679568959476502,35.47692269984969,Low
SYN-0076,AREA-02,Riverside,Peripheral,REC-00913,2.4167394311457198,255.04279203703467,52026,11896,120.0,0.5908410583507073,25.243963006261264,0.393382228134708,443.0,1,0,30,0.31235801481444214,0.5722132685134186,0.4093409929928121,0.9909153059055502,73.68077316177006,65.47391652438083,Medium
SYN-0076,AREA-03,Old Town,Central,REC-00914,1.946976458008658,227.89025254301555,24708,3942,63.0,0.5371404011766404,18.716190454829093,0.11922607406610672,41.0,3,0,6,0.054946571736990635,0.34707075718674774,0.6405512785746585,0.8191017907318433,65.49785491537749,41.45996654543448,Medium
SYN-0076,AREA-04,East Gardens,Residential,REC-00915,1.8595578373493051,173.16311354502275,33206,6130,77.0,0.7522152104249976,16.404025686825364,0.45901308079770003,73.0,1,2,25,0.31692327072067056,0.4870240028282815,0.5097060443275883,0.8273968871851152,53.52743901327328,44.51888363382861,Medium
SYN-0076,AREA-05,Hill Junction,Residential,REC-00916,3.0368488176973756,243.29616175101071,33729,1894,108.0,0.3452417824744055,3.8619575467737386,0.5559749583333204,407.0,2,6,33,0.4726145703078042,0.43311497169614777,0.5428563394000929,0.7012668563347455,41.963185192076544,61.897800706266764,Medium
SYN-0076,AREA-06,South Ward,Peripheral,REC-00917,0.05,66.75344633823558,46528,6216,32.0,0.9695020599727209,30.10176796332582,0.2548285258238129,188.0,1,3,8,0.0,0.29390107053402703,0.6795530410064374,0.8139868641642806,64.97917667466726,15.042380511364025,Low
SYN-0076,AREA-07,North Estate,Residential,REC-00918,0.72433862381806,98.85676989085601,41146,6134,45.0,0.8154316628974658,21.20479916981805,0.361194301335466,,3,2,11,0.2301098383634002,0.37570955237893283,0.19671886588792759,0.9872755559433497,59.30601320953533,28.840325003113353,Low
SYN-0076,AREA-08,Canal Quarter,Peripheral,REC-00919,0.9088296188462196,104.34554273986294,7391,8714,10.0,0.6059892853791773,15.441746987906345,0.3744382886290111,328.0,2,3,3,0.0,0.11639153308152556,0.31104725403014033,0.9527162020807141,63.811638202794555,32.688454219008456,Low
SYN-0076,AREA-09,West Park,Residential,REC-00920,1.5678774418906714,128.39387991676728,53066,5800,105.0,0.8786488376631704,21.644457547201874,0.172664065903784,95.0,3,7,22,0.4504621947781654,0.48601946603442814,0.4380206547252151,0.818586244435114,62.720226093785755,46.901773337883526,Medium
SYN-0076,AREA-10,Lake Colony,Peripheral,REC-00921,1.6547994241328916,129.0918637359352,49876,946,100.0,0.7154534210834735,19.328032416371627,0.3931054760265914,240.0,1,1,26,0.40236123527584755,0.3443798025198024,0.3145134375792462,0.9582354987356883,57.75336106417464,46.554666825421684,Medium
SYN-0076,AREA-11,Industrial Ward,Central,REC-00922,0.6526254417272777,97.30510198894544,9034,7521,7.0,0.9365203136478865,1.8752767699897523,0.26895087254318784,172.0,1,4,4,0.03340451537116812,0.2700998036664016,0.45104091469358654,0.7975917970252032,16.647017013685456,26.45215571797182,Low
SYN-0076,AREA-12,Outer Settlement,Peripheral,REC-00923,1.0703595340970546,113.74709926884077,62614,18017,86.0,0.9931546188845384,22.08347783415182,0.3210641317494318,145.0,1,5,24,0.12429914308088223,0.4898812286639364,0.8149197885293709,0.8643689727135244,56.937287535244366,41.53532327296193,Medium
SYN-0077,AREA-01,Central Market,Central,REC-00924,2.2342653847418705,229.28230056780205,43795,11786,93.0,0.7634028264868529,12.060821793002289,0.4770538082529993,121.0,2,6,23,0.43290399829916776,0.3446098250221708,0.19155684856162294,0.7838250499918791,48.01041971297118,49.48246824782567,Medium
SYN-0077,AREA-02,Riverside,Peripheral,REC-00925,4.88887800122144,350.00694482277305,7810,4830,34.0,0.11816224823771435,28.024188220590734,0.39577480460787157,177.0,3,3,6,0.878558918984493,0.6067386742487322,0.3356880746139732,0.8882419473267351,108.99456993498006,74.98662804921175,High
SYN-0077,AREA-03,Old Town,Central,REC-00926,4.364332285758444,295.9262569267277,33212,18882,116.0,0.45129794409201085,8.46913517927247,0.38778609095282635,244.0,0,7,30,0.6513228913844866,0.95,0.7938366232833342,0.8956738382648806,50.22936073048692,63.38708751712447,Medium
SYN-0077,AREA-04,East Gardens,Residential,REC-00927,2.593539193413007,164.746957014972,54757,12800,137.0,0.6025752317146058,17.099310244528226,0.3037350001890127,336.0,1,6,26,0.23824332177179,0.3172080355089662,0.5519968805988226,0.68634714932043,54.232793770572854,59.40610637476303,Medium
SYN-0077,AREA-05,Hill Junction,Residential,REC-00928,2.6320720953152876,188.03991777577684,19989,13670,56.0,0.7835209652835,17.521228244153285,0.1542904964019108,119.0,0,0,14,0.6923218090967884,0.5226887524712193,0.8759919734260676,0.9644982202480603,46.04904950808575,48.49650581256865,Medium
SYN-0077,AREA-06,South Ward,Peripheral,REC-00929,2.0035755298100915,127.09166640315891,60811,1829,,0.6332166906462386,10.733958693417744,0.46867791560183814,362.0,0,2,34,0.4486641409606147,0.37766001397209914,0.23797173937119862,0.7377223111251078,49.153566898420365,59.21531881921654,Medium
SYN-0077,AREA-07,North Estate,Residential,REC-00930,1.396434396980513,165.1958985577477,28650,5675,,0.850089978838782,15.135998350518964,0.24466909674137444,115.0,2,1,10,0.25156142955874083,0.49353833547351517,0.704578207701598,0.9166855300215473,39.031072990737506,35.07170498006988,Low
SYN-0077,AREA-08,Canal Quarter,Peripheral,REC-00931,2.8294345784339074,211.1595253343148,16636,7942,43.0,0.3107949497958177,20.068914662423847,0.6551648370365738,300.0,3,7,19,0.4926654596477899,0.4158862998360028,0.7712724269413934,0.9797568689264672,81.78474417211632,57.89516536944054,Medium
SYN-0077,AREA-09,West Park,Residential,REC-00932,2.124657140965506,155.06813807115412,24778,13890,46.0,0.7099101946051835,5.250983553287442,0.40624916762399543,195.0,3,0,12,0.42866756691383356,0.39917015900104474,0.8668272464874066,0.7526259550424383,29.12393422581569,50.68096097845964,Medium
SYN-0077,AREA-10,Lake Colony,Peripheral,REC-00933,2.855058302231119,239.97174366705838,35300,1357,110.0,0.4735399351758123,18.75478582518921,0.7613951273827283,404.0,2,6,48,0.5647706446972544,0.4305895311892232,0.22623019621228668,0.9912983897715639,62.491951008355194,59.26939679107693,Medium
SYN-0077,AREA-11,Industrial Ward,Central,REC-00934,1.6427740483259445,205.25227471555303,45508,4945,95.0,0.6471060186091016,19.001579037969424,0.55443809141876,323.0,0,7,34,0.02343167342243463,0.6794695719851782,0.5286008317147742,0.9209990781812125,64.68520761832548,44.45271739587311,Medium
SYN-0077,AREA-12,Outer Settlement,Peripheral,REC-00935,2.3133591609125204,177.5642312393841,60491,19957,137.0,0.5295495391055858,24.485225327691687,0.29092624918403753,253.0,3,3,35,0.34345522262824746,0.555593652774812,0.42241973484867357,0.9067093647313769,72.67361771386474,51.05074274598283,Medium
SYN-0078,AREA-01,Central Market,Central,REC-00936,2.738724596508559,183.99566447408037,14680,6170,39.0,0.6688688497188912,14.17112443699178,0.14286011562723525,66.0,2,1,6,0.4018745046735741,0.3812733722827146,0.5847751513213264,0.687095024052769,53.94808770248462,54.24383934926891,Medium
SYN-0078,AREA-02,Riverside,Peripheral,REC-00937,2.9127905984934443,217.46303026492987,62514,17443,183.0,0.4716873642896362,11.711788751593536,0.1877746071454743,377.0,1,6,41,0.4660929407286695,0.8111849094898688,0.16359265886414187,0.8121896547406098,55.46924402770682,66.1271589371739,Medium
SYN-0078,AREA-03,Old Town,Central,REC-00938,2.953800487259906,176.2343010200393,35481,3832,110.0,0.4170159687935291,15.00010027659895,0.15191079108823663,446.0,3,3,21,0.5847953543870018,0.303660335586849,0.4790456748819344,0.8157024859153275,53.81238576312295,60.72443191171873,Medium
SYN-0078,AREA-04,East Gardens,Residential,REC-00939,1.5634317329406644,157.0632972876626,10492,17114,14.0,0.7483335374046738,16.92902630215506,0.2961042517366174,83.0,0,5,4,0.04576233179523337,0.19372531205033455,0.12318230758649867,0.9632720132459105,61.00539117795427,32.285437955051755,Low
SYN-0078,AREA-05,Hill Junction,Residential,REC-00940,3.3035715043747436,272.03990153341675,60404,8109,193.0,0.4813370147027509,20.949679424203374,0.27539914927411474,261.0,2,2,42,0.3886981644615187,0.599720168283139,0.3475786662841346,0.8216245154873121,79.114290964429,72.91088118781738,High
SYN-0078,AREA-06,South Ward,Peripheral,REC-00941,1.9796535629848142,155.49497793320398,24312,4522,44.0,0.6260701239458679,26.758897510731458,0.225723826672072,444.0,0,3,6,0.24813285611319386,0.39565158094730135,0.7571971001506886,0.7850045497095094,83.23285202328039,40.11810936194394,Medium
SYN-0078,AREA-07,North Estate,Residential,REC-00942,3.1261092519521396,209.5843132213875,41286,13319,116.0,0.572608612154031,2.678798551495796,0.28459195407091203,291.0,2,3,34,0.5395396238346772,0.5980793042371069,0.473679586180497,0.7985308694228495,37.31763971050822,51.58829870383393,Medium
SYN-0078,AREA-08,Canal Quarter,Peripheral,REC-00943,2.61131197897174,281.7443857511997,46134,11590,114.0,0.46502275549053473,29.81410601459385,0.43105116777551716,398.0,3,4,33,0.5350737367628015,0.95,0.7810506434331205,0.9872980290575011,87.38378364718736,48.358150606348644,Medium
SYN-0078,AREA-09,West Park,Residential,REC-00944,1.518712921003936,101.83484451955736,3337,3145,6.0,0.7333005778486468,17.630445466218454,,368.0,2,0,0,0.4488776305146615,0.4309226387138088,0.14652385337368667,0.8648453565955754,61.72464079199833,33.761346832699324,Low
SYN-0078,AREA-10,Lake Colony,Peripheral,REC-00945,2.366864756601344,171.3404982893447,16347,17425,42.0,0.5567056446339519,10.070108644368645,0.2627963533264907,406.0,3,4,3,0.36011495544743544,0.7692426898254161,0.6600276239770718,0.8243203677261741,51.66196002352433,34.005461065920336,Low
SYN-0078,AREA-11,Industrial Ward,Central,REC-00946,2.9121139139173087,230.31095516779027,45403,15219,141.0,0.7078612626499643,15.966385139350939,0.48238000251766394,162.0,3,2,48,0.5850100281412163,0.5856325871893315,0.1479699614797032,0.917361475237499,43.15771696089018,69.5135215914091,Medium
SYN-0078,AREA-12,Outer Settlement,Peripheral,REC-00947,3.110195224645974,267.987021375431,22798,7888,64.0,0.4780095312745459,16.383377932043846,0.36867440508722926,400.0,3,1,14,0.603585368166219,0.5349080274998419,0.22430354175827133,0.7483063387261861,58.819172014899955,56.08259715393365,Medium
SYN-0079,AREA-01,Central Market,Central,REC-00948,3.1626755063620005,241.0535198215877,3083,18148,6.0,0.7279937481442056,13.705667278561064,0.22314211010334672,107.0,3,7,2,0.5921128825220823,0.5539211831179027,0.7428865535517672,0.9493976170219547,44.50167873727786,40.88031696162535,Medium
SYN-0079,AREA-02,Riverside,Peripheral,REC-00949,4.500888936798377,333.6188264014696,3955,1182,14.0,0.385858466309254,15.938528205417791,0.24353064492166498,385.0,2,1,3,0.7472344433524788,0.6753055215567456,0.11576233599292829,0.8680988225691362,73.8316378342142,69.87251962802375,Medium
SYN-0079,AREA-03,Old Town,Central,REC-00950,4.081474441106782,323.65555582901277,54152,19430,198.0,0.6081954777901486,16.33092797951779,0.670750806400234,271.0,1,6,83,0.6323019075716033,0.95,0.404457252636065,0.7425128081869268,53.50496710326287,83.10589402852376,High
SYN-0079,AREA-04,East Gardens,Residential,REC-00951,3.070142531197733,335.7301076325631,12095,8695,45.0,0.7344153638486841,4.921269768158013,0.33279203587484785,74.0,2,6,9,0.3838425021939753,0.7825021976049784,0.8490397913068097,0.6841409346886498,27.532779393543343,55.61338198852403,Medium
SYN-0079,AREA-05,Hill Junction,Residential,REC-00952,3.875563274027091,274.536181044932,8776,16184,25.0,0.6449750836450938,18.525204024127547,0.15722555778590797,324.0,0,3,10,0.5101360684032417,0.33372995501393166,0.2241679818297606,0.8258742681449529,54.83139860988144,49.42994092626974,Medium
SYN-0079,AREA-06,South Ward,Peripheral,REC-00953,4.822500612468085,338.1651156741578,37645,17894,151.0,0.06647277699792001,11.530927036718627,0.39297850084133,413.0,1,0,39,0.8453999208977747,0.6736470958668587,0.8582844559426132,0.9168849200723008,68.01534186800828,74.34808791692637,High
SYN-0079,AREA-07,North Estate,Residential,REC-00954,4.843853504943956,351.62153701794716,9933,16842,40.0,0.39955166265710224,1.505956482802454,0.332316147898867,399.0,1,5,10,0.8007782162568297,0.6834520754827105,0.25656703035788575,0.7645856786005399,42.201816090156626,78.01090966418845,High
SYN-0079,AREA-08,Canal Quarter,Peripheral,REC-00955,2.2930659196595373,209.41935613423288,43318,2666,86.0,0.7051692375913323,12.770460045949504,0.369755983175862,,1,5,19,0.33231676793576725,0.6846823081715906,0.31595885154830916,0.9870730610572103,40.217322801746526,34.63858690415708,Low
SYN-0079,AREA-09,West Park,Residential,REC-00956,2.5342393353918147,280.48119475640635,36505,8347,90.0,0.8130897716679402,9.075444619051096,0.35762041270795497,386.0,1,1,15,0.5021502577209195,0.4604926996639739,0.6104804797236193,0.8375077821228598,37.9865236559816,45.17567278719075,Medium
SYN-0079,AREA-10,Lake Colony,Peripheral,REC-00957,4.463400853704616,326.79981381759217,43056,2205,153.0,0.1626376229196794,23.7903318194771,0.2549036653962029,395.0,0,7,37,0.7198414422334498,0.7637628553708171,0.1052220336255612,0.9477337501955336,86.6904186470586,77.72010836895912,High
SYN-0079,AREA-11,Industrial Ward,Central,REC-00958,2.4288409836474254,214.51496121951982,33225,5206,78.0,0.738847925281133,11.092561737840638,0.18633949269345404,436.0,3,2,18,0.2952253321536768,0.4898212474013336,0.667255221595511,0.6933250120243427,52.04899661160814,39.464217520238215,Low
SYN-0079,AREA-12,Outer Settlement,Peripheral,REC-00959,2.2174329176841923,119.35976660840034,51147,12167,103.0,0.5785837593182633,19.989907842789826,0.4454878624658934,268.0,2,3,36,0.33759238466374336,0.6555929852140382,0.8228228947832978,0.8408840778046973,67.41099887596825,55.09737045585699,Medium
SYN-0080,AREA-01,Central Market,Central,REC-00960,2.5409108269869125,207.09769238998595,42797,14043,107.0,0.8659197121827455,19.177174414065536,0.5099318521785945,413.0,1,7,38,0.5219607194961113,0.33639823578343414,0.3846624434708622,0.9922972250528476,53.29722213252284,52.84545483024053,Medium
SYN-0080,AREA-02,Riverside,Peripheral,REC-00961,3.2660474991258184,251.87000166404084,28455,4922,78.0,0.25627835519505127,21.744632593342196,0.29278747268522304,155.0,3,6,15,0.4215196595931929,0.830601956162845,0.5842916556977343,0.8020866978788197,80.33359063547923,65.44907156201924,Medium
SYN-0080,AREA-03,Old Town,Central,REC-00962,2.847948766257273,255.6902403239235,3461,1668,15.0,0.5089724229532379,11.659747585858758,0.3141647645687604,252.0,3,3,2,0.4997713458140507,0.42889694185778826,0.38583592286979373,0.9223791851014702,54.03535380149336,51.90086113840521,Medium
SYN-0080,AREA-04,East Gardens,Residential,REC-00963,2.4094152352216764,181.09235670567668,19593,8081,65.0,0.44540580807348384,9.808040233866981,0.389302799506459,169.0,2,6,18,0.3949181165430133,0.2720603049624252,0.6535294529278721,0.8967856778694738,44.44525185268359,53.908735185109904,Medium
SYN-0080,AREA-05,Hill Junction,Residential,REC-00964,2.390496162166543,158.71034136961882,10714,11942,29.0,0.6826844917406538,21.546693063899422,0.28724712272280156,187.0,1,2,7,0.3071188400634227,0.476261157981998,0.5215345419869445,0.7692866618895684,66.27285205819629,42.33480730762427,Medium
SYN-0080,AREA-06,South Ward,Peripheral,REC-00965,2.359996480015983,200.2903736004761,3473,8286,9.0,0.8212613251101205,15.098997840202681,0.2371872195018217,150.0,1,2,2,0.3581304842245916,0.6224102440778286,0.5021265517146868,0.9405757931500772,44.413630406216534,31.916526898826376,Low
SYN-0080,AREA-07,North Estate,Residential,REC-00966,2.226258428618996,137.93456428398596,19573,19090,49.0,0.6830028257693456,4.266892406196634,0.7328807932229028,309.0,1,5,13,0.18244111038306077,0.3726599496748709,0.14183037418158914,0.8049148885376752,28.06310990963008,49.84011622470807,Medium
SYN-0080,AREA-08,Canal Quarter,Peripheral,REC-00967,4.755172433366999,324.9748053490309,15414,14149,68.0,0.22639985803153054,20.339727611100685,0.2545683829932146,337.0,1,2,16,0.8056855621933797,0.6843890752872621,0.6293167067690206,0.7846054666545735,91.9221139778253,67.95405684880978,Medium
SYN-0080,AREA-09,West Park,Residential,REC-00968,3.167874988494594,247.56185528396773,7296,12969,19.0,0.6225261540855414,15.233049959415697,,374.0,3,4,5,0.3642112067414158,0.3307914178228721,0.5048002907620445,0.8821951344189275,62.58470683854213,60.95477994326467,Medium
SYN-0080,AREA-10,Lake Colony,Peripheral,REC-00969,3.639273375069941,204.65106395637338,22024,1049,,0.35654686928933327,10.455025123654101,0.2726200447559988,341.0,1,4,27,0.7352380285783916,0.6478045361561036,0.35670841641573825,0.7248263034350448,63.94943429321801,65.52160238781464,Medium
SYN-0080,AREA-11,Industrial Ward,Central,REC-00970,2.538604157051011,197.33818679544441,34160,18609,,0.688518540310148,18.99683738957719,0.24019538432438575,92.0,1,4,11,0.4120640020777326,0.27143781457329935,0.48377614658734835,0.9676029781969293,64.70424814013067,47.413140988377585,Medium
SYN-0080,AREA-12,Outer Settlement,Peripheral,REC-00971,2.781100789797311,268.1862390028726,13637,13352,36.0,0.5377112897477141,15.945439376544012,0.3703851879368407,215.0,1,7,9,0.39489915951123894,0.2518793183922189,0.3643944839256549,0.673372194562979,62.42255978861723,61.2025225212911,Medium
SYN-0081,AREA-01,Central Market,Central,REC-00972,1.6136148444655198,96.55606620798753,19569,19666,40.0,0.672627123523604,14.553067761130464,0.12033320183677504,294.0,1,3,6,0.4082029267776944,0.20771045238961303,0.316871011249079,0.9640910897016022,59.53984592249266,38.41446966489814,Low
SYN-0081,AREA-02,Riverside,Peripheral,REC-00973,0.06309136162644213,23.598681347776036,3759,10065,4.0,0.8598816039863378,13.639011708853456,0.22133609621562317,215.0,3,5,0,0.0,0.07279787796821832,0.19696815652631303,0.8394467700675233,44.523318456823404,23.69448381187682,Low
SYN-0081,AREA-03,Old Town,Central,REC-00974,1.0820506080835108,127.98709990112874,5650,13743,7.0,0.937544866047138,19.31031110434692,0.18407452045253173,109.0,3,3,1,0.09061981931367788,0.4535785232800611,0.2758769046327274,0.8841469238844372,54.210271746252765,30.6161987709288,Low
SYN-0081,AREA-04,East Gardens,Residential,REC-00975,0.7359630855774881,112.30049672460487,12340,10499,16.0,1.0,8.536729461918195,0.23853933327049837,127.0,2,1,2,0.0,0.40841211431873103,0.20374843437280676,0.9850158458350464,34.00760974478142,23.621102309297576,Low
SYN-0081,AREA-05,Hill Junction,Residential,REC-00976,0.3846310072005179,66.73937667021536,30807,17298,35.0,1.0,4.926184252803074,0.44306068637180784,260.0,2,2,5,0.22124592438668622,0.0981250181692308,0.10808993416072649,0.9863240495724943,23.93300355969049,23.331671396240466,Low
SYN-0081,AREA-06,South Ward,Peripheral,REC-00977,1.2281708501233215,114.24229329100241,44131,14288,69.0,0.7483084089966703,10.414635758498658,0.26727025448194774,203.0,1,3,8,0.42943902527840383,0.5926532112492087,0.6902066736743141,0.9484220316665294,43.114031129743594,34.43795865356829,Low
SYN-0081,AREA-07,North Estate,Residential,REC-00978,3.2444225730671086,300.4909806467831,51771,8141,166.0,0.5884751251199376,7.484494121726216,0.22104710284238882,329.0,0,1,25,0.3399058181281377,0.3979172572694989,0.17555311170955346,0.917326900750243,45.408188359046136,76.96741209576753,High
SYN-0081,AREA-08,Canal Quarter,Peripheral,REC-00979,2.1489090953983205,186.06121278203938,41849,13005,106.0,0.6691749104699901,17.963388431386562,0.32490299237764453,311.0,1,4,23,0.2602588230257202,0.26479236638346715,0.41588875499250233,0.8491797096422191,59.71479414417944,47.73999590110245,Medium
SYN-0081,AREA-09,West Park,Residential,REC-00980,3.216909039418743,217.3685697213282,41053,2643,113.0,0.4782603088528189,1.7374708104097625,0.2728548927872483,143.0,2,7,23,0.5445291363507567,0.95,0.617997033541166,0.7290072589618029,36.88389620711948,54.882281946218235,Medium
SYN-0081,AREA-10,Lake Colony,Peripheral,REC-00981,2.5132440910825045,206.9653801244352,60980,13695,161.0,0.4518523410097498,21.662565452101624,0.5870532080335549,296.0,0,2,59,0.35699071873937904,0.3166985677006072,0.6661643708749574,0.8040732245287762,78.271513773386,64.06886481210923,Medium
SYN-0081,AREA-11,Industrial Ward,Central,REC-00982,2.8105050901339315,218.6357174328923,18477,9503,48.0,0.5915535444627217,10.548814013528743,0.35331162647737174,277.0,0,4,16,0.46465971428517416,0.5149455161622831,0.1613120239971341,0.8525282477516474,41.263136522661824,47.73453416576729,Medium
SYN-0081,AREA-12,Outer Settlement,Peripheral,REC-00983,1.4637404333181436,121.98366990985332,52385,6331,94.0,0.5220742153889675,20.35431167603123,0.32439361971089525,93.0,0,1,38,0.22984498588112035,0.3890157389586376,0.805187432623704,0.7351964930359624,66.14398413892886,50.79079966161616,Medium
SYN-0082,AREA-01,Central Market,Central,REC-00984,3.7816796750389763,235.37303730296344,61054,17122,207.0,0.5193929380985324,3.802930576658141,0.4026458474434652,381.0,0,2,58,0.679186169061226,0.7440981289325647,0.1715914608115755,0.860905768464832,40.469708230793344,64.59302032321543,Medium
SYN-0082,AREA-02,Riverside,Peripheral,REC-00985,3.9454902989443164,296.2442632695852,37984,17125,144.0,0.45352120248798733,18.04460721935465,0.2074975246625898,339.0,1,6,38,0.5422658572162458,0.5849987706381106,0.5106014504078247,0.8469940037868615,68.60745444044984,63.5431073630837,Medium
SYN-0082,AREA-03,Old Town,Central,REC-00986,2.9012010778978854,246.05349973200578,55034,1586,157.0,0.5086266117136935,21.3246839011069,,402.0,2,1,28,0.5066526710122902,0.43955190807866645,0.7577936393719003,0.9012997937473661,72.2159297977777,61.24664075860258,Medium
SYN-0082,AREA-04,East Gardens,Residential,REC-00987,3.810151208177773,310.1739306805316,11097,12504,39.0,0.5187967336413443,8.505729824563065,0.36579519364618773,445.0,1,5,8,0.5010899106138584,0.95,0.46623757778656894,0.8708042281390342,47.72726936182727,55.198665438208536,Medium
SYN-0082,AREA-05,Hill Junction,Residential,REC-00988,3.815469118544706,288.339217968172,57423,1372,218.0,0.39033859729070186,17.652186217686477,0.33853882326746565,156.0,0,7,46,0.5864885698336622,0.41800866952243754,0.8997211474450498,0.9526629491716241,59.77722665570528,74.64943770911073,High
SYN-0082,AREA-06,South Ward,Peripheral,REC-00989,2.9228768147807735,231.053598139251,37754,9476,107.0,0.34880818569130045,12.607488934947593,0.3102217750019458,372.0,0,6,24,0.27873597649559306,0.5046460255812386,0.6646590091889879,0.7968610093224519,60.41553558883691,57.46171409411302,Medium
SYN-0082,AREA-07,North Estate,Residential,REC-00990,2.4643041658680436,183.38146960716097,16345,19067,36.0,0.9016647420296338,3.5792513633441327,0.18652781871514074,432.0,2,6,11,0.362171578003819,0.7119773631912941,0.37105431071342476,0.8518119722675027,20.28776590116229,33.26738198531573,Low
SYN-0082,AREA-08,Canal Quarter,Peripheral,REC-00991,2.4152162461662217,226.02821550052812,6349,10283,8.0,0.42160174921465987,30.977440434091385,0.20399984101561103,43.0,1,1,4,0.33380753107874667,0.5690038046390793,0.16096672437000192,0.8617862671102388,95.9908322129504,51.790851881745226,Medium
SYN-0082,AREA-09,West Park,Residential,REC-00992,3.431723345222009,227.38925566415804,47495,3198,149.0,0.36604041349837735,14.615622293845862,0.26692501820633013,303.0,0,0,35,0.6851834136789743,0.365742922875531,0.7600921229010881,0.7717418468333456,68.86437411693136,74.11716054766177,High
SYN-0082,AREA-10,Lake Colony,Peripheral,REC-00993,3.6241268067162915,259.9373530704654,29430,5279,93.0,0.39838809470635667,23.961523234959948,0.23000177574288122,377.0,1,1,19,0.5969099257743631,0.6284011026356133,0.7963931371492815,0.8816643681221681,80.16141861084483,58.92729302730674,Medium
SYN-0082,AREA-11,Industrial Ward,Central,REC-00994,2.728498247318508,193.17640637446988,21875,1089,49.0,0.6502328227907008,9.944401562953258,0.14239116904308216,90.0,1,6,10,0.46945009585887604,0.6938748422238875,0.6045163289947814,0.7656281854571266,50.601009266640396,48.581426245943035,Medium
SYN-0082,AREA-12,Outer Settlement,Peripheral,REC-00995,3.3837871847457186,256.5949630752158,26891,15875,89.0,0.4863376510783923,25.98407203373482,0.39777233112064103,52.0,1,0,20,0.5612702873712913,0.5014225217460808,0.3645532578320131,0.9222832986107034,77.64738476642461,61.690308438205754,Medium
SYN-0083,AREA-01,Central Market,Central,REC-00996,1.9489813674440526,206.06711335520993,64438,17971,133.0,0.9672899749790215,20.49172494967005,0.6236029450872055,166.0,0,1,55,0.06933716657863626,0.2571113444782356,0.5526861003567942,0.9677459040749226,55.76065982013813,59.90643352704094,Medium
SYN-0083,AREA-02,Riverside,Peripheral,REC-00997,1.987104310265505,133.53032004603554,29238,5923,51.0,0.5085498187394737,11.722068078073491,0.44520716447869363,95.0,1,5,18,0.09155050049031738,0.6425985573209314,0.10219005732458193,0.7383779134942474,50.506852362750806,49.57385164801701,Medium
SYN-0083,AREA-03,Old Town,Central,REC-00998,2.7340558346312553,226.09135973653156,7423,5894,22.0,0.5478197625947562,4.620431834451383,0.2744571540139887,118.0,0,0,4,0.41743465643284605,0.3416324733689173,0.43389912576698586,0.854830475937286,43.167172758034894,53.34393023304804,Medium
SYN-0083,AREA-04,East Gardens,Residential,REC-00999,2.514136404291699,212.46502487837773,19989,11799,45.0,0.841077563075985,19.18751506062529,0.05674732928825988,139.0,2,7,9,0.4524499326294732,0.6997591777930291,0.8890596875780001,0.9513774736607516,55.836235371155055,36.62070415934956,Low
SYN-0083,AREA-05,Hill Junction,Residential,REC-01000,0.6915185923280289,56.026759250834,11585,15966,13.0,1.0,2.661974116111419,0.20073999784907146,140.0,1,5,0,0.08706927559492468,0.6147951792950349,0.2705147443549575,0.8544316465594385,9.293460129181614,11.663453329454573,Low
SYN-0083,AREA-06,South Ward,Peripheral,REC-01001,2.8394207061636827,218.78474552280937,45364,18708,113.0,0.5784908616684922,17.541824390179006,0.7853082915560335,241.0,2,6,48,0.36954970736859977,0.38454446295884454,0.6463356159292493,0.7972277475686704,62.4602961464845,58.77034152046897,Medium
SYN-0083,AREA-07,North Estate,Residential,REC-01002,1.0677705348886923,82.50240882745756,52524,19363,74.0,0.7797278816547047,2.747334532174982,0.23929477634621965,421.0,3,5,14,0.14912418149089768,0.13524943314396193,0.18396042642125565,0.892841970118738,26.30845264218499,50.10419780233516,Medium
SYN-0083,AREA-08,Canal Quarter,Peripheral,REC-01003,2.328449988496806,194.37031348190663,55059,11255,145.0,0.6891235880599174,18.567386577680107,0.5458200938941614,386.0,1,2,50,0.3488247339974737,0.7490041296344758,0.6839195684049277,0.790817451839816,60.6969865869791,60.98615306067229,Medium
SYN-0083,AREA-09,West Park,Residential,REC-01004,1.5469410393741354,137.00392726032658,42055,13075,80.0,0.8798101929093453,10.390368278064061,0.2756834634840527,84.0,3,5,22,0.3513038964282407,0.16091108749001176,0.45199765902983335,0.817434057176643,37.23266340868789,49.035365502563515,Medium
SYN-0083,AREA-10,Lake Colony,Peripheral,REC-01005,1.1628322357676901,160.7284526774444,50532,1244,73.0,0.7399479591668472,13.782778448986562,0.448788808100466,373.0,3,2,22,0.280567770451845,0.32297155907899366,0.3726188314810289,0.9974604952733797,46.843147379033475,35.905439313536164,Low
SYN-0083,AREA-11,Industrial Ward,Central,REC-01006,0.05,20.290832085612692,28580,1823,20.0,0.9228086627719809,2.7145409932865103,0.4257576715804327,349.0,1,7,3,0.0,0.02816912481052002,0.5044695324343411,0.7828256252237185,15.721084898210098,28.10853102527573,Low
SYN-0083,AREA-12,Outer Settlement,Peripheral,REC-01007,1.3553001303601857,122.93553312922558,41734,19379,76.0,0.7030614482761874,18.765134353148316,0.533196196144396,192.0,2,3,26,0.21989244459812574,0.2410553934900127,0.7549278932724793,0.9675995836887872,51.188365603644186,38.12678301550051,Low
SYN-0084,AREA-01,Central Market,Central,REC-01008,0.05,32.04143493914402,9185,5180,6.0,1.0,11.804289767217165,0.04,208.0,1,4,1,0.041477247676422385,0.08613458071410522,0.770692052677134,0.9097252934291264,36.52349829014786,16.50560904472557,Low
SYN-0084,AREA-02,Riverside,Peripheral,REC-01009,1.8494772800310746,200.91759370199765,36146,11506,74.0,0.4897970504832079,25.47766021425135,0.14848920878438415,234.0,2,0,13,0.3592035407913941,0.8011083259241532,0.38231162290401943,0.797119410991139,83.90186699333881,42.60062799937563,Medium
SYN-0084,AREA-03,Old Town,Central,REC-01010,2.2890720170682552,174.01963905799312,37341,6047,91.0,0.5835540294428279,16.245916552222397,0.19851693871059126,406.0,0,1,19,0.5798237737395623,0.3921559808551903,0.6062874462260275,0.9657537456423844,68.69990741594363,49.71889651290634,Medium
SYN-0084,AREA-04,East Gardens,Residential,REC-01011,0.43810909991950453,41.74203977958376,4442,4053,7.0,0.8633284338027896,2.468264497526714,0.5315932705168266,109.0,1,5,2,0.0696404675589235,0.29871056584880057,0.3583984363291667,0.7027129622199941,20.19616790413342,20.55499253724532,Low
SYN-0084,AREA-05,Hill Junction,Residential,REC-01012,1.3172144853722736,102.34020832845655,36769,16304,69.0,0.7662914333267122,10.197251619204,0.34090293814404277,245.0,1,7,19,0.35978512406682783,0.38635151764266573,0.4614383721632014,0.9837485313354873,41.13043188418044,46.203031179784105,Medium
SYN-0084,AREA-06,South Ward,Peripheral,REC-01013,0.4953246737504764,48.42137940901726,47683,10190,43.0,0.8087661432924101,27.719145786463557,0.4121131867346381,430.0,3,1,11,0.0,0.714545676889269,0.6250131967035145,0.8972884657738207,73.84254722291939,27.8756939442294,Low
SYN-0084,AREA-07,North Estate,Residential,REC-01014,0.572850107247425,59.7982224728983,25474,2670,24.0,1.0,13.536776460247339,0.19074957958120312,314.0,3,7,4,0.018954158928485593,0.06775372305999125,0.3045583831604664,0.8413028158864291,41.40548398265553,32.37547546371652,Low
SYN-0084,AREA-08,Canal Quarter,Peripheral,REC-01015,1.695233654449154,124.51718967453138,36561,7696,67.0,0.6980369821072139,27.952006132162115,0.2928863994554836,151.0,2,6,14,0.026240012366828935,0.47045516244196783,0.35988878148500136,0.8066593739438669,75.4106591123758,41.334841714702264,Medium
SYN-0084,AREA-09,West Park,Residential,REC-01016,1.0448072818821268,108.37684544331249,20379,8874,40.0,0.8610279065969136,20.96804100692427,0.10426274700086936,377.0,2,5,5,0.19229133178152272,0.4727907784440832,0.23273298816934132,0.9754806459203653,58.24805163684008,30.015231235787628,Low
SYN-0084,AREA-10,Lake Colony,Peripheral,REC-01017,2.467356324901666,161.4196698800793,19421,8680,57.0,0.5678093315234083,17.01978102836715,0.8,124.0,2,4,26,0.48892892873333765,0.7125899305425989,0.5812205321800689,0.9334321488527169,61.46332373760725,60.43625570462959,Medium
SYN-0084,AREA-11,Industrial Ward,Central,REC-01018,0.6898519083945198,102.13825659154935,10593,15513,13.0,0.9782996480683487,3.7920815047299605,0.1960671861451759,137.0,0,0,3,0.0,0.39984734393090426,0.7764592145034611,0.8423321840022866,22.169976864770884,21.917623166271156,Low
SYN-0084,AREA-12,Outer Settlement,Peripheral,REC-01019,1.875106957336448,163.11744910489307,22990,9937,43.0,0.41568031242534587,11.762383873570112,0.24503489543328483,444.0,2,1,11,0.3351121903336422,0.23480184264990622,0.8344853697378005,0.9353425200970911,68.00634005026708,46.727842566318735,Medium
SYN-0085,AREA-01,Central Market,Central,REC-01020,1.34816904800783,176.28412321463367,52699,12421,72.0,0.9398464362894559,3.6548103894376625,0.20602891011206995,355.0,1,0,12,0.2972000830024597,0.5420884820647875,0.8541301834865495,0.8455331491115208,21.370635261062656,45.871791580927436,Medium
SYN-0085,AREA-02,Riverside,Peripheral,REC-01021,1.9068607254369911,177.95210893636607,60975,16634,117.0,0.5138699452924529,24.332182864269335,0.6003497322013459,126.0,3,5,58,0.38347863246677794,0.3313310780069577,0.7236277951810242,0.9046809495326915,70.88594101760269,66.57194132056287,Medium
SYN-0085,AREA-03,Old Town,Central,REC-01022,0.9125121917776471,110.29010989244661,42226,18600,68.0,0.8190270486098309,3.5108665618218398,0.4282850293805042,359.0,2,2,17,0.008582030892116843,0.10025499946181878,0.4784329245420026,0.8729529920929816,18.400040972816534,23.664261827292385,Low
SYN-0085,AREA-04,East Gardens,Residential,REC-01023,1.2305912476003384,180.27518688339762,41522,5194,57.0,0.8685694639403829,21.00055796317995,0.5416989267494781,114.0,3,6,18,0.2978729380377928,0.35572192972381506,0.749995738258946,0.7181872690918724,62.534144964288814,42.36910353736042,Medium
SYN-0085,AREA-05,Hill Junction,Residential,REC-01024,1.1778392142024567,129.59270227755331,40863,12789,56.0,0.826053810651186,14.838641907252356,0.19155067755200722,164.0,0,5,13,0.1974230753866573,0.6390468173705582,0.3045740433968862,0.7261158008295219,38.315670593725685,40.401060414962146,Medium
SYN-0085,AREA-06,South Ward,Peripheral,REC-01025,0.6013926257649748,72.64755833684839,32244,13380,25.0,0.8542366853241044,30.066114178678628,0.514490047451192,442.0,3,6,6,0.17115661856414435,0.18915911781564482,0.5087387052342994,0.9026830394105594,77.54520313675516,32.37127747549633,Low
SYN-0085,AREA-07,North Estate,Residential,REC-01026,1.7999035453070067,130.91735022089162,28939,13721,72.0,0.7650328538717877,12.833625446780474,0.1947473482046338,189.0,2,6,21,0.28488097731619105,0.7404777402852514,0.8347980021783624,0.7480900040802994,41.412729952978204,38.10934823658772,Low
SYN-0085,AREA-08,Canal Quarter,Peripheral,REC-01027,1.790437522104296,199.9651916335157,41307,14522,71.0,0.5946188724580039,14.248696010231031,0.45762407695460633,71.0,0,0,17,0.34413073773070474,0.7767880913653127,0.5624768005847399,0.9626879508311978,68.20260338604876,46.27821258555142,Medium
SYN-0085,AREA-09,West Park,Residential,REC-01028,1.745082073566058,123.1791812733625,51525,2591,97.0,0.9391394900259057,4.531711698140126,0.08483465941743451,448.0,2,5,15,0.423955308265903,0.7032939433529488,0.5888476806436173,0.836327622287239,15.436596205005877,44.70111924307906,Medium
SYN-0085,AREA-10,Lake Colony,Peripheral,REC-01029,2.4998108407757202,168.30132497609216,28358,19613,61.0,0.6149943461326154,26.1256692839145,0.5007988037205718,53.0,2,3,9,0.39215249363699684,0.6846917136143421,0.5970463421615922,0.6985227641520327,74.3418648096913,47.69155817006008,Medium
SYN-0085,AREA-11,Industrial Ward,Central,REC-01030,2.4297141586306474,163.87924176860602,37868,14823,106.0,0.6960940968079836,1.0022642893876847,0.6889986403243873,441.0,0,6,43,0.4390449368393796,0.836667696803941,0.7430143674960767,0.9181833948739027,28.067470485330066,50.746620097766495,Medium
SYN-0085,AREA-12,Outer Settlement,Peripheral,REC-01031,0.9702825657622962,80.4946515397881,31886,6623,32.0,0.8272628216964025,28.38097027851053,,226.0,2,0,9,0.3116860043911976,0.6526878549296089,0.16729798118872807,0.9122176238292219,72.51242679559095,36.270736590204436,Low
SYN-0086,AREA-01,Central Market,Central,REC-01032,3.396060377971084,262.0467503035376,20344,8324,77.0,0.4399120079591487,1.6196164380203606,0.08998364366258013,152.0,3,3,5,0.5500224432180096,0.5718470466387022,0.39898784692983813,0.8777829140739261,32.04677086515043,55.09851933704469,Medium
SYN-0086,AREA-02,Riverside,Peripheral,REC-01033,2.5987379718171715,201.05515313489275,20644,4408,56.0,0.7771492929635981,22.693129087380246,0.8,161.0,1,7,27,0.2980754554527201,0.9074477884151311,0.8492135027273059,0.968134852512776,59.472771521901976,57.122852839511474,Medium
SYN-0086,AREA-03,Old Town,Central,REC-01034,3.116302776115386,258.32094575326914,7423,12440,22.0,0.43320114721386943,9.166185186041034,0.4326578059166095,92.0,1,0,11,0.6005089709179503,0.8139031165356226,0.8720817788761692,0.9111363049157519,47.719801460019035,54.9957404847578,Medium
SYN-0086,AREA-04,East Gardens,Residential,REC-01035,2.6178189639286495,177.45718044919974,29990,18730,92.0,0.6470855840451972,13.842936947386796,0.32588250216305187,396.0,1,3,23,0.6084884739278997,0.95,0.5470960747657229,0.9202404551265999,47.27124979079673,49.96082789500062,Medium
SYN-0086,AREA-05,Hill Junction,Residential,REC-01036,4.3936747705325825,299.43539741942595,47028,8527,200.0,0.3505143786913096,17.425462824838174,0.5567062034819426,437.0,2,2,57,0.8869331499602044,0.6467335303123087,0.34002065673138687,0.8265350593289263,70.7669150071687,86.7787751602667,Critical
SYN-0086,AREA-06,South Ward,Peripheral,REC-01037,3.3885770434981115,264.86376838286554,45349,19045,143.0,0.3666694888590185,12.351038824154758,0.592892151761297,341.0,3,6,51,0.6505613725424835,0.7199850896260195,0.7812340020110038,0.9175043863499934,69.66083887553093,72.37018208978596,High
SYN-0086,AREA-07,North Estate,Residential,REC-01038,2.9231952207402037,201.0823719782976,64104,14781,169.0,0.5362418583386004,20.872210782648477,0.19214248720462443,131.0,3,3,36,0.20590029336569043,0.5355765782523855,0.812699385897543,0.7995292443386636,80.6072129505007,56.29774275525135,Medium
SYN-0086,AREA-08,Canal Quarter,Peripheral,REC-01039,4.052513380708843,262.5483925574964,4996,15673,13.0,0.22004292658094177,22.511360272005895,0.23241566654203752,261.0,1,2,3,0.5991189695452499,0.5273134053959859,0.33782425089184154,0.8072349907998687,96.44714373630215,62.48235659115393,Medium
SYN-0086,AREA-09,West Park,Residential,REC-01040,1.361126195387412,82.57781457734798,50041,1707,94.0,0.9520433972227366,9.021174662598767,0.47244769191123653,328.0,1,4,18,0.15670230737884566,0.49353699575523724,0.6873120684422485,0.8602443295958689,29.309680537445047,36.982364775830796,Low
SYN-0086,AREA-10,Lake Colony,Peripheral,REC-01041,1.4863364473315095,135.15620443818244,52189,8050,95.0,0.5273485620236427,30.560702571130882,0.24781301247173743,44.0,2,1,21,0.25310694824129254,0.4009249995908758,0.860940024264764,0.9149280256809222,93.60671252263394,42.37012276739685,Medium
SYN-0086,AREA-11,Industrial Ward,Central,REC-01042,3.7342894473995605,280.66401869110973,29777,10052,105.0,0.5952271452061199,18.044113532827623,0.14963381689560737,299.0,2,4,19,0.824973354699474,0.34958503579025313,0.44574535027431317,0.6819915437446669,62.91400389892975,67.77559202040659,Medium
SYN-0086,AREA-12,Outer Settlement,Peripheral,REC-01043,3.1459932817176357,241.01080103117502,20186,19446,51.0,0.5173854687260488,13.40342463390072,,148.0,1,3,25,0.39466721759274237,0.6161547784723853,0.16521262489242874,0.8195371412216055,52.00856430032833,55.843526752139994,Medium
SYN-0087,AREA-01,Central Market,Central,REC-01044,2.545182235635118,241.945470996555,24818,16164,57.0,0.5979675512095619,2.859497676652375,0.13816528966183791,341.0,2,7,11,0.6932612899040913,0.3648114008398848,0.7668160428457572,0.6546880875812949,22.77928361564855,52.85949297887466,Medium
SYN-0087,AREA-02,Riverside,Peripheral,REC-01045,1.2837083127716704,132.50719892374627,45159,11877,,0.7641937102672285,29.380589555975597,0.377233693004625,405.0,2,4,15,0.16807202986903602,0.430713669928251,0.6388979297428207,0.8256167710973186,69.38299646162704,40.193695528303145,Medium
SYN-0087,AREA-03,Old Town,Central,REC-01046,2.3262382267462165,191.21576388809882,56385,17114,139.0,0.6553787661319407,13.282214576866167,0.5664007389549061,185.0,0,7,45,0.29567821350755596,0.5471959251330553,0.7065749121357383,0.8015626034680012,51.124799048357126,56.78005437321729,Medium
SYN-0087,AREA-04,East Gardens,Residential,REC-01047,3.947632723747583,337.036606561466,42670,4759,155.0,0.3152106580542161,10.732289830800381,0.058194305769238015,141.0,3,2,27,0.7593633527686784,0.6946125575885369,0.6280136790533395,0.6716539909173187,52.03815667911383,65.4436120878635,Medium
SYN-0087,AREA-05,Hill Junction,Residential,REC-01048,3.0041848912631997,264.52236869689716,34636,3517,102.0,0.44856207666264325,2.623378468142431,0.5542991672664763,206.0,1,0,35,0.611613993896095,0.41532666238717675,0.4357751519530858,0.7740867907308158,33.32697749089831,67.11375204461542,Medium
SYN-0087,AREA-06,South Ward,Peripheral,REC-01049,2.480590431540759,179.34079208756347,43289,16599,108.0,0.6113703215606567,21.377284947062265,0.1779462537414314,51.0,3,2,21,0.4914253679129746,0.4502068704018337,0.8716251260580669,0.7487074803553901,70.14475684294442,59.95285000140421,Medium
SYN-0087,AREA-07,North Estate,Residential,REC-01050,1.9935820673425593,194.61929129805566,6912,15911,13.0,0.7933269494142444,6.701239289863148,0.19868865863755486,144.0,1,3,3,0.23992902187370596,0.7646441515862457,0.597928113310405,0.9625653461090788,20.008153304095405,40.673408263014515,Medium
SYN-0087,AREA-08,Canal Quarter,Peripheral,REC-01051,2.029166913930994,225.08441864323348,40508,9893,92.0,0.6249580017679672,14.054998592852105,0.21134056401227747,134.0,2,3,18,0.3984378609838544,0.4436110212619918,0.5202299378007699,0.8033201626341244,60.45096496853774,51.90473601196238,Medium
SYN-0087,AREA-09,West Park,Residential,REC-01052,0.6414668840664952,134.99500820317647,5133,6690,6.0,0.8632126515098298,9.212277036046897,0.24958934029782737,50.0,3,0,1,0.0,0.49473096369969105,0.5452002919998763,0.6806319591328044,34.16033995350405,19.500121663346263,Low
SYN-0087,AREA-10,Lake Colony,Peripheral,REC-01053,2.550937532163438,235.1129347724601,62443,1624,171.0,0.5000169614613962,10.749467367782152,0.37140549235037357,350.0,0,0,41,0.32948675168294805,0.3341900058371926,0.7108994504110634,0.7900761022619598,49.61613359835389,63.42223297207102,Medium
SYN-0087,AREA-11,Industrial Ward,Central,REC-01054,3.0212116822119928,248.01826072526103,58075,3276,178.0,0.5379639856306377,13.555147588113643,0.0961037223050075,230.0,0,4,22,0.4921508606761546,0.5270986828461195,0.587259684096036,0.8747696852041333,52.39983768900171,46.66260536816189,Medium
SYN-0087,AREA-12,Outer Settlement,Peripheral,REC-01055,1.084329733690017,119.18838832235883,34271,15672,37.0,0.5185605410621735,23.043162616253472,0.4141057372299546,392.0,0,1,10,0.08232599029353728,0.10858148076320714,0.1588448440688106,0.9707365371447833,77.70844027386403,45.11653336025166,Medium
SYN-0088,AREA-01,Central Market,Central,REC-01056,0.9469419275616563,145.26711525833434,25880,12497,31.0,0.8747785201721217,15.594984998961392,0.11110941769253348,158.0,3,2,5,0.2841534443390453,0.7164285457266093,0.3220063478721159,0.9554352316804479,41.37514427280907,28.424852738325587,Low
SYN-0088,AREA-02,Riverside,Peripheral,REC-01057,0.5501037356203714,35.626304918521505,48269,16422,43.0,0.8656800603582882,10.479736094596694,0.448525508770631,156.0,0,6,11,0.02230385210757685,0.37844820477859137,0.5105816534250316,0.8037384549499318,42.93584213262013,24.191148396369723,Low
SYN-0088,AREA-03,Old Town,Central,REC-01058,0.7037944855600983,123.77532494496253,42348,1489,59.0,0.909581827874971,4.6872267113458275,0.1394159096635105,216.0,2,3,10,0.09084433473295114,0.7606408159959753,0.23209952217934512,0.8715729855920236,27.329074611578555,20.82979844891681,Low
SYN-0088,AREA-04,East Gardens,Residential,REC-01059,1.5188607428646292,142.63828523958927,46590,17187,86.0,0.9996573966412561,17.21939778206099,0.32217908240828036,135.0,1,6,26,0.14751966334322286,0.5915484597063105,0.7846294109629671,0.9886003986357795,40.83013225894321,39.93934154598877,Low
SYN-0088,AREA-05,Hill Junction,Residential,REC-01060,0.05,15.569114274686235,34723,11280,32.0,0.8724525426204024,13.06825694021272,0.08093630682163501,351.0,0,3,7,0.13284651070393322,0.12152362370904785,0.7212842265415585,0.702144026822921,40.25764681549453,24.41882483331061,Low
SYN-0088,AREA-06,South Ward,Peripheral,REC-01061,1.9674917920927604,132.4270228639619,17266,3671,27.0,0.5252187030797671,10.190147474038266,0.37454351292727217,383.0,0,5,4,0.24798006176016357,0.843033900216543,0.7052410261323975,0.9591089756626974,55.436499480302466,44.69715328407653,Medium
SYN-0088,AREA-07,North Estate,Residential,REC-01062,2.0791594973540546,123.9768092840483,7078,19162,14.0,0.7248799498524727,16.34475404576805,0.1346305794872382,317.0,3,2,0,0.48356791522171283,0.2355599177204899,0.47412276792418595,0.9462873991369727,55.72311640675935,47.741107107082385,Medium
SYN-0088,AREA-08,Canal Quarter,Peripheral,REC-01063,1.2751933709775791,139.8223041525222,20206,7057,31.0,0.7307249452862307,18.748641347342264,0.30796266990169696,120.0,1,1,7,0.3407574587301334,0.5160490195036271,0.33198663833081615,0.9701257339759741,57.137267112317886,35.10990242646713,Low
SYN-0088,AREA-09,West Park,Residential,REC-01064,0.05,100.9236689148893,35562,7474,27.0,0.7648549649968474,6.524536889605205,0.3193603514328672,358.0,2,2,3,0.0,0.36484863333351186,0.770337775256269,0.988397034232975,28.732784928489654,17.773800840801343,Low
SYN-0088,AREA-10,Lake Colony,Peripheral,REC-01065,0.6789405406051974,69.15553884093055,29001,15936,39.0,0.8572720843003447,25.83931134979451,0.23117016864749015,188.0,1,1,7,0.11671689375885469,0.36016988521268894,0.38222732703734363,0.7076515506931815,66.82596638974285,33.64312805649637,Low
SYN-0088,AREA-11,Industrial Ward,Central,REC-01066,2.4623969886892665,174.4365291705695,34147,9654,91.0,0.6850624423301744,8.567660510876406,0.04,443.0,2,3,16,0.35355442092672357,0.3421889013958362,0.5468032233637391,0.8462132013535419,37.665135958544525,52.25246363524016,Medium
SYN-0088,AREA-12,Outer Settlement,Peripheral,REC-01067,0.05,79.50399400652434,19856,15351,13.0,0.6186728467400291,19.525883216670668,0.1457908497554995,196.0,0,2,3,0.07381997276417059,0.7804439952181139,0.33432740969451524,0.7079370680079327,65.8500628569229,24.67611247147878,Low
SYN-0089,AREA-01,Central Market,Central,REC-01068,2.180000670293905,185.1050466197346,61116,11683,144.0,0.6807947938926626,19.076323170209754,0.2526310238508193,286.0,3,2,34,0.3399968876895161,0.8032360548301347,0.8860700142224264,0.7446758365342947,59.35150270167506,51.21416132294518,Medium
SYN-0089,AREA-02,Riverside,Peripheral,REC-01069,1.5140187772749134,176.04214140083332,25421,17773,46.0,0.5710123885488719,13.1435067083192,0.5474815087088933,202.0,3,1,16,0.20223878322642044,0.5866956182191212,0.6660382938790617,0.9280302038554289,48.60932685448637,52.95456039160106,Medium
SYN-0089,AREA-03,Old Town,Central,REC-01070,3.10167564131659,212.33355542913256,55384,5510,157.0,0.5113666184980226,12.878810594912634,0.4631613836052388,400.0,2,3,53,0.5224874398082372,0.8681981310826535,0.8717997312662066,0.9577313883020364,60.79041634010025,62.64400787406982,Medium
SYN-0089,AREA-04,East Gardens,Residential,REC-01071,1.9179282383339515,184.24281347155903,26935,11181,61.0,0.5709179524719032,3.1829318603192593,0.46749056029320296,70.0,3,0,17,0.12978881476588666,0.40467675828552363,0.8685376607465815,0.8100344132278994,36.24629800889122,53.17826657594946,Medium
SYN-0089,AREA-05,Hill Junction,Residential,REC-01072,2.78118261663721,275.23223569579875,30224,4314,90.0,0.6605770751116192,21.534982146816056,0.1889168586403434,442.0,3,3,21,0.45442864672959227,0.4996850593010418,0.267400680845287,0.9116991744285352,61.65887797112958,46.753116171766756,Medium
SYN-0089,AREA-06,South Ward,Peripheral,REC-01073,2.910387735383995,197.67751613507093,40241,6558,123.0,0.6839588827146679,16.54896523453041,0.8,385.0,1,1,64,0.5630180589807248,0.4152140613702474,0.6847048093251715,0.7215797715161354,52.79126873563713,58.80002391230421,Medium
SYN-0089,AREA-07,North Estate,Residential,REC-01074,3.9270000718327367,285.63216432022335,18945,19838,79.0,0.48202281884385073,20.114786420298984,0.5398409302331899,54.0,3,4,21,0.6710665376034631,0.9411963473622256,0.47257140753795246,0.8083864550065805,74.49799617763202,61.006456078788275,Medium
SYN-0089,AREA-08,Canal Quarter,Peripheral,REC-01075,2.295665845108424,178.37056334275115,16243,8505,31.0,0.299480689473183,17.707183322627248,0.6539423741601305,128.0,1,3,11,0.49680976207172123,0.712031839793429,0.6041515008370932,0.6514543521692369,69.24137909797312,51.58928015400387,Medium
SYN-0089,AREA-09,West Park,Residential,REC-01076,2.7588548957468095,241.81145461951334,26199,14190,71.0,0.6480318390753825,18.76961816585737,0.14869427148658604,175.0,3,3,12,0.41453337874784185,0.95,0.47267408141201206,0.9225489513685352,60.76708714524074,46.06249183682339,Medium
SYN-0089,AREA-10,Lake Colony,Peripheral,REC-01077,1.2699750167467718,160.36783555481634,52768,6231,86.0,0.6788468425915678,26.05672013793481,0.5690218700499252,190.0,0,4,26,0.15654761731197817,0.4794481301796078,0.14568591445223966,0.7432699422883715,73.50551486231572,41.71277049199922,Medium
SYN-0089,AREA-11,Industrial Ward,Central,REC-01078,3.410350250683716,241.2197764968172,11537,1220,33.0,0.39042946073378737,5.8835414709564215,0.30452527707974053,280.0,1,0,8,0.43431342797014605,0.5652498617806962,0.6447501874305975,0.6619713990942712,42.53321230196131,56.0206170586837,Medium
SYN-0089,AREA-12,Outer Settlement,Peripheral,REC-01079,1.849612321591629,235.16640755925195,29846,13026,,0.6634891347440952,23.585344700571376,0.2895765439560879,301.0,0,0,18,0.2595793318394244,0.32686273828021833,0.48996683186941936,0.7730793088851102,65.32315093860663,48.6346657544581,Medium
SYN-0090,AREA-01,Central Market,Central,REC-01080,1.0015786455708602,106.79701281313561,44507,4733,70.0,0.9653507569953623,5.900176729168617,0.5653059441406778,110.0,3,3,33,0.40283688925753436,0.7211152733015935,0.2069069198657247,0.7752538632646115,22.912394292019034,40.4433516490223,Medium
SYN-0090,AREA-02,Riverside,Peripheral,REC-01081,1.4323837409616882,116.07551021649189,46640,10147,75.0,0.599247058438187,10.398501391153243,0.2228693428997993,369.0,2,3,20,0.271795827315989,0.1934206090062044,0.6241315023258148,0.9018400118636862,42.175007660366965,42.35034920584606,Medium
SYN-0090,AREA-03,Old Town,Central,REC-01082,0.19987450056917688,95.82194404112387,29650,15405,20.0,0.7747696326228883,7.310047581008701,0.10571613442356635,41.0,0,2,4,0.0,0.6285313414116016,0.22748896396791007,0.7782179355594621,30.647060949394852,24.335457081427435,Low
SYN-0090,AREA-04,East Gardens,Residential,REC-01083,1.633197999984207,150.35984203138077,7590,11560,18.0,0.5299516112570667,15.92171695173541,0.34980437920984375,280.0,2,3,4,0.15146263409598656,0.3696332118088989,0.8012538583776504,0.7553309106249984,64.89259081473793,33.40890884927335,Low
SYN-0090,AREA-05,Hill Junction,Residential,REC-01084,2.224154995181065,173.28343581720455,3494,1599,9.0,0.6087360894444123,4.74940698410324,0.14403502122468428,347.0,0,1,0,0.1788688121049335,0.541951916889327,0.11689164376789166,0.652847034652834,31.563867982863133,32.81472789309175,Low
SYN-0090,AREA-06,South Ward,Peripheral,REC-01085,1.68452903563889,133.22372141850983,31872,13612,48.0,0.6255055186993783,23.183838275276734,0.3024229865560698,188.0,3,1,12,0.18110761094427014,0.41453004150998096,0.4367414895582864,0.9235805553410752,73.63419870917623,40.064983372499825,Medium
SYN-0090,AREA-07,North Estate,Residential,REC-01086,0.1790639254980766,114.70537679626904,53127,8411,50.0,0.9130103827937718,17.062610035744083,0.18086868169909515,209.0,0,1,9,0.12094720860764968,0.35017547704335017,0.37427321504120126,0.6756031236111442,52.391139453376084,29.020136380886143,Low
SYN-0090,AREA-08,Canal Quarter,Peripheral,REC-01087,1.351134541377329,98.0070803321766,4263,5163,3.0,0.608847313087688,16.51712482668433,0.5237265375875091,42.0,2,7,1,0.1739452774405193,0.6588832876163008,0.806604398101453,0.7699410289212117,58.14477879032347,31.344668962410793,Low
SYN-0090,AREA-09,West Park,Residential,REC-01088,2.0438050992246493,206.62219598046886,57967,13877,129.0,0.7820152293639278,3.14361125805411,0.620852207120684,98.0,2,0,36,0.22565357342699963,0.19107215164602523,0.6949428416857124,0.7362145147840151,27.555808411430846,56.747555532815966,Medium
SYN-0090,AREA-10,Lake Colony,Peripheral,REC-01089,0.05,18.901023946093005,44744,17945,27.0,0.928539125537511,22.528428117719475,0.4582717590361735,242.0,0,7,8,0.0,0.2855066019291492,0.3115797759145347,0.9842745583274222,53.63050915772027,32.376745205720944,Low
SYN-0090,AREA-11,Industrial Ward,Central,REC-01090,0.5903691657868855,59.691996687702456,3003,4927,8.0,0.941299525121059,3.7584745667277284,,,0,5,3,0.17633255695727276,0.16540525978324847,0.37111459032943017,0.862201352819737,23.570890631976155,18.601411011446537,Low
SYN-0090,AREA-12,Outer Settlement,Peripheral,REC-01091,2.1514168601062726,177.38382818269497,23981,1412,50.0,0.6767801737064145,10.05455966346833,0.37442060492316387,270.0,3,0,14,0.34881790763858345,0.29165293621661637,0.6091443052204424,0.6601831363405462,46.263232481034414,39.580389588335784,Low
SYN-0091,AREA-01,Central Market,Central,REC-01092,3.2384422313324865,264.46148835973,16281,16883,52.0,0.46786120527801367,3.745415974204284,0.25557774560285085,412.0,0,6,11,0.46447584218353466,0.6861856211131736,0.8743208188580598,0.8864337147804243,46.05138199540306,51.61387475296512,Medium
SYN-0091,AREA-02,Riverside,Peripheral,REC-01093,3.3519431496760603,208.53430306232008,61828,5272,195.0,0.27938085083832337,15.599602819401596,0.4747984827296009,187.0,3,2,64,0.5216505872661281,0.5191746598714161,0.4251366896106896,0.9589684249632355,75.8836396208264,69.47069554248303,Medium
SYN-0091,AREA-03,Old Town,Central,REC-01094,4.509961730073306,316.81449504742363,37173,6425,161.0,0.3059253168824524,15.22496407003692,0.06844286033077579,330.0,0,3,26,1.0,0.43435747856498086,0.7677299008926649,0.8838544856829843,69.53515858687093,72.48152233620664,High
SYN-0091,AREA-04,East Gardens,Residential,REC-01095,3.3972081067796194,291.69122735741075,22757,2927,86.0,0.4534345324490408,7.984486695256895,0.203692877699615,298.0,3,0,24,0.7125561200346138,0.3890191204091875,0.6742770898134219,0.8332611727315261,61.63334952116769,48.68565560326325,Medium
SYN-0091,AREA-05,Hill Junction,Residential,REC-01096,3.5486762923212005,301.40065579487464,19878,1988,70.0,0.25703058434938875,20.289940008186644,0.11866450626538533,341.0,2,0,14,0.7676810882805818,0.5910467868504188,0.665038385581155,0.7643513213107631,84.71750426055341,53.72579905959879,Medium
SYN-0091,AREA-06,South Ward,Peripheral,REC-01097,5.190962305749318,368.70268552796114,37737,8519,200.0,0.08779704044945892,25.587517684061854,0.33836924272761976,363.0,3,6,49,0.6549079108159873,0.49056369593796767,0.2910442183703653,0.866702335167993,104.02759632179881,92.42175498020971,Critical
SYN-0091,AREA-07,North Estate,Residential,REC-01098,2.8513222375022647,190.0769918321648,2818,12235,5.0,0.73339695337155,21.73689232148642,0.32413021823809096,329.0,1,4,0,0.4570880995766112,0.7349443257123117,0.12381775476491096,0.6644251472139158,61.83247944540313,39.48329534769999,Low
SYN-0091,AREA-08,Canal Quarter,Peripheral,REC-01099,2.384059673079861,201.42979915831054,18586,18922,48.0,0.6423340574429629,23.97120410441574,0.419827875819074,54.0,3,3,16,0.3199685869485375,0.95,0.4756331560121426,0.7287032320337665,70.40531655117479,51.84819894440872,Medium
SYN-0091,AREA-09,West Park,Residential,REC-01100,3.3646030025723634,283.7051978999293,12838,9677,48.0,0.5919776424745986,1.4491728141560256,0.5748492044415168,369.0,1,7,21,0.6260279905954553,0.41555477796361995,0.5871688008987509,0.9721444474372491,29.580839605902547,57.88473447145001,Medium
SYN-0091,AREA-10,Lake Colony,Peripheral,REC-01101,3.373558707485773,264.72792235467364,41257,16624,125.0,0.42349594614042924,13.126502459006872,0.5410369233217316,372.0,1,7,47,0.6894366099952262,0.42768056278866934,0.4820913758709594,0.8987479665107447,54.301397658936665,74.15048994763303,High
SYN-0091,AREA-11,Industrial Ward,Central,REC-01102,2.6009935704176907,251.22603515896137,44326,18547,123.0,0.8097287232785669,6.661459693361348,0.04,203.0,3,7,20,0.4726700739533532,0.4699958603491474,0.4074411924508342,0.6831362368909416,31.123018376054546,45.97357965777386,Medium
SYN-0091,AREA-12,Outer Settlement,Peripheral,REC-01103,2.196448268330779,174.67631525644146,31690,10120,72.0,0.4452770950495355,24.76995579039597,0.44892744372963905,282.0,3,3,10,0.2613783062693281,0.2967102444469158,0.33080161699419597,0.8846774758364234,81.5324572410857,56.61238635880177,Medium
SYN-0092,AREA-01,Central Market,Central,REC-01104,4.147267174081011,270.03319841475115,11251,11306,48.0,0.3036033409931144,14.550509981488414,0.5082218009520202,377.0,0,6,12,0.6118895951205002,0.4491820603616571,0.7875113799081069,0.9648646444416917,72.42798799235666,68.92433373226652,Medium
SYN-0092,AREA-02,Riverside,Peripheral,REC-01105,2.560866412719367,188.6125320874932,25664,8342,,0.6563941350619126,14.309699526657925,0.5000675282252971,173.0,2,0,22,0.5012795727225037,0.30014991147900044,0.23580287398058808,0.8847580528474813,58.19964837501271,57.488120211490404,Medium
SYN-0092,AREA-03,Old Town,Central,REC-01106,1.713563331287288,151.42766351263532,55181,15437,106.0,0.7634137212404246,15.659279063790182,0.4747322819998906,109.0,3,5,30,0.3720026693330125,0.27194932402267624,0.10429312778105021,0.8567543232280255,51.38733655764383,57.01158248418108,Medium
SYN-0092,AREA-04,East Gardens,Residential,REC-01107,3.0321358782326273,215.98550284129578,15230,1266,46.0,0.49495958020213077,6.860038858254723,0.3707886279408423,324.0,1,6,14,0.5222702643979263,0.7864412048544793,0.1865366009837909,0.823154660696265,42.05807543774062,55.04312726884869,Medium
SYN-0092,AREA-05,Hill Junction,Residential,REC-01108,2.212075515159881,168.19696914685582,12710,18885,26.0,0.756540383088393,15.037634292155813,0.46797936685216407,172.0,2,0,6,0.38425416285339536,0.5384510834457619,0.45423889637703885,0.8568730697815663,58.7661723972267,41.27440559955953,Medium
SYN-0092,AREA-06,South Ward,Peripheral,REC-01109,2.0970864793546835,205.16207061711685,9470,10064,15.0,0.5337918574877861,16.526551429967032,0.43886149959151094,328.0,1,6,1,0.35552911751800664,0.6832833645307708,0.5481058912068356,0.9548846003176641,54.09949080978103,33.435065394000354,Low
SYN-0092,AREA-07,North Estate,Residential,REC-01110,2.749209933940543,194.32850765235588,53544,2961,131.0,0.5146075497915957,5.416729326736462,0.3078005177914541,205.0,3,7,32,0.49049324258642485,0.5054312321683474,0.6580229716159767,0.760583361345404,32.49028930868643,57.28058186476595,Medium
SYN-0092,AREA-08,Canal Quarter,Peripheral,REC-01111,1.2658858218235967,82.28922235624152,9992,5465,15.0,0.5989337674006456,20.391670158740855,0.499804558372128,350.0,2,1,2,0.29689628732455026,0.403822995079899,0.548705325987995,0.9203000354527975,69.229456115636,40.27678513648746,Medium
SYN-0092,AREA-09,West Park,Residential,REC-01112,2.5814933995426865,232.09604804621813,38851,11199,97.0,0.6771768473871458,21.59573863698035,0.18614030129980963,112.0,3,7,21,0.5058687847921646,0.45477400844369587,0.6077835964189242,0.8743692366182663,65.7576487752777,53.3092014388058,Medium
SYN-0092,AREA-10,Lake Colony,Peripheral,REC-01113,3.8297554825943507,308.29586754149756,64940,518,202.0,0.3685320920324704,23.578387720420018,0.27009074211235984,209.0,0,1,36,0.6411228324984019,0.5917965786025872,0.1934933922033314,0.695730832227559,80.87935962459464,68.17458623259836,Medium
SYN-0092,AREA-11,Industrial Ward,Central,REC-01114,2.672333766166797,182.58617345121817,42613,15672,119.0,0.8078828847353624,8.384469142355305,0.29012303414177726,262.0,0,7,21,0.43950303094851917,0.5214746407706199,0.4512634265119001,0.7335375712473927,25.307490569160343,52.30473186449394,Medium
SYN-0092,AREA-12,Outer Settlement,Peripheral,REC-01115,1.998421953382177,191.120425262654,28269,16977,63.0,0.5654102169343148,20.887338537576092,0.32424973689181713,276.0,2,7,13,0.3225945284753253,0.674916000513847,0.6676914710541645,0.9592854568741516,64.76689207415558,48.37594506982647,Medium
SYN-0093,AREA-01,Central Market,Central,REC-01116,1.7054671190762407,116.9373140075127,15426,11858,25.0,0.7243766694735767,10.21076442830737,0.4704611224295312,384.0,0,3,13,0.19060484254206844,0.35066779071364207,0.35939140501957856,0.7634973900886276,48.83632568576347,47.97551177369957,Medium
SYN-0093,AREA-02,Riverside,Peripheral,REC-01117,1.7828793647427468,134.18126867578425,2620,14586,5.0,0.8031529125992454,10.658219068988306,0.7269404578920043,235.0,1,7,1,0.20198318287064798,0.4123950601494683,0.30589616492983823,0.7932367350710029,45.727519571193554,38.52641368940417,Low
SYN-0093,AREA-03,Old Town,Central,REC-01118,1.9079812009806094,130.88628460447265,12222,2231,24.0,0.8511602470560256,15.160049977379419,0.1260562137348803,448.0,3,4,3,0.38327161980647484,0.4280053241166161,0.32067841599044844,0.7664563647963393,50.226767134200124,47.99353902334033,Medium
SYN-0093,AREA-04,East Gardens,Residential,REC-01119,1.8089061172122167,143.82688768147182,62058,18822,134.0,0.7641409400418183,5.315450276686138,0.04074480918597315,189.0,1,5,18,0.21594008650135516,0.6314376958449969,0.40335152881378533,0.8445990746455111,25.984549225708758,45.59680685863182,Medium
SYN-0093,AREA-05,Hill Junction,Residential,REC-01120,2.8442004962784875,241.79478117672613,11475,8482,30.0,0.41449040381125446,12.218780488774442,0.125007033165925,380.0,0,3,5,0.5717054801959774,0.7999483243704939,0.10300814061403792,0.6731231625585036,56.1923585233275,47.66725201216334,Medium
SYN-0093,AREA-06,South Ward,Peripheral,REC-01121,0.7245840608516476,95.19377951368608,3748,9629,3.0,0.6811356576067814,11.489117485095614,0.3015549304329934,92.0,1,1,3,0.11460288481766603,0.380982976322359,0.8233445904900406,0.8045719109886151,43.720567925000296,25.68656977803356,Low
SYN-0093,AREA-07,North Estate,Residential,REC-01122,2.8007513837485414,197.63706357184566,53504,5818,151.0,0.48140343058867574,17.59624286912585,0.5628422804709456,234.0,0,2,53,0.5651433283036431,0.7828726344733695,0.2647366010119683,0.8249207016990058,62.552107937035466,71.7016405619054,High
SYN-0093,AREA-08,Canal Quarter,Peripheral,REC-01123,1.8074021233047852,163.16465697192666,28661,10186,42.0,0.6313379159652543,10.366011195551884,0.61010497221182,416.0,3,1,19,0.377668743644041,0.5308776455502351,0.7853562012797471,0.9349772673369252,42.7577731605953,43.728173320094356,Medium
SYN-0093,AREA-09,West Park,Residential,REC-01124,2.412709571975132,208.28905064143544,24812,962,53.0,0.6012197261784962,7.7507241402822995,0.10894758336559121,422.0,2,1,9,0.5032698529685047,0.33120397990196593,0.1448776863793776,0.7244390110215889,40.94811429757825,42.646815377220484,Medium
SYN-0093,AREA-10,Lake Colony,Peripheral,REC-01125,1.209561015258143,147.2849900216384,47342,11436,88.0,0.9030100450049359,18.049658178925952,0.5511178824223337,92.0,3,5,30,0.14442961176279925,0.36117315589485394,0.32333498171650066,0.7858369279231883,42.60055947961689,36.54030641246294,Low
SYN-0093,AREA-11,Industrial Ward,Central,REC-01126,3.174056196898383,257.0918253082883,35189,5955,118.0,0.36705966678134533,17.219843575793625,0.19278074066714426,176.0,1,0,21,0.5780773002072155,0.6991681617780978,0.5346838715826019,0.8343885291388495,75.66139983289757,57.512798543052874,Medium
SYN-0093,AREA-12,Outer Settlement,Peripheral,REC-01127,3.1076593115563327,264.12881039878266,59662,17704,171.0,0.30556693035258786,30.44533073341499,0.3079185609168755,305.0,3,0,37,0.6064897773385258,0.3709236972078144,0.2155672659140481,0.9333820423245119,97.99032763490506,64.96867095997227,Medium
SYN-0094,AREA-01,Central Market,Central,REC-01128,2.649042358237422,214.13188684622537,31724,4145,79.0,0.6584895240323431,5.017965127780614,0.1765917709656768,60.0,3,7,18,0.25534785577830516,0.5965045780138658,0.8897797811328013,0.8956742073523085,31.185469863803387,44.802972410131844,Medium
SYN-0094,AREA-02,Riverside,Peripheral,REC-01129,0.6695661170025315,59.075855776073354,47055,4514,58.0,0.848833069591346,12.92022475014463,0.40079620266981125,203.0,2,1,13,0.3157975665396185,0.365982060250972,0.5492216969626083,0.6657632551563146,34.00553495546616,35.26122102447309,Low
SYN-0094,AREA-03,Old Town,Central,REC-01130,2.5446667944902055,210.25785629880565,57428,13001,177.0,0.33329030106387025,14.055742657715491,0.3545059054504649,418.0,1,4,41,0.696025497948723,0.7447097024641104,0.7455810187940614,0.7722396151235214,68.69371746425198,53.83752586232323,Medium
SYN-0094,AREA-04,East Gardens,Residential,REC-01131,2.20525400774593,219.80977377894914,31476,1836,64.0,0.4830152198157406,5.563249601923708,0.2833313738688373,376.0,3,0,20,0.48121692996405924,0.28184568276242195,0.32217220209098596,0.72610488283292,36.59545256349178,57.74387122347585,Medium
SYN-0094,AREA-05,Hill Junction,Residential,REC-01132,0.5971529399313089,116.84978490840383,20267,13281,23.0,0.884766145232743,1.508587971051774,0.20453254500987011,240.0,3,5,6,0.19623118144415047,0.20031329218727367,0.2520665582847708,0.6929937493424959,20.03624963555221,31.49265942779334,Low
SYN-0094,AREA-06,South Ward,Peripheral,REC-01133,1.8619320306207108,83.58182243504694,63402,13450,112.0,0.7820547514912966,14.868024533967816,0.8,233.0,0,4,49,0.380973036798594,0.5169524678361873,0.7779194464799296,0.7464002645551044,44.049470347956856,55.68471039281771,Medium
SYN-0094,AREA-07,North Estate,Residential,REC-01134,2.172997528863973,200.11277331383522,16674,10765,37.0,0.92231165218508,5.9250094525293076,0.5250541451448095,184.0,3,0,12,0.3233542538082551,0.7039473692693173,0.2766196922266689,0.8500044761764145,25.527934704759108,49.625292522555206,Medium
SYN-0094,AREA-08,Canal Quarter,Peripheral,REC-01135,2.3262301566958836,176.37832130513328,4957,10432,23.0,0.5045880792430132,21.582152893514703,0.5931300010610467,116.0,2,4,11,0.37448460076375845,0.610938439355502,0.4064628696441015,0.9359218994378462,66.56880526207605,50.3940308612908,Medium
SYN-0094,AREA-09,West Park,Residential,REC-01136,2.023179031196448,183.52502868295954,38634,15636,96.0,0.6962772983420473,10.450620418066073,0.43521119835255667,323.0,1,1,23,0.45292509264267145,0.7106095073103039,0.692417126909282,0.9597568144234947,42.1987677300408,53.34610359162751,Medium
SYN-0094,AREA-10,Lake Colony,Peripheral,REC-01137,2.1143550711152668,136.4559603082484,64180,12055,131.0,0.48356639916970545,17.002362771031304,0.37776655733677084,101.0,1,7,34,0.23560644846857376,0.6989559416771163,0.2868257289913273,0.7674376038059707,64.27366816602522,45.48545500100607,Medium
SYN-0094,AREA-11,Industrial Ward,Central,REC-01138,3.0602590514398393,226.01226181047886,7902,16105,33.0,0.6475485007847571,7.070926130785705,0.20115175621183323,345.0,0,4,6,0.3827571456644782,0.95,0.6238767196233029,0.7306576365392858,39.04798532828331,41.531949071698556,Medium
SYN-0094,AREA-12,Outer Settlement,Peripheral,REC-01139,2.862197065565907,177.91829494244223,55586,17802,144.0,0.6627159609600447,15.625280946198162,0.6713359506408874,200.0,0,0,52,0.42935334161188476,0.3904249125302749,0.8648371527767933,0.8508253025321583,59.159047021189096,70.26689320819303,High
SYN-0095,AREA-01,Central Market,Central,REC-01140,0.537872731087393,61.982469665052434,54402,5995,61.0,1.0,19.09689599789715,0.3857397582622571,366.0,0,3,17,0.1683958361686932,0.54333667901458,0.5305485212006594,0.8832490639835905,50.77622072095355,30.744647185639824,Low
SYN-0095,AREA-02,Riverside,Peripheral,REC-01141,2.577565850243442,225.76919580442714,60558,18175,173.0,0.515660707447268,19.677012971620915,0.16994376793253715,259.0,2,7,33,0.325681969381003,0.6287622558227026,0.31619793092422965,0.8434685800828123,76.5426842372711,53.00654588954249,Medium
SYN-0095,AREA-03,Old Town,Central,REC-01142,2.6997958720784268,228.83811815566858,28847,11589,65.0,0.5214047732927933,18.953422068084922,0.12337820763522737,434.0,1,6,9,0.4229160506496549,0.5239638243596928,0.8520259575192003,0.9404857563807825,59.89834310221549,49.4694081716503,Medium
SYN-0095,AREA-04,East Gardens,Residential,REC-01143,1.4298378359320107,197.3169216056338,18423,7881,39.0,0.800806343486697,21.910784422927946,0.4984275052031665,298.0,0,2,13,0.2255052335024273,0.27060763894650586,0.8331412352977295,0.7885309802518938,72.24595153468377,43.13270087006313,Medium
SYN-0095,AREA-05,Hill Junction,Residential,REC-01144,2.9068631406994374,213.4949999089768,34508,16630,101.0,0.758733564834108,11.407674175420109,0.2278530115392703,417.0,0,4,19,0.36305288148043807,0.8749416962191088,0.5995762230507012,0.7661018114116567,47.166990972049405,49.31062288934478,Medium
SYN-0095,AREA-06,South Ward,Peripheral,REC-01145,3.830522912041993,262.6347455801965,11403,13926,39.0,0.2956647405125268,29.49837785973351,0.5843612359732406,388.0,3,7,12,0.3456483353260458,0.4410836006003314,0.7008735667417735,0.8483674293039463,94.95820570625403,76.01027392285432,High
SYN-0095,AREA-07,North Estate,Residential,REC-01146,1.9622624064411154,209.12471084836108,55178,14385,113.0,0.5074317795765134,4.666301064593261,0.24963276640369605,340.0,1,3,34,0.20386222967659606,0.5936559802138619,0.7015911264982512,0.8809762740191102,43.980476369700426,41.835378453505825,Medium
SYN-0095,AREA-08,Canal Quarter,Peripheral,REC-01147,3.1006374450654857,190.0518800380463,43957,10096,120.0,0.40270964729273584,16.505491616823456,0.5030636085753368,193.0,3,5,40,0.5480792895889174,0.3813566575940023,0.45608424701537287,0.767034770986307,75.73510772216608,68.47945803163307,Medium
SYN-0095,AREA-09,West Park,Residential,REC-01148,2.0988579122764373,182.221589567145,32707,1498,82.0,0.6726768018626982,14.837058251480725,0.1661926161493903,64.0,1,3,13,0.4081468682393697,0.3239369453582259,0.3121367152633614,0.7387958615972442,58.330016200675225,49.25076093749585,Medium
SYN-0095,AREA-10,Lake Colony,Peripheral,REC-01149,2.293987075169846,204.19537518742575,34741,11339,70.0,0.3402860301238818,14.998318687633581,0.4715327672358562,360.0,1,2,29,0.4416547372583429,0.4779850590891428,0.15332826768583258,0.9883456103275616,61.448109456694596,50.59136643026835,Medium
SYN-0095,AREA-11,Industrial Ward,Central,REC-01150,4.013431601449616,231.56702595462735,47007,15526,145.0,0.465964055636852,13.42706607509379,0.05920236192368741,290.0,1,1,25,0.742053954289446,0.8627660456588935,0.1379680228246672,0.8977334380043808,58.420722891631044,62.830332379173164,Medium
SYN-0095,AREA-12,Outer Settlement,Peripheral,REC-01151,2.3974704380241274,163.12679056692548,35197,16353,90.0,0.6050746982672698,28.877981815879618,0.5923407251495016,132.0,0,7,38,0.32441101827286106,0.7019969115561036,0.14251086747783612,0.8645773093381107,87.32687726540522,57.705336143431644,Medium
SYN-0096,AREA-01,Central Market,Central,REC-01152,2.425408435707798,156.6938657575197,54987,1954,147.0,0.8836299327791055,21.445901798705936,0.3760114408509201,65.0,0,4,30,0.3033616442861705,0.23890974395304618,0.29125562716059666,0.7496779435754655,57.38907856097224,62.221126570579045,Medium
SYN-0096,AREA-02,Riverside,Peripheral,REC-01153,0.5586639516505085,101.30829122938471,60288,5952,67.0,0.6419018119477553,21.232392505310763,0.5323755991394948,400.0,3,4,17,0.13811761919052085,0.609300366264061,0.190105448240222,0.9725291347342699,68.98802072581208,38.48793341659297,Low
SYN-0096,AREA-03,Old Town,Central,REC-01154,3.5454924936152024,251.18287326214954,61861,14554,200.0,0.5912936226485233,16.471078309343866,0.12567216643161522,267.0,1,0,30,0.5655054071741008,0.7729778369784654,0.1380950944396423,0.8350415198676293,61.839078213392284,65.33803258774479,Medium
SYN-0096,AREA-04,East Gardens,Residential,REC-01155,2.5377604015444977,197.143370218316,41255,2284,113.0,0.7607338819248756,13.667905360535576,0.35835646222527734,79.0,3,5,31,0.5318095016296153,0.43473933277132515,0.5666107319961121,0.7445185352140207,41.97347732930105,58.98574752874753,Medium
SYN-0096,AREA-05,Hill Junction,Residential,REC-01156,1.909638570379089,115.71991876398178,48909,17602,115.0,0.7950051118591647,9.81804244900779,0.2395640190210905,395.0,1,1,24,0.3640379227836874,0.44476843353511786,0.37188045878554776,0.7765183164436046,44.12926706389651,31.22709215911323,Low
SYN-0096,AREA-06,South Ward,Peripheral,REC-01157,2.516075652499214,179.24857041384112,21941,13803,64.0,0.40693321270881505,17.48647274521459,0.2704264673979908,369.0,3,7,12,0.5734044096231488,0.3993919243165468,0.8994668169038412,0.7802685788439132,69.15352129024818,53.68622078023543,Medium
SYN-0096,AREA-07,North Estate,Residential,REC-01158,0.9277829013410501,76.60260130595495,4882,15809,8.0,0.7423191921231516,13.897145660641275,0.32973356408278354,226.0,0,5,1,0.09876612703777024,0.6079674796084461,0.6340729534378846,0.6619491656286499,47.87750065053376,22.522051326310255,Low
SYN-0096,AREA-08,Canal Quarter,Peripheral,REC-01159,3.001663037901424,228.56387726021237,27504,6454,77.0,0.47143078496785845,17.25817983976545,0.24440022563934963,149.0,2,3,14,0.6283812829965121,0.41744559057966524,0.8511889394992513,0.7931656008916768,61.16137283004218,65.54928823107005,Medium
SYN-0096,AREA-09,West Park,Residential,REC-01160,1.796450624102154,147.5917225652356,56981,12333,101.0,0.7593182318072534,16.729047888713513,0.23460587699351956,125.0,0,3,22,0.5435695450069572,0.5201322037629132,0.15180849138221567,0.7412530885463993,51.87583673326815,50.18597888884743,Medium
SYN-0096,AREA-10,Lake Colony,Peripheral,REC-01161,1.8923828324605505,207.1108395702031,10843,6305,30.0,0.5479343445000783,12.649600692760895,0.15951349715539093,309.0,3,0,11,0.3218462461363403,0.629141503022578,0.3095001369334243,0.8083005221031906,58.065551903913246,41.41557288036988,Medium
SYN-0096,AREA-11,Industrial Ward,Central,REC-01162,1.6623139525269108,168.80093425925526,36607,2859,70.0,0.9222724882702231,16.09042305692735,0.4788729104240685,141.0,1,5,17,0.336969126654044,0.6445056532903304,0.7250202878848568,0.8462277691439424,46.48861430472231,45.04960846768402,Medium
SYN-0096,AREA-12,Outer Settlement,Peripheral,REC-01163,1.5911173223028305,90.13026203631262,14519,2941,25.0,0.6091533849785564,20.732314084375624,0.37517767663050233,263.0,3,0,5,0.15352282573998657,0.5286813445922232,0.5946255527687444,0.7674731679417727,70.63662778303461,38.601769265662355,Low
SYN-0097,AREA-01,Central Market,Central,REC-01164,1.8190447561262586,188.7639049841007,29329,3769,52.0,0.5180896448480394,2.7173690555945536,0.21724725518404983,47.0,2,7,13,0.4104609091269237,0.927588774910958,0.3897457717828434,0.660685146357152,34.54132135621306,43.04731011088007,Medium
SYN-0097,AREA-02,Riverside,Peripheral,REC-01165,1.4680337469069102,161.824414001481,11459,19057,23.0,0.6475884936924521,27.630853508319873,0.45447356072086753,277.0,0,2,10,0.3801592714940678,0.5327916431853145,0.7725852047035915,0.9746368670949814,79.79834957102176,40.31197918524441,Medium
SYN-0097,AREA-03,Old Town,Central,REC-01166,1.784706779945964,158.04982463856288,48421,2314,110.0,0.8077738525970497,12.547005489204496,0.4552900684957849,194.0,2,7,43,0.2381167479030007,0.43261632332673045,0.5003701810041211,0.6911521824178175,34.574322403339366,54.7942368129687,Medium
SYN-0097,AREA-04,East Gardens,Residential,REC-01167,1.2562725152350747,151.22990916845552,53143,16766,81.0,0.865157186114415,16.43207609294098,0.10718207884031851,441.0,3,6,9,0.2797179010681597,0.3258979213728461,0.8331519882615325,0.7727197461637705,50.2144604645381,30.88091243795256,Low
SYN-0097,AREA-05,Hill Junction,Residential,REC-01168,1.6738681156852766,184.87815716222303,49897,10794,99.0,0.8057651742608548,3.5980650101423115,0.39499794339108324,317.0,0,3,30,0.31263474794223206,0.40519629239067073,0.537857537634179,0.9045287236189243,23.990828288175152,50.35559784519408,Medium
SYN-0097,AREA-06,South Ward,Peripheral,REC-01169,0.9282292716835011,85.76090850181636,46554,14753,74.0,0.9293265836871112,13.258376568894848,0.25256310944594446,285.0,3,7,14,0.201599113447019,0.6063214915188424,0.5702253561800467,0.9577949598784288,40.930300020428405,29.751089405493442,Low
SYN-0097,AREA-07,North Estate,Residential,REC-01170,3.047093739951171,201.46828598740564,17197,13472,57.0,0.43963200780258116,19.451310827318533,0.33153616850258016,222.0,1,5,11,0.6052913255503612,0.3708501624596895,0.3477758599387206,0.8761565127695554,60.56312750327994,61.86902658722625,Medium
SYN-0097,AREA-08,Canal Quarter,Peripheral,REC-01171,0.05,60.1953326738611,35646,11094,23.0,0.822154998197919,19.803319541058734,0.23072937076354402,128.0,2,4,3,0.07060127441327116,0.2176334139108745,0.16399521948620832,0.7341368811822521,69.38688603657197,16.94290613696747,Low
SYN-0097,AREA-09,West Park,Residential,REC-01172,2.2720581256739196,163.2187313733304,9049,18480,21.0,0.8673183469668996,7.213718537414405,0.061642765721612355,339.0,0,1,3,0.36199781513824547,0.6725286958617402,0.11067702719594363,0.8822172307152636,30.10228608281502,35.05172349312219,Low
SYN-0097,AREA-10,Lake Colony,Peripheral,REC-01173,2.3576342274003084,201.17562718261357,25897,1070,61.0,0.3138492217282427,20.896436210921216,0.2372317530234234,208.0,1,4,9,0.4929346005516679,0.43412044489856216,0.3309602625448583,0.790851946196157,81.54754572126853,51.306983716362915,Medium
SYN-0097,AREA-11,Industrial Ward,Central,REC-01174,0.5815812220510568,46.662344671717364,34113,10520,37.0,0.9121352952485197,8.80163245555649,0.1609710511796094,105.0,2,4,7,0.23035293441812976,0.34137136504546106,0.7801803430419428,0.9106793079820297,33.054279892756995,26.55610101813318,Low
SYN-0097,AREA-12,Outer Settlement,Peripheral,REC-01175,3.046727155268311,267.2583240016721,44280,19435,154.0,0.6009287320908806,30.450214708350565,,79.0,3,1,34,0.44128452712898547,0.44900834475905355,0.3703665908736923,0.7884124969697884,85.28321789323472,56.129366720306194,Medium
SYN-0098,AREA-01,Central Market,Central,REC-01176,2.1474292834845436,156.80006156856007,8550,12344,15.0,0.8450418504242511,5.136752818157894,0.21206247521473545,,1,4,3,0.3576889853351682,0.46688185055369325,0.7669452580514495,0.6807302418829614,28.58026886666023,36.72379119226578,Low
SYN-0098,AREA-02,Riverside,Peripheral,REC-01177,2.127948262586618,171.9880890898176,53306,4324,137.0,0.6613012079794358,21.13146857305423,0.5295538860997782,177.0,0,7,43,0.14241490713792826,0.8763364113577038,0.8928201878374848,0.8343394368512755,71.74679430552376,51.938566361070734,Medium
SYN-0098,AREA-03,Old Town,Central,REC-01178,1.3734548067489905,121.01902702991605,31181,5255,43.0,0.8899690432665446,7.980606733399041,0.1972253800235591,59.0,2,3,10,0.29894090016191066,0.7442279850792584,0.444877069530483,0.6647839217290828,31.253994179087407,22.992865615409485,Low
SYN-0098,AREA-04,East Gardens,Residential,REC-01179,1.177256130553348,74.03362188211159,57577,14446,82.0,0.710261366955915,4.467378082587105,0.1795316268292681,160.0,3,3,10,0.3429834642439371,0.2160856385211934,0.4484467413541119,0.8681791791449465,34.81577010693118,33.049593498318785,Low
SYN-0098,AREA-05,Hill Junction,Residential,REC-01180,1.1835099954966026,149.31368450126763,35467,12694,47.0,0.9990898507019779,15.311289723310507,0.4705537419372243,448.0,1,4,11,0.1663762386173891,0.5191280045975851,0.7811601179072717,0.7610666842076365,44.50417265814891,36.706681331731225,Low
SYN-0098,AREA-06,South Ward,Peripheral,REC-01181,1.6634615341839027,186.67843598749897,36688,11166,67.0,0.5031079798599583,12.876526951683783,0.19816855115561163,303.0,0,3,16,0.29325592797081373,0.5629311690671754,0.548152266696606,0.9587498170279256,59.16073593454775,43.70991577586564,Medium
SYN-0098,AREA-07,North Estate,Residential,REC-01182,2.4719860771554063,196.3758709551599,45786,1285,106.0,0.5170723868734382,6.765048698928858,0.25708790326672776,89.0,0,5,28,0.38557419133262827,0.28002160514840735,0.7656797226941752,0.8253138198407859,52.1016259547461,54.06999432459485,Medium
SYN-0098,AREA-08,Canal Quarter,Peripheral,REC-01183,1.4960884314174248,114.4593111988393,53742,5982,105.0,0.71709251534121,20.234539732004755,0.26303663327419846,414.0,2,7,18,0.20328052503780045,0.23495984210912413,0.6617681744970519,0.6619108736985104,63.5485785677595,44.101679895101434,Medium
SYN-0098,AREA-09,West Park,Residential,REC-01184,0.6218821586184569,73.40225043833085,12351,9151,5.0,0.853774758307352,9.899258063478342,0.3068809216519683,444.0,0,5,1,0.131507580858001,0.5664350598850233,0.39961468853879567,0.873480693598473,35.26334092650113,23.166380711967296,Low
SYN-0098,AREA-10,Lake Colony,Peripheral,REC-01185,2.010578707036273,155.50702365778795,34456,9402,78.0,0.6233225848996928,29.121675021285462,0.5963355838170789,155.0,1,6,33,0.24098734648937808,0.2191568085779183,0.6164356054649984,0.9408849592668693,83.09769412712794,53.10716056180992,Medium
SYN-0098,AREA-11,Industrial Ward,Central,REC-01186,2.0879576542441227,175.03520378458856,4372,12114,8.0,0.75937797791945,14.670387117828628,0.33951927027715867,236.0,1,1,1,0.31975971000080855,0.3808557613021707,0.12239671779706747,0.6657061869883488,51.00863743879819,37.936101336671754,Low
SYN-0098,AREA-12,Outer Settlement,Peripheral,REC-01187,1.874764679886518,152.50831698236647,32158,11741,60.0,0.8309061135409532,11.457752011645344,0.30229412406416706,387.0,0,6,13,0.2039146686083807,0.48968272735913476,0.5010672598625219,0.9107165309179431,32.918259270381974,33.79066536880724,Low
SYN-0099,AREA-01,Central Market,Central,REC-01188,4.386283375768084,297.89242616956517,53344,9595,238.0,0.4379672776604373,4.007418860842552,0.07945789905146355,239.0,0,0,35,0.8017364195966419,0.3999673849498918,0.17160187176171132,0.9165281853358767,47.49338098630243,70.24711597502572,High
SYN-0099,AREA-02,Riverside,Peripheral,REC-01189,3.5731417464218507,306.1963538717117,56589,14190,192.0,0.30553603900192583,22.310706161511813,0.3774158497674445,399.0,0,3,53,0.6242321988357661,0.5490748155780929,0.5412929528779084,0.8882085509547503,81.18073816960451,73.35537789576738,High
SYN-0099,AREA-03,Old Town,Central,REC-01190,3.0466929168436336,231.61223136478208,20220,13427,64.0,0.6546415466242275,5.7351960881782755,0.4543581368836427,265.0,2,1,14,0.45603360272108134,0.5518902869204263,0.7497301615911249,0.8215381087368658,34.824722573035096,61.050514748117976,Medium
SYN-0099,AREA-04,East Gardens,Residential,REC-01191,3.0953295060354735,299.1459226744531,26648,15029,67.0,0.4668433651451802,5.1098898924870575,0.23750850821275138,299.0,1,1,20,0.5203377004805998,0.6051102432080614,0.2281050553666802,0.8766045889459464,35.029998528537604,54.666922734654,Medium
SYN-0099,AREA-05,Hill Junction,Residential,REC-01192,2.481513651781811,204.42584841438733,36972,6594,93.0,0.7621667516756714,21.738681256521847,0.21653773075981836,373.0,1,7,18,0.38709857793714,0.3780664827616252,0.4162828128634595,0.8213559162810581,63.53802298964788,60.67009987669431,Medium
SYN-0099,AREA-06,South Ward,Peripheral,REC-01193,3.979443139784857,286.5197148718751,27244,1176,99.0,0.3306333107784306,24.89910935089982,0.3714363486266864,326.0,1,2,28,0.8005079437661923,0.5142238929193503,0.5369437534048938,0.7817087181057706,79.79523535275447,82.96099137402382,High
SYN-0099,AREA-07,North Estate,Residential,REC-01194,3.7231252239668224,273.53914559717924,13629,19962,33.0,0.5268277265834785,7.351832568151596,0.5001587831696954,53.0,0,4,20,0.5675993928199256,0.7428777218334401,0.26160398842373933,0.6673943095560066,35.21815001433373,62.0979880227667,Medium
SYN-0099,AREA-08,Canal Quarter,Peripheral,REC-01195,3.43789408692433,252.44550440901577,21556,17485,68.0,0.18501635057683222,10.584284960308288,0.2012983434019836,367.0,0,3,17,0.6491877436725477,0.7299688085938775,0.12634385845207705,0.8237051048558122,60.117106561163915,58.142264275866886,Medium
SYN-0099,AREA-09,West Park,Residential,REC-01196,1.4253891910720413,129.46606824223903,27753,5408,50.0,0.5303560418281357,17.69719294806423,,73.0,3,5,16,0.15293999094167837,0.3885428377181051,0.1011527564434009,0.924055183129951,62.94737303530274,53.90259025437389,Medium
SYN-0099,AREA-10,Lake Colony,Peripheral,REC-01197,2.792030274792762,228.20166484620842,34918,14536,91.0,0.3089448536394014,22.121993571499683,0.6843017598379273,192.0,1,6,27,0.563046987177715,0.27719696047444436,0.3043499136251323,0.6678211861646102,77.59812487372936,72.34996142590569,High
SYN-0099,AREA-11,Industrial Ward,Central,REC-01198,4.686556771670631,310.96728198765715,60045,6705,237.0,0.5533745546499277,7.537986701082,0.6120273290881078,48.0,2,0,89,0.9055694672788714,0.5143700203028119,0.34543432814654174,0.663035504258969,44.37013162255119,91.87188758484018,Critical
SYN-0099,AREA-12,Outer Settlement,Peripheral,REC-01199,3.2581834504975924,221.14126727139512,36553,15757,116.0,0.28607573818868615,21.07385169928674,0.43867676563494595,444.0,2,6,35,0.6731713301942771,0.7641764956831344,0.47179055800865144,0.7092696584801081,86.83579947794854,63.16496054820621,Medium
SYN-0100,AREA-01,Central Market,Central,REC-01200,3.9242715382704576,318.48287584509063,26694,3721,104.0,0.5384791608808076,19.826536126097434,0.16622108221736573,294.0,0,5,22,0.8305672833150533,0.6175368709285047,0.7787193365080811,0.7533063719700174,69.20499937931969,63.31603762533934,Medium
SYN-0100,AREA-02,Riverside,Peripheral,REC-01201,2.5232498521647795,219.3912917632316,43778,7270,114.0,0.44971608482764625,11.33240580689135,0.5877484146029943,,2,7,33,0.45563504203694627,0.3830809567199931,0.43311143631517446,0.8250104852066635,43.59373374622223,56.66099263691242,Medium
SYN-0100,AREA-03,Old Town,Central,REC-01202,4.786762582032369,303.88763454077446,50815,11136,215.0,0.3010496266091594,16.37181014523631,0.18075117226989035,386.0,1,0,50,0.9463473678716505,0.8766342381019974,0.1667841804922497,0.9400293470889118,70.60946114698424,87.38328801937692,Critical
SYN-0100,AREA-04,East Gardens,Residential,REC-01203,3.5205760681012435,284.5148078852733,29406,14034,112.0,0.5017529198575147,19.11779572611186,0.04,74.0,1,0,17,0.7816642722953249,0.6692736532035697,0.36121303808277005,0.6603808589776138,71.06925824776492,61.5882894691966,Medium
SYN-0100,AREA-05,Hill Junction,Residential,REC-01204,3.8678305133318127,316.62054245744366,33079,6115,119.0,0.6557571394709256,11.930503748388986,0.3208475983330259,135.0,0,1,33,0.509992135222495,0.6091741137651054,0.3448048240882307,0.9236599845194955,45.77947149143973,63.03673578969692,Medium
SYN-0100,AREA-06,South Ward,Peripheral,REC-01205,5.496422029650333,404.84054148250596,16114,12439,66.0,0.18064157954392435,30.17890544023233,0.34240928054868325,340.0,2,3,21,0.8436817612634712,0.5162476417392011,0.5559156238160531,0.9000484208990502,104.70978211586099,83.8548906932792,High
SYN-0100,AREA-07,North Estate,Residential,REC-01206,4.848950276616508,305.5593843716015,56549,8496,,0.36735093811213093,5.86517809256637,0.6294616689170532,416.0,2,5,68,0.6286742942940301,0.6916162229140251,0.6188692255383652,0.8247317794136053,48.360611938091786,82.03255843487894,High
SYN-0100,AREA-08,Canal Quarter,Peripheral,REC-01207,3.3905456991153384,220.27250205954468,56677,7095,197.0,0.560927413977196,25.145601852938785,0.2501330323234892,177.0,2,6,42,0.6924282448195289,0.4434906267999914,0.10040321314649266,0.7173243261166322,72.35541705505146,67.67376798608433,Medium
SYN-0100,AREA-09,West Park,Residential,REC-01208,3.161222048248697,244.0692905327898,13431,16651,28.0,0.48144528959379257,9.922093116256908,0.15779724752735738,319.0,2,5,2,0.34584646928818175,0.71673851870186,0.5318888676666318,0.6797637657152394,56.60899152152002,49.03083520233208,Medium
SYN-0100,AREA-10,Lake Colony,Peripheral,REC-01209,3.375362186929359,315.86905735126925,24125,3776,64.0,0.5356504510640617,17.960380285273573,0.722134808347755,51.0,2,3,23,0.34897928363054287,0.5974857675402102,0.2970109260810224,0.7053636263824842,63.047097334248704,53.87137499960445,Medium
SYN-0100,AREA-11,Industrial Ward,Central,REC-01210,4.043716794926214,286.6900523497464,19496,14710,81.0,0.5420359601293778,14.362333437224365,0.23561907054607165,135.0,3,1,15,0.5422656774469496,0.7835167471740417,0.7092042800121026,0.7664933752668953,55.39896738712106,56.3334082902968,Medium
SYN-0100,AREA-12,Outer Settlement,Peripheral,REC-01211,3.5516188887442874,289.0194531345025,60183,11865,188.0,0.4895612791650236,22.798344798511998,0.4706915416262932,113.0,3,1,62,0.38333904019444953,0.95,0.36995642563082287,0.8357926285911057,78.2742704359785,65.54488384212388,Medium
SYN-0101,AREA-01,Central Market,Central,REC-01212,2.7159583007102888,197.21798272588708,6576,13677,16.0,0.6011638335511785,8.710724021822514,,244.0,3,3,2,0.4853186803641,0.5317653369018049,0.8326042331518488,0.7722951899892919,35.34951569877371,54.12586576152921,Medium
SYN-0101,AREA-02,Riverside,Peripheral,REC-01213,4.2058986172803,364.38165943978163,15459,15514,75.0,0.23869640608746648,17.88543793574415,0.2720125016644924,191.0,3,6,17,0.5708379854337339,0.5069062796650365,0.41788086339058117,0.8455708557045029,82.5530003977542,65.68690567915638,Medium
SYN-0101,AREA-03,Old Town,Central,REC-01214,2.9407857032907967,232.39545835337023,22181,16238,70.0,0.4839111641189586,11.077721359302087,0.3574479685810016,78.0,3,7,20,0.2872970011080118,0.4766939454698539,0.38035556114733526,0.9584999116333152,47.88706511498545,45.646946089464144,Medium
SYN-0101,AREA-04,East Gardens,Residential,REC-01215,4.871824891142921,320.28925529697943,37503,7222,142.0,0.22108263144400633,21.849646936572764,0.2281685973944332,127.0,3,0,32,0.8069460167778663,0.95,0.20755406591378397,0.695415398897135,93.90207657823379,72.52343413479053,High
SYN-0101,AREA-05,Hill Junction,Residential,REC-01216,3.1047476677148045,217.34216325957917,18061,8426,58.0,0.4552937483929083,17.768552770672382,0.2840404019842641,76.0,1,7,14,0.5195113880327797,0.5374758632689517,0.23985227213694504,0.963046979937692,72.95775070607223,64.79950566571807,Medium
SYN-0101,AREA-06,South Ward,Peripheral,REC-01217,4.4604083320928485,303.0379775809741,36038,17420,145.0,0.29956456492613026,17.692253187310435,0.5424125443175067,95.0,2,2,68,0.5190274169838096,0.611015813393206,0.6392749945287288,0.7180111147795519,68.3498324792831,79.69263816891964,High
SYN-0101,AREA-07,North Estate,Residential,REC-01218,3.3180091548815676,259.1607841744207,49201,10713,156.0,0.5080783607241719,8.626610024929192,0.2662322691596202,311.0,2,4,26,0.46735738499713175,0.6508932706865888,0.5571967698374578,0.8223798004448557,48.59650038806512,55.159320918652874,Medium
SYN-0101,AREA-08,Canal Quarter,Peripheral,REC-01219,3.8025220753126243,266.2743247146917,54290,17438,185.0,0.3994149331778349,28.83188481996392,0.5030431061592957,106.0,1,5,64,0.6247970289820108,0.45589897612820357,0.5401534985479515,0.9067751542966818,86.90714071445832,70.77311312900854,High
SYN-0101,AREA-09,West Park,Residential,REC-01220,2.4524647754988864,184.55431089467794,8691,19704,30.0,0.7152007737884923,17.364435174929422,0.35221925037895824,64.0,0,3,10,0.36592533643342795,0.3719208132974776,0.20642126658475607,0.8938991860823756,50.65379455870792,46.08437554484233,Medium
SYN-0101,AREA-10,Lake Colony,Peripheral,REC-01221,2.3491462386431365,251.08351311478162,11178,15360,30.0,0.42394880007536095,23.724527280831172,0.4019178506214718,296.0,0,1,6,0.3519863858608609,0.4252237003888495,0.18468779704825852,0.9153544021866229,68.00175556340055,50.039425534302474,Medium
SYN-0101,AREA-11,Industrial Ward,Central,REC-01222,3.3999183807250564,243.40311544581832,8449,16618,38.0,0.3932392028453846,15.996665666941373,0.18899758971146985,345.0,3,1,9,0.7081675009025095,0.7009340815234136,0.4505287593724655,0.899774085839307,69.4352282059101,57.2555511236487,Medium
SYN-0101,AREA-12,Outer Settlement,Peripheral,REC-01223,3.8229962106853184,293.78839121970003,59371,2994,200.0,0.31734128452325794,11.196889846523153,0.43082755444579823,92.0,2,6,57,0.8947514101930486,0.6270883895654524,0.8626600993687392,0.6556018056148207,57.417590634453866,91.3223891929866,Critical
SYN-0102,AREA-01,Central Market,Central,REC-01224,1.8105693902183817,149.49798029617892,43256,15098,87.0,0.6535057985357728,2.9451920933248488,0.2695796966485079,190.0,3,5,17,0.2641657467185807,0.297862594563708,0.43638969428400187,0.8235909778879161,33.67528706173879,38.07481981249576,Low
SYN-0102,AREA-02,Riverside,Peripheral,REC-01225,0.7492495205510536,87.22542103832491,35714,10508,45.0,0.6694556103796981,16.630347662056714,0.3733376237823505,361.0,2,3,13,0.0,0.95,0.8230259719025717,0.7827007603794974,57.60995728260933,27.233873465890184,Low
SYN-0102,AREA-03,Old Town,Central,REC-01226,0.6901574955865497,104.86564398807637,51932,10843,67.0,1.0,10.924438035505322,0.38520000458417974,102.0,0,7,30,0.08687627743076716,0.42082852745007293,0.874047969723054,0.9747804560442455,25.761881824686814,34.58889467183328,Low
SYN-0102,AREA-04,East Gardens,Residential,REC-01227,0.6366550668690185,15.436363386863398,39131,19657,39.0,0.7268657180130479,15.930793156232744,0.36794851638120335,385.0,2,3,11,0.12942435022184579,0.3747533756490914,0.188861003602917,0.9841460353562861,56.99212883269882,31.148410787598266,Low
SYN-0102,AREA-05,Hill Junction,Residential,REC-01228,0.3642664982665067,68.1866570797724,17215,5554,14.0,1.0,17.424727270517067,0.2638751108836034,290.0,3,5,3,0.05431765767203663,0.604789577948004,0.839562801719413,0.7396938183858419,47.445719921039874,9.454668263218363,Low
SYN-0102,AREA-06,South Ward,Peripheral,REC-01229,1.8659524761756816,150.0019791219353,34385,5562,68.0,0.6534318193384951,28.58058721986493,0.27537926880415065,336.0,2,7,8,0.3842750135495409,0.38189182508206987,0.6771682501562466,0.8992154211866252,78.62597815698419,48.99223255919492,Medium
SYN-0102,AREA-07,North Estate,Residential,REC-01230,2.678399325984432,219.36167448832873,46450,4257,117.0,0.7433726883243306,6.689736336928646,0.2589031066086031,381.0,1,2,23,0.7118289976876178,0.5406563042267387,0.17609404865533984,0.7329952820332554,38.5202278643647,51.25505753284546,Medium
SYN-0102,AREA-08,Canal Quarter,Peripheral,REC-01231,1.7676315590781644,148.79443339038664,4751,1203,6.0,0.7367315198086848,25.70804450978688,0.5983126415375124,140.0,2,1,1,0.08903075699672228,0.27400219568943174,0.6822379017036735,0.9120037055729694,70.5945006188988,35.50942752694623,Low
SYN-0102,AREA-09,West Park,Residential,REC-01232,0.05,37.41800605125738,40395,3762,19.0,1.0,21.88839818096495,0.3516003969945784,136.0,2,3,4,0.0,0.253372791043162,0.4946086676155176,0.7546889714035131,49.84615084429102,20.623398118758338,Low
SYN-0102,AREA-10,Lake Colony,Peripheral,REC-01233,1.6257558203503724,154.54071924550868,33568,10609,63.0,0.8518140010481301,14.37190194062449,0.5965055961434758,276.0,0,3,25,0.45589648467510946,0.3530255909177537,0.21180255351304622,0.9057096454838027,43.71776530342793,56.09400260500206,Medium
SYN-0102,AREA-11,Industrial Ward,Central,REC-01234,1.6481249913119258,130.62234929008525,6844,7640,19.0,0.6393724985991165,2.4639555485008415,0.6930461415184365,362.0,1,4,7,0.21204203132008748,0.5496604534345961,0.29048248956523814,0.6594891044055708,27.504515279038184,46.28155977697531,Medium
SYN-0102,AREA-12,Outer Settlement,Peripheral,REC-01235,3.4551631887983634,323.5983606676526,18971,5696,50.0,0.3775117482348201,28.82683658522077,0.3967838653103981,65.0,3,4,20,0.6705997521353247,0.7119040316428755,0.6667016184241932,0.8959589148401361,85.13328574127023,58.59255129413745,Medium
SYN-0103,AREA-01,Central Market,Central,REC-01236,2.6452094001992768,183.07624275252047,30533,19922,82.0,0.5273290544720115,3.8328503800608313,0.33691240347865337,289.0,2,4,14,0.5165763170482652,0.6442423211628006,0.3553228996837271,0.7972661301362668,23.38995648751716,43.21452767897742,Medium
SYN-0103,AREA-02,Riverside,Peripheral,REC-01237,3.4983776484555653,310.56896544397375,23918,14936,78.0,0.18669758549233492,25.115305203792886,0.34473766133803796,426.0,3,0,20,0.7314885242269171,0.4489695563926495,0.8615737766483043,0.9085127632390138,100.99694264865917,73.10442314123641,High
SYN-0103,AREA-03,Old Town,Central,REC-01238,5.175601874970574,339.17666439983134,20629,4216,80.0,0.19606680327713277,9.133832524770202,0.6530340237718656,292.0,2,6,28,1.0,0.5328656995608253,0.756175452145308,0.6820545026004157,66.0864003975976,99.0816660502244,Critical
SYN-0103,AREA-04,East Gardens,Residential,REC-01239,4.1709024036121605,303.20124395405605,43068,18863,156.0,0.640779396881156,8.465870109340417,0.7140030356112561,43.0,0,2,75,0.7351191254540895,0.6293324542426251,0.5431852000916016,0.953807182450357,48.6910468312214,92.29308459462013,Critical
SYN-0103,AREA-05,Hill Junction,Residential,REC-01240,4.2615701893480615,326.3250074356805,27772,12955,133.0,0.38256416980114555,20.752368494818292,0.2519328465933111,107.0,2,6,34,0.5007621239742883,0.48857022947550655,0.6006269491625624,0.882907517130687,80.71195367882103,63.85405730940666,Medium
SYN-0103,AREA-06,South Ward,Peripheral,REC-01241,3.902587280154025,265.68442236670546,33606,8907,121.0,0.5716596663784635,17.37398149486409,0.2895811138295266,130.0,2,4,24,0.5663823522073098,0.4252452050983028,0.8351605894526748,0.7797967068761282,59.81221775501837,73.89483820481666,High
SYN-0103,AREA-07,North Estate,Residential,REC-01242,4.074874561460733,274.81360123351794,52394,7628,186.0,0.6798168210086817,9.560606365887418,0.16293960130786386,195.0,2,2,45,0.9414721042346892,0.6703896913655749,0.35644818172536874,0.7695398457364468,41.04857085012459,69.91158576020263,Medium
SYN-0103,AREA-08,Canal Quarter,Peripheral,REC-01243,4.433007354757751,319.71932857381915,8326,16068,29.0,0.6187946139774446,10.329606073301049,0.45735383632314297,74.0,3,7,5,0.569130822000095,0.7865412883859921,0.7472396407843028,0.7534126009665615,42.82731154071701,53.98897075587524,Medium
SYN-0103,AREA-09,West Park,Residential,REC-01244,3.163330675420709,272.48978229240066,24994,8907,72.0,0.7857928677328975,4.854583095649544,0.24063765523008832,364.0,1,2,16,0.5868385675396536,0.6544842792231332,0.45902776168366155,0.8560629971877048,30.983110013842126,47.98866225290935,Medium
SYN-0103,AREA-10,Lake Colony,Peripheral,REC-01245,4.513366593661482,335.8277316367159,7065,14450,28.0,0.5311045007274493,17.59124664895881,0.493495784437326,447.0,2,3,8,0.45048665872206456,0.7747911408400407,0.7970684586118683,0.6637784490018954,66.30301982832314,61.66347819065149,Medium
SYN-0103,AREA-11,Industrial Ward,Central,REC-01246,2.7125173170264905,273.1560174246678,60458,9747,145.0,0.6592676805429781,14.98464893712143,0.23623423751992179,195.0,3,2,39,0.28993895767767397,0.8322064099506165,0.152165141963555,0.8991836345038778,51.884303308255426,55.18791325790769,Medium
SYN-0103,AREA-12,Outer Settlement,Peripheral,REC-01247,4.073614108800152,321.72509850031474,14103,13585,,0.33709341281037947,11.342602151944341,0.38210853596758015,56.0,2,4,11,0.7853681585680149,0.5006058999376821,0.6743373640377551,0.9253493679899467,61.3921371996112,61.645968442589954,Medium
SYN-0104,AREA-01,Central Market,Central,REC-01248,3.403582883090208,247.5133877374187,53741,15240,206.0,0.5588791197132129,8.339664374912463,0.41653601967474546,308.0,0,0,67,0.5715791242879387,0.8859228822208025,0.7468001656273858,0.7386682013276058,50.12473438371343,71.04568330830027,High
SYN-0104,AREA-02,Riverside,Peripheral,REC-01249,2.76755564190746,139.06832283186452,14430,1129,44.0,0.4925496746861993,17.670673430865694,0.5217223293974147,40.0,3,5,17,0.4160862546046499,0.2973216710691414,0.5906376852581049,0.6989843007546653,65.6249338197472,59.60515648508774,Medium
SYN-0104,AREA-03,Old Town,Central,REC-01250,3.242441892200629,204.23336747162548,22753,2925,65.0,0.5640177113120171,17.611259293910983,0.3582889931993938,183.0,0,0,11,0.4426842591108487,0.802491514317036,0.33481324384816413,0.9900235823739687,56.84330839335753,60.5191379931431,Medium
SYN-0104,AREA-04,East Gardens,Residential,REC-01251,2.7625579903287036,211.60541319137522,40518,14641,,0.7035037891723916,6.774681983347702,,81.0,3,1,36,0.2208412269652395,0.9368230988010351,0.2183839925621599,0.8718949280033552,37.69179611828252,51.33321798018979,Medium
SYN-0104,AREA-05,Hill Junction,Residential,REC-01252,2.403229050971751,149.2620165635359,54460,6162,146.0,0.6076497902283703,19.730250633528637,0.24502180028842738,299.0,2,7,36,0.483746881509155,0.5242695246404192,0.6912697275176851,0.892875926977173,59.039325209763945,56.648453214570104,Medium
SYN-0104,AREA-06,South Ward,Peripheral,REC-01253,2.977698319170231,227.77192766411503,13613,15666,45.0,0.2978073267791223,29.823347385657875,0.39246195326918504,401.0,2,1,14,0.4623053688361299,0.45027377748236364,0.2025031050944368,0.871330710810809,93.69011431889805,53.86630634242644,Medium
SYN-0104,AREA-07,North Estate,Residential,REC-01254,2.377399204163817,201.23045603259098,15820,7852,44.0,0.7107983671257688,5.653253341390078,0.09556836430846179,195.0,3,2,9,0.21360937975233102,0.4067534895872517,0.7754650145968888,0.7372354392570296,34.25550138477958,43.14501920136868,Medium
SYN-0104,AREA-08,Canal Quarter,Peripheral,REC-01255,3.5188280837357446,259.94469926894453,57607,1961,193.0,0.3042274881580178,17.932972424366238,0.4214354986017623,204.0,1,3,57,0.5900940440305248,0.6706003248559861,0.500899649575316,0.930582190925815,76.79019187017819,71.29979056323344,High
SYN-0104,AREA-09,West Park,Residential,REC-01256,2.3405217171392554,183.9947429694896,22622,9017,48.0,0.6016141399039435,16.402655949052434,0.22112013535082292,251.0,0,3,16,0.45983671470575793,0.7458807484107776,0.4056547054206884,0.8185009753155623,59.217388118184324,44.78590963947627,Medium
SYN-0104,AREA-10,Lake Colony,Peripheral,REC-01257,3.8301717308539875,347.6902510188935,15610,18206,47.0,0.3266455700427411,15.641461356229271,,427.0,3,4,9,0.6142811123272865,0.6610338304758936,0.2893357110234367,0.7421965375846828,63.15236612598434,61.813185942471584,Medium
SYN-0104,AREA-11,Industrial Ward,Central,REC-01258,2.31540685811809,192.47395739668224,48970,19728,110.0,0.6311858535194024,18.346298794967115,0.4203275211766985,318.0,2,0,35,0.39982026501717227,0.7135464067993749,0.11311031365198998,0.857721599236176,75.37065638256921,44.85370962123416,Medium
SYN-0104,AREA-12,Outer Settlement,Peripheral,REC-01259,2.807554179996341,218.3581908529692,8195,9523,29.0,0.6201475139025153,30.451579910652637,0.46280410347808043,433.0,3,2,8,0.47250091452454984,0.7208419493788807,0.8242228773456981,0.9592700923529904,83.48858393111946,57.334685177976375,Medium
SYN-0105,AREA-01,Central Market,Central,REC-01260,2.582129920097354,178.00949700766188,56685,13252,118.0,0.6184928264435692,14.258606459723824,0.7825201300352898,165.0,1,3,49,0.34553960964751124,0.3215945566114223,0.5835102360144485,0.9216855205230144,56.05225814245737,66.81391041788325,Medium
SYN-0105,AREA-02,Riverside,Peripheral,REC-01261,4.141930029769369,309.1279748781255,57234,15543,206.0,0.43938375237749444,13.387278802182994,0.7059390023447821,337.0,0,0,62,0.696832825224208,0.5546942977845757,0.6607153732771278,0.8990698682036703,56.27833870271276,89.30779071995258,Critical
SYN-0105,AREA-03,Old Town,Central,REC-01262,3.346044603162771,243.13733578286326,56032,8505,189.0,0.5562757054302705,1.0406339050811775,0.04,426.0,0,0,22,0.6459001322860016,0.3791296860639662,0.878959697844639,0.7436019461019074,25.130988545260045,65.04262226913539,Medium
SYN-0105,AREA-04,East Gardens,Residential,REC-01263,2.912425604633982,283.3591664929079,20957,14110,77.0,0.5816369351189621,9.607548227273774,0.38645668928496735,109.0,2,6,22,0.6095615082380669,0.95,0.2749476300457564,0.7476456873215126,46.20958251480008,48.69783932188054,Medium
SYN-0105,AREA-05,Hill Junction,Residential,REC-01264,3.480788199525276,283.33223072784057,9638,17530,37.0,0.5316761104208766,5.764651724961786,0.2454546923864548,215.0,0,7,5,0.6750188872182672,0.9259322738501492,0.15017430711910765,0.9408276664959538,38.05096138255698,50.692526598293185,Medium
SYN-0105,AREA-06,South Ward,Peripheral,REC-01265,1.3960587688057466,173.35568246215476,29088,16088,47.0,0.5295561886847073,26.25229849785335,0.17473598925461192,438.0,2,5,8,0.1516646977193149,0.3063686982250861,0.487773448956771,0.9299039385812526,81.79860553359487,31.44912105069159,Low
SYN-0105,AREA-07,North Estate,Residential,REC-01266,3.0473057749567714,244.32908717594006,23411,11363,70.0,0.6139464542425355,10.865890618118282,0.16060231127039706,253.0,0,7,18,0.5842298020145026,0.8399903854442158,0.4368493014156355,0.951421114465264,43.89430479954893,56.84618514938218,Medium
SYN-0105,AREA-08,Canal Quarter,Peripheral,REC-01267,4.6798239889133075,381.56451689210286,62439,935,266.0,0.32672735710993217,23.276818251243014,0.3630447696221343,219.0,0,7,51,0.83582663609927,0.8570492381904256,0.15099787631396505,0.9820315144986063,84.15799373893788,84.57620819704611,High
SYN-0105,AREA-09,West Park,Residential,REC-01268,3.187689851791635,217.17862950484084,41980,14326,129.0,0.672625471970718,13.731481157756777,0.6130223193603329,293.0,1,7,46,0.4461165868718491,0.322609924074322,0.4778463220832926,0.7779154907711333,46.80636753891108,68.50173824732849,Medium
SYN-0105,AREA-10,Lake Colony,Peripheral,REC-01269,3.1361431820049654,251.33753379212362,61523,13043,,0.2786790642739606,10.762122694929438,0.35218141635308553,230.0,3,6,44,0.4669730018294285,0.7429507900762198,0.533104995107487,0.8599642183979046,65.75949461967086,63.36046246574751,Medium
SYN-0105,AREA-11,Industrial Ward,Central,REC-01270,3.520315350383254,242.74371248584856,49429,9776,169.0,0.32487822667718724,15.867902277958823,0.1826949789604272,241.0,0,1,20,0.6682823973815805,0.40447396444595574,0.193436524401226,0.8475121687611875,70.23018896030108,61.86715176411362,Medium
SYN-0105,AREA-12,Outer Settlement,Peripheral,REC-01271,3.798296841320974,273.7004643547118,47182,6697,174.0,0.2838202192053632,27.33991327217056,0.17476574733851563,301.0,3,5,37,0.7982784518902687,0.5985667882626658,0.6561980660683637,0.7562595537302741,92.70006572805431,78.19970982306418,High
SYN-0106,AREA-01,Central Market,Central,REC-01272,0.7106813868836612,87.44319347904872,9490,9579,11.0,1.0,10.895755921233562,0.13025632589507186,115.0,3,6,0,0.0,0.23915724147918743,0.3765787597881992,0.8411333892446612,31.709131375899574,30.036020745078844,Low
SYN-0106,AREA-02,Riverside,Peripheral,REC-01273,0.9627935557627276,73.86623191219238,6808,7823,10.0,0.7717259494228477,22.22306450132736,0.3628418798614199,333.0,0,4,2,0.3572729412314366,0.23575817546424677,0.5514747237314918,0.9944869080259036,61.692230217372476,39.01571847610454,Low
SYN-0106,AREA-03,Old Town,Central,REC-01274,2.4768877740644664,157.13320065591444,5405,3270,11.0,0.5602722828611904,4.01942138699588,0.378525598350105,374.0,1,2,2,0.552513790119725,0.5113340362506585,0.6096741410015362,0.9774669483667884,36.224788639811905,44.42422786558136,Medium
SYN-0106,AREA-04,East Gardens,Residential,REC-01275,1.7367534916775413,182.39946176358123,39583,3143,74.0,0.5825017751334985,14.833074335072927,0.08928658229878327,434.0,2,7,14,0.3133531352995142,0.4512866735494272,0.3865657689596056,0.8317462823272295,63.85417921704492,43.13069299069085,Medium
SYN-0106,AREA-05,Hill Junction,Residential,REC-01276,3.358274950971481,207.86978544662753,15106,6928,45.0,0.4477627903295586,20.732192655974526,0.28029172542921255,350.0,1,5,16,0.5308264970256203,0.6369697242237344,0.6883909793665504,0.7356795139264899,70.69752619412729,62.99413141023574,Medium
SYN-0106,AREA-06,South Ward,Peripheral,REC-01277,2.05651522928737,224.37602371541678,64317,11640,139.0,0.5019017324781989,24.951066131612595,0.5339331632024584,438.0,0,5,48,0.38960455212085887,0.7426513282528455,0.6242298951898242,0.9422800983464292,80.62810710818755,57.95083841395787,Medium
SYN-0106,AREA-07,North Estate,Residential,REC-01278,0.7610301526250547,64.99712967264564,10791,887,11.0,1.0,1.303916707198197,0.10024829965002509,252.0,2,7,2,0.04997051549176604,0.3519609798025325,0.14607435584669892,0.9499071378118986,8.770081229544825,28.6386421987715,Low
SYN-0106,AREA-08,Canal Quarter,Peripheral,REC-01279,1.2942436077203514,141.1211148588793,61682,14575,96.0,0.820311204845596,16.497867738027832,0.49610305070592087,209.0,0,0,33,0.1943838655597915,0.5976171115049175,0.2073129233175931,0.8470313218044312,37.77374733213995,49.856914156687225,Medium
SYN-0106,AREA-09,West Park,Residential,REC-01280,0.10891392549108891,65.83159202248815,44227,1025,41.0,0.8587638257683352,21.032518380838752,0.2757686591750084,325.0,0,4,3,0.0,0.08504870869494625,0.13587284759259044,0.8137796437696716,60.778952048960946,41.26516449846217,Medium
SYN-0106,AREA-10,Lake Colony,Peripheral,REC-01281,2.121354311369219,144.7190728739632,9125,5251,22.0,0.6733903237981013,24.033076617943916,0.35665845333827434,98.0,0,6,2,0.1445762970466666,0.690282340576522,0.7957581728743683,0.7136736678835182,76.52246798455096,40.12600229625606,Medium
SYN-0106,AREA-11,Industrial Ward,Central,REC-01282,2.1579474393840425,194.06986616027336,6153,18345,8.0,0.7759781863272853,7.81855096229765,0.1773082490307237,215.0,3,3,3,0.6395347027287132,0.8649251595738037,0.379362826221889,0.7654406864672476,36.77604595204626,23.523618456083167,Low
SYN-0106,AREA-12,Outer Settlement,Peripheral,REC-01283,1.9690845733700308,173.1399198190342,27247,3544,56.0,0.46276646195664384,22.60948429382832,0.3002333239557305,415.0,2,1,12,0.335749788437333,0.7215743157323218,0.5246169056897421,0.6550910514875039,88.38168455502039,45.48952894618358,Medium
SYN-0107,AREA-01,Central Market,Central,REC-01284,2.6598813449563004,231.8302529180333,23684,5222,66.0,0.6175583678467698,4.42915853082843,0.5413229128319961,47.0,3,4,29,0.46775624001300076,0.95,0.5226505824756987,0.8034794661459154,32.357284165434365,50.105547821980274,Medium
SYN-0107,AREA-02,Riverside,Peripheral,REC-01285,2.7555939829458644,255.40089455753795,22221,19051,40.0,0.5351152409664689,29.417458187251,0.4497648510465622,88.0,3,6,10,0.4555777286510058,0.6126256183794606,0.47840398818435625,0.694842642389841,82.95271092319899,56.60839778528498,Medium
SYN-0107,AREA-03,Old Town,Central,REC-01286,1.6604673750476207,172.340925458823,35535,1885,59.0,0.7871228177394163,9.189499582230793,0.6086222447154348,308.0,0,4,22,0.17741168017022985,0.3285673917787441,0.41971392149101805,0.8310969631709929,42.813762352683256,55.48107885694544,Medium
SYN-0107,AREA-04,East Gardens,Residential,REC-01287,0.0890231797510248,19.73534364242823,10608,5222,8.0,0.7822718256178297,5.0339338070483315,0.3495955686110265,266.0,2,7,2,0.0,0.5580040835601306,0.3763213237951475,0.7368677825924899,35.00713773944847,14.871000371629595,Low
SYN-0107,AREA-05,Hill Junction,Residential,REC-01288,2.2906033781263164,184.8085708816853,10591,11328,22.0,0.6950574216043099,2.5732430365577184,0.14883937426044813,354.0,1,4,2,0.3927098729639215,0.2332206596046663,0.3073285907728181,0.960350183841689,32.83493485912035,36.52820413475774,Low
SYN-0107,AREA-06,South Ward,Peripheral,REC-01289,2.24106629653937,160.94851163086233,45924,6904,107.0,0.6426025054562893,10.734551753646768,0.5826414308060406,108.0,1,1,36,0.3499144561169925,0.38816582992184834,0.2891985569526172,0.6931380548191198,40.36115162290566,53.31478724375159,Medium
SYN-0107,AREA-07,North Estate,Residential,REC-01290,2.0442913698580654,155.60410145747886,64394,11973,142.0,0.9033505084839736,14.546366821709201,0.40649738514999184,215.0,1,1,43,0.25045090098634004,0.2788792707483265,0.61674409548818,0.8038652561122177,39.4645351255318,62.725586779170726,Medium
SYN-0107,AREA-08,Canal Quarter,Peripheral,REC-01291,2.5819619131790024,222.4661582366598,19615,17688,63.0,0.43827038813728175,24.31013169128319,0.690610015435897,186.0,0,0,29,0.4878656407167191,0.37801635816465173,0.6620636219674431,0.6985948169112273,72.87631694886267,59.69956479064869,Medium
SYN-0107,AREA-09,West Park,Residential,REC-01292,0.8649156365636775,114.37215311019114,60745,9405,78.0,0.8134574320976181,14.829442172435654,0.29872796727188006,428.0,2,5,17,0.16675636911812347,0.5296142894020048,0.2948725859648589,0.8493924996846687,56.98569297065351,36.337690529766746,Low
SYN-0107,AREA-10,Lake Colony,Peripheral,REC-01293,3.403782422680621,278.7068822827061,24054,8660,84.0,0.3784064489199998,16.596686883382773,0.6744867135367606,257.0,0,6,31,0.6144460030560134,0.4895303008900309,0.20939951337870985,0.7603322337136886,63.456047084617126,79.29613566499796,High
SYN-0107,AREA-11,Industrial Ward,Central,REC-01294,1.0292359112190153,115.5344427489945,23492,6506,32.0,0.8908528829873646,17.64300555547937,0.16770018648058552,90.0,0,0,5,0.25614469597888284,0.35872898616927773,0.7175433629876943,0.6865876342330116,43.61922282254328,33.77850553301123,Low
SYN-0107,AREA-12,Outer Settlement,Peripheral,REC-01295,2.3961564554931933,208.96906355560284,8147,6958,14.0,0.5561802283456955,27.637887945715683,0.258357088143095,329.0,0,6,0,0.3788965397730734,0.48918662411412583,0.1590592690882124,0.8601613439143945,82.50741587918425,33.51177832349517,Low
SYN-0108,AREA-01,Central Market,Central,REC-01296,0.05,29.608276902019373,28957,11753,20.0,1.0,13.664553082066712,0.3914012299335162,292.0,2,5,3,0.0,0.12185682337836455,0.5413277148399932,0.8383469422157315,37.91587575493587,21.782060937743662,Low
SYN-0108,AREA-02,Riverside,Peripheral,REC-01297,0.5443581308075722,115.91745710743507,33622,1854,37.0,0.6687674766211229,22.92542028229498,0.30869889521158234,439.0,2,5,11,0.26862066260484196,0.4444241594597141,0.4885811347440051,0.723602067351219,72.43135090695559,29.636456756615907,Low
SYN-0108,AREA-03,Old Town,Central,REC-01298,2.501664798003882,222.6495360336862,43985,3336,104.0,0.6973893709950424,5.041343488319787,0.5417061427023525,204.0,3,3,26,0.3036623079315526,0.4627692810587595,0.6570913082181296,0.988376118720107,31.535784152930027,46.12887501894599,Medium
SYN-0108,AREA-04,East Gardens,Residential,REC-01299,1.079850022222933,109.55949142894124,12385,15870,17.0,0.7597551512617109,19.019965794183936,0.09838268194740662,416.0,3,3,0,0.0,0.598520814058736,0.7369844329462131,0.9259169997322679,54.25293468375909,21.74122642766778,Low
SYN-0108,AREA-05,Hill Junction,Residential,REC-01300,1.9605079647298513,201.22089501661395,14293,9093,22.0,0.7083288166911513,2.7767085272718957,0.09603869592885188,170.0,0,0,4,0.3934159717018728,0.49156887917216985,0.8376340206688495,0.8660431329169951,25.2415750529135,22.21012377227558,Low
SYN-0108,AREA-06,South Ward,Peripheral,REC-01301,1.4781341915990098,120.6234804708736,29505,14850,56.0,0.8780228484468833,26.84899536829199,0.33119496354774225,253.0,3,6,15,0.17083368721492265,0.4168949170628714,0.3190397967751647,0.9802074379269226,65.55938256707975,40.79574552344304,Medium
SYN-0108,AREA-07,North Estate,Residential,REC-01302,1.2046033558234748,121.88642559183012,6853,17146,9.0,0.6635663931327925,9.791688124654604,0.0813286244199127,,1,5,2,0.07148511109536532,0.39447198916915927,0.1307551444606684,0.9114025664407182,50.00863193921579,25.59982139756281,Low
SYN-0108,AREA-08,Canal Quarter,Peripheral,REC-01303,2.3796501405697645,221.52401903571183,11458,5816,29.0,0.5133128841075084,12.061010927343094,0.42331136285386184,168.0,0,5,7,0.5028369188127177,0.7510245966290663,0.5554657669090072,0.8189624803361465,53.55788107529157,43.11501721416875,Medium
SYN-0108,AREA-09,West Park,Residential,REC-01304,1.0992428209020928,74.90846264689489,41817,7864,61.0,0.693148512396432,2.289413988952626,0.1915102301431076,279.0,3,7,9,0.16583493076591652,0.6192967294020016,0.4063967393439709,0.9871094471545273,30.026821924942414,22.663836825960544,Low
SYN-0108,AREA-10,Lake Colony,Peripheral,REC-01305,0.05,109.93039558824266,62115,12381,46.0,0.8913681569462127,30.75818638292626,0.2021648345397984,260.0,0,6,9,0.0,0.568374796685328,0.45527046988763387,0.8747054441218761,74.81532395340527,31.75363585147604,Low
SYN-0108,AREA-11,Industrial Ward,Central,REC-01306,0.6459778070622488,64.32272664518405,38310,14047,39.0,1.0,12.949762149980167,0.04,409.0,1,1,9,0.3398565021248547,0.1823534923720604,0.7726119027592453,0.6977613493133162,26.765330762085235,25.066202968103635,Low
SYN-0108,AREA-12,Outer Settlement,Peripheral,REC-01307,1.7295232635849684,138.84340638901688,11561,1622,24.0,0.6582253573594168,19.332275106077518,0.3012428010808619,190.0,2,2,6,0.09497152553647348,0.7434934783027205,0.38880466508425904,0.6844945422252497,70.55041727250122,39.9689544928971,Low
SYN-0109,AREA-01,Central Market,Central,REC-01308,3.9349282111017088,296.37358677919644,64436,11521,211.0,0.43510414804548114,20.43394776109975,0.04,287.0,3,2,26,0.6454199614366195,0.3795155686766516,0.531468949176596,0.6822902498243419,76.36601302405319,68.72322222283748,Medium
SYN-0109,AREA-02,Riverside,Peripheral,REC-01309,2.3648743258233518,215.9177853325806,35117,5027,84.0,0.708325873870977,19.723685034754823,0.2731788943787405,228.0,2,2,25,0.16743250798889586,0.46696295709870567,0.2085064349791802,0.7744043555491753,63.053469801510154,55.56935565193113,Medium
SYN-0109,AREA-03,Old Town,Central,REC-01310,3.0390469104851414,262.6061697255408,47302,9361,129.0,0.6141937247047374,18.78687040593022,0.3726029833805014,396.0,0,0,32,0.5389868064764575,0.4655897721563675,0.7340920738003324,0.6529297151851503,52.40406317645384,65.20104195995457,Medium
SYN-0109,AREA-04,East Gardens,Residential,REC-01311,3.153143846649905,289.92895834834997,14811,16311,57.0,0.6569077882264305,18.9274490104706,0.38032886113859676,414.0,0,4,16,0.4485909304164002,0.4099801210512102,0.49188990109838115,0.8455891607995367,60.883091357398946,56.753275081302704,Medium
SYN-0109,AREA-05,Hill Junction,Residential,REC-01312,3.326145250720322,254.2837697147986,38652,3544,135.0,0.620170551320571,16.751346257908306,0.47355978313234387,160.0,2,1,52,0.6526705196262447,0.6820789394707276,0.3608413071975247,0.8027388849181359,66.40793846378322,62.185846813095566,Medium
SYN-0109,AREA-06,South Ward,Peripheral,REC-01313,2.517790055130461,213.55843629511185,7272,18979,23.0,0.1823605437829241,11.997415810432482,0.3723697283612161,250.0,3,5,6,0.4175453094982718,0.3836114123370135,0.44972407593650887,0.777366762815468,73.17870130788,57.609716586645064,Medium
SYN-0109,AREA-07,North Estate,Residential,REC-01314,3.115824039516119,196.38303770360983,41608,7137,107.0,0.5545843777932294,21.047623748728945,0.40487032845202103,189.0,0,7,24,0.6813769400668394,0.6087670884585054,0.29191260592863855,0.8003371631742788,68.8235971922553,62.146742205834094,Medium
SYN-0109,AREA-08,Canal Quarter,Peripheral,REC-01315,3.03563253780408,205.19306544427604,15144,15538,45.0,0.32564250844166653,23.17352277591221,0.21060101674729134,57.0,2,1,10,0.454373086212209,0.5542460369402621,0.5499513689226329,0.7985466703271284,89.41815647964711,50.43834510501141,Medium
SYN-0109,AREA-09,West Park,Residential,REC-01316,4.235747533821238,312.5840451406842,59344,4055,231.0,0.30747731796620326,9.578529381440335,0.31274322376476804,400.0,3,2,69,0.5134125995660295,0.5905145650211234,0.2804307646053509,0.9958721004856584,64.70915494509535,76.45226481009077,High
SYN-0109,AREA-10,Lake Colony,Peripheral,REC-01317,4.265817974803897,328.0140294194873,5923,14549,23.0,0.45973581640648953,26.09527299574116,,320.0,2,1,9,0.7394715888305401,0.6739646497800518,0.3869068013091165,0.796536762891177,83.02846691267263,68.17082359435686,Medium
SYN-0109,AREA-11,Industrial Ward,Central,REC-01318,3.5018725595406495,266.2369693807259,43289,16881,123.0,0.464761176225598,2.552558572741857,0.1779734521562002,425.0,1,6,20,0.5533385289350047,0.6746895243551658,0.16931715383169338,0.9727218471073569,43.10477450210771,63.99317299205582,Medium
SYN-0109,AREA-12,Outer Settlement,Peripheral,REC-01319,3.304889089315117,270.54538928690397,11212,13511,47.0,0.6444237109926045,13.748168187803723,0.5345335114062146,155.0,3,6,12,0.3325036624538915,0.8232851864586204,0.34017838649348653,0.9488019375713491,58.08491339619455,44.6242586046992,Medium
SYN-0110,AREA-01,Central Market,Central,REC-01320,2.4391329272504265,196.84059025016143,45445,18671,110.0,0.4895987797524376,15.230007392232169,0.2371026404762218,177.0,0,5,17,0.2798765214114525,0.26321131835673617,0.405356700906371,0.7997162215814664,65.07024524738478,65.05013258918189,Medium
SYN-0110,AREA-02,Riverside,Peripheral,REC-01321,1.673933391654676,141.78682090304707,33342,1931,52.0,0.5156088315350612,23.220723095996096,0.3773231455158791,127.0,1,4,10,0.19053300515193394,0.19830072459201725,0.7225367487093889,0.6648021635074399,80.49560331612834,49.25465790045606,Medium
SYN-0110,AREA-03,Old Town,Central,REC-01322,1.409727811885183,203.63966980179964,62967,18370,98.0,0.8941201856503108,12.012321597912125,0.042055205901087474,184.0,0,4,15,0.42160064216228516,0.2670207730809079,0.6188425265206811,0.9468834818587306,33.89386787757539,38.756063691113084,Low
SYN-0110,AREA-04,East Gardens,Residential,REC-01323,1.5750165104785623,134.48016762201252,43238,11327,82.0,0.7385331061619802,15.166653266054027,0.41778048726295175,354.0,2,1,22,0.3473962476948245,0.4279137068820815,0.1944523784542284,0.7243001632639325,54.71647569934985,47.64845841009665,Medium
SYN-0110,AREA-05,Hill Junction,Residential,REC-01324,1.8193429464419704,188.6305991794231,25749,5372,53.0,0.78217126789025,20.94785870528481,0.4277304507494912,387.0,3,4,10,0.2614956048718669,0.3677748820951782,0.5815896749950883,0.6704685477457204,59.981071862177714,36.63507966151629,Low
SYN-0110,AREA-06,South Ward,Peripheral,REC-01325,1.396414437785319,91.59533006229799,7958,13642,13.0,0.6710251595456853,12.736347094394187,0.347759908732977,107.0,3,2,4,0.28924010721555515,0.37820699752110837,0.45409882491009135,0.9548735066544283,44.11075694150782,35.368127721306735,Low
SYN-0110,AREA-07,North Estate,Residential,REC-01326,2.4568411248694355,203.39288303553187,39734,10005,,0.6389330939623581,8.19964151975465,0.48676119964112613,57.0,0,3,35,0.1647383352283671,0.8535089654333184,0.43255961720471603,0.880419512736159,48.44517594421223,53.662066881536006,Medium
SYN-0110,AREA-08,Canal Quarter,Peripheral,REC-01327,2.9109660166461024,208.97695371602663,30063,15383,85.0,0.4359564294216965,16.16242935161292,0.26363216278601237,289.0,3,6,24,0.4173722694365903,0.2635814740705059,0.18325952587131777,0.7123310641118632,64.29739085382953,56.92238574808889,Medium
SYN-0110,AREA-09,West Park,Residential,REC-01328,1.0575148369805423,168.13882302992937,5781,14736,5.0,0.8734871260716525,20.639650363259733,0.43469129494917974,100.0,2,7,1,0.22437191831109388,0.24930780056215474,0.567700661320955,0.7511445249073108,57.51225676237233,34.11941970330973,Low
SYN-0110,AREA-10,Lake Colony,Peripheral,REC-01329,2.3472964465919626,175.8463333338038,38827,14370,93.0,0.6283750919804736,13.93141896853472,0.30390132667180186,375.0,0,1,27,0.41106123119944993,0.5028474440945193,0.2397228227846668,0.9109936078567196,53.43243063263268,55.26645930727521,Medium
SYN-0110,AREA-11,Industrial Ward,Central,REC-01330,2.1512448414060676,178.90389397547574,15624,16903,33.0,0.8925563803198475,8.723622265801996,0.3980153826571246,82.0,0,5,8,0.29381806939257826,0.22780781335592887,0.32334208006351006,0.6931912145040119,23.962238009322128,39.79403420256672,Low
SYN-0110,AREA-12,Outer Settlement,Peripheral,REC-01331,2.6004004260485782,184.32134881767,17139,6923,41.0,0.4916424361120609,29.02289734755215,0.26542501572876076,163.0,0,4,10,0.42880309515237636,0.830028016735117,0.7556130672939453,0.9029260295696397,86.90183448176083,54.8353473589584,Medium
SYN-0111,AREA-01,Central Market,Central,REC-01332,1.584479109775345,116.48168149261775,3059,4985,8.0,0.7309363291551466,15.07083493437792,0.16350642179325892,174.0,1,7,1,0.3046528721946663,0.95,0.14588162224533738,0.810454475461974,54.772373419923504,26.071013689194082,Low
SYN-0111,AREA-02,Riverside,Peripheral,REC-01333,0.43195070031291083,65.79141232732496,25754,11809,28.0,0.7568315151810966,10.654375982589771,0.1922529828614527,233.0,2,4,6,0.07086898416526662,0.12260753657440411,0.7237192162218996,0.9430048244987337,41.10738272672072,36.24010896727191,Low
SYN-0111,AREA-03,Old Town,Central,REC-01334,0.584918685172483,88.89649103182548,16141,5036,12.0,1.0,21.164484171187368,0.2053686733230948,391.0,1,3,1,0.20080692235956388,0.2052758497017454,0.4117481033788364,0.8750615215642292,50.564286813188964,31.862971798875613,Low
SYN-0111,AREA-04,East Gardens,Residential,REC-01335,1.6183689847261937,176.92261899551437,6989,16247,22.0,0.856267329791991,2.2629513387829086,0.6170530400468528,276.0,0,7,2,0.3079724173075494,0.46613156941229505,0.3276433364311827,0.9937249909745608,21.942778679274067,39.198867800824985,Low
SYN-0111,AREA-05,Hill Junction,Residential,REC-01336,2.4178548600546232,179.78861467831774,29643,18293,63.0,0.4336163084197724,11.959831783285026,0.06561144601868756,157.0,1,7,10,0.4643246664606654,0.6547237122798921,0.503544655121297,0.949979292931022,61.94542693822487,42.021119014485365,Medium
SYN-0111,AREA-06,South Ward,Peripheral,REC-01337,0.05,25.376260914725044,16258,10161,9.0,0.6398255156644341,15.084752226416407,0.17499954257322733,302.0,2,6,2,0.2139599079209433,0.24881603594621862,0.3125494812543681,0.7702975298625295,46.40472299887326,22.18668274329202,Low
SYN-0111,AREA-07,North Estate,Residential,REC-01338,1.8714113880994794,200.1952206766407,10884,15908,24.0,0.6383954601263025,14.269205769036995,0.5047621553744802,250.0,1,7,8,0.4112026579723878,0.7639443359957445,0.7744466537696302,0.8185534305818881,52.479292322204806,46.518858717852616,Medium
SYN-0111,AREA-08,Canal Quarter,Peripheral,REC-01339,2.5465277284883303,253.34128006033353,31672,8539,84.0,0.5511035712981588,15.956088301223017,0.5964684678644053,438.0,3,5,29,0.6333363016471051,0.8089840638207385,0.1358289623275808,0.9788222079872979,59.96438571490779,55.06591885879969,Medium
SYN-0111,AREA-09,West Park,Residential,REC-01340,1.472409423293245,133.1819976102131,6452,17620,14.0,0.7898462640327029,18.169091451683258,0.2201637266379774,432.0,3,2,3,0.16477184660245256,0.5476184026684686,0.6365815614524263,0.7032484903497924,63.59152355183024,31.802792338712617,Low
SYN-0111,AREA-10,Lake Colony,Peripheral,REC-01341,2.034992121079368,186.24544737554476,64402,2256,124.0,0.6568745292701301,21.86895799866431,0.1766772844330703,404.0,0,6,18,0.1480756887717622,0.5731892511053907,0.7446215498371085,0.7960076403983336,73.49504623182791,48.51482979197698,Medium
SYN-0111,AREA-11,Industrial Ward,Central,REC-01342,1.0323748595399738,157.1916384420892,31934,19699,50.0,0.8344143066024101,7.570981843317386,0.14356755395456497,109.0,2,7,4,0.1552287817046868,0.25622642014569574,0.27169327412415517,0.8517113452951395,24.86277339647217,30.042404758585178,Low
SYN-0111,AREA-12,Outer Settlement,Peripheral,REC-01343,1.499337164836714,216.9217463969428,64766,11171,106.0,0.8377830494883332,28.17797032293603,0.3049109666305263,125.0,0,7,23,0.22281796407149984,0.3633103646391134,0.7168107579215305,0.772917570503929,79.54370955184217,40.81220723119195,Medium
SYN-0112,AREA-01,Central Market,Central,REC-01344,0.5974838291488644,91.40225231144726,57584,19182,50.0,1.0,17.32194660064412,0.259896306803786,,0,6,9,0.2747103364782001,0.30719338496030374,0.4608479503527765,0.6829555997064215,43.89010397345708,40.15172639321948,Medium
SYN-0112,AREA-02,Riverside,Peripheral,REC-01345,0.05,65.84949437294472,63726,14315,39.0,0.8823091928538823,20.355905829427513,0.3834275447984425,263.0,2,2,10,0.0,0.16980667816477035,0.891215612254404,0.7222436783343439,47.37219364420494,32.49138742567459,Low
SYN-0112,AREA-03,Old Town,Central,REC-01346,2.648427284775606,216.13423038977785,36420,14718,90.0,0.7666609117955078,11.315670845102114,0.08630230258264214,373.0,3,6,16,0.43193907220740796,0.6765516001703094,0.4014509220112872,0.8015454710680147,35.24866674332763,44.610941013696916,Medium
SYN-0112,AREA-04,East Gardens,Residential,REC-01347,1.1062187016158322,67.5000361517198,28942,7403,49.0,0.647260634855957,10.825457588413572,0.4878277524210892,104.0,3,0,18,0.2329913075277851,0.310136552441431,0.35756924391294753,0.9552760726882623,52.58694862876264,36.517355543437276,Low
SYN-0112,AREA-05,Hill Junction,Residential,REC-01348,1.5297923677926413,149.83199805579108,47493,13474,59.0,0.7756201029892034,12.341501934798245,0.21424308560761082,438.0,3,5,14,0.2669776951102299,0.227363090213466,0.8143620408427412,0.8502087941407666,45.9309073167335,45.96600417576622,Medium
SYN-0112,AREA-06,South Ward,Peripheral,REC-01349,0.785060841179231,132.16453871812755,7542,15176,10.0,0.7865929589702658,28.021486799267077,0.2851592770507799,64.0,2,2,5,0.1102599158612283,0.24421124352705453,0.6277187127606816,0.7544697276117401,69.66406366497495,27.923605170359064,Low
SYN-0112,AREA-07,North Estate,Residential,REC-01350,0.766238881328285,67.2109338913622,55012,14849,67.0,0.9649709366083412,2.5491799109895945,0.15745982302907727,253.0,2,1,12,0.17073469460614227,0.41203566539648095,0.7174990108435687,0.708806011448709,24.41424739693537,33.668688055391954,Low
SYN-0112,AREA-08,Canal Quarter,Peripheral,REC-01351,1.7551444837196928,98.45014469048584,22723,19871,41.0,0.42845985193980846,18.157003875227737,0.18880460292885923,190.0,3,7,14,0.4220157963293859,0.8471732037344684,0.43266014138356856,0.8664142829596102,72.72483534174242,35.68315995398983,Low
SYN-0112,AREA-09,West Park,Residential,REC-01352,1.3105528884868685,142.91117143934906,2963,1595,3.0,0.7852737667869005,16.752671136164963,0.4809146074721932,415.0,3,5,1,0.4027149379611975,0.7092849439025876,0.4938270812396065,0.7132311482121647,50.81412092731348,33.23838838972046,Low
SYN-0112,AREA-10,Lake Colony,Peripheral,REC-01353,2.1965914421911448,130.0898863308484,17357,4548,42.0,0.6205324936553687,30.245210780741925,0.21312484634500736,171.0,2,5,8,0.3700354385932542,0.7178164772668707,0.8858248848442981,0.6747590936959819,87.16411588131068,40.76367381385365,Medium
SYN-0112,AREA-11,Industrial Ward,Central,REC-01354,2.2562453789790595,139.49337699975382,17644,8888,39.0,0.7413851021106119,4.216241449081294,0.23266031744132423,116.0,0,4,12,0.2781394060651622,0.39531090733297225,0.5322191394131695,0.6615583818561368,24.39253919134037,50.582689490084135,Medium
SYN-0112,AREA-12,Outer Settlement,Peripheral,REC-01355,2.1508943608550712,130.77137021504382,3382,12621,5.0,0.7212103704547942,10.912890357012435,0.5618013518955413,273.0,1,1,1,0.542626484767049,0.4191438690210198,0.6973232721387475,0.894193116288357,52.97296514658835,46.21568363080261,Medium
SYN-0113,AREA-01,Central Market,Central,REC-01356,2.8748251869848342,166.7769305747942,44286,11990,135.0,0.6889051137109325,17.907088839598785,0.0724884301638281,61.0,1,4,15,0.3498215175558802,0.3964726535079115,0.8835559293962455,0.9602308478943709,52.326691670141535,46.86329667724272,Medium
SYN-0113,AREA-02,Riverside,Peripheral,REC-01357,3.9461591181875884,328.22144706949393,8452,7047,41.0,0.3202361975290926,30.378638599288923,0.3626477449954746,302.0,0,2,8,0.8725626475384141,0.759405658069713,0.6812317903436184,0.8355510887129248,91.50597877791763,70.9716810138942,High
SYN-0113,AREA-03,Old Town,Central,REC-01358,1.8298695390061703,163.09059054837167,55418,3124,119.0,0.8248151144129867,16.008470717738266,0.2826193879955043,100.0,3,7,23,0.466274500291276,0.2475226819320172,0.6717326442035327,0.7477002994951412,49.99773698240666,54.675339527156105,Medium
SYN-0113,AREA-04,East Gardens,Residential,REC-01359,2.639996661279745,273.3003520513255,30824,5229,79.0,0.6062368311542797,12.63503858673781,0.23042975297830337,198.0,2,4,19,0.6187272985180886,0.4619766476104563,0.19250003978772412,0.7215228348084959,65.42452038248933,51.46876679384791,Medium
SYN-0113,AREA-05,Hill Junction,Residential,REC-01360,3.5900964106577504,295.3966852462596,47389,15709,166.0,0.5149993768394573,5.900979676363244,0.33050007979119655,279.0,1,6,34,0.680596304493062,0.40594925376313495,0.26939656451856275,0.7467193851967342,34.173183559319064,63.85992253795516,Medium
SYN-0113,AREA-06,South Ward,Peripheral,REC-01361,3.6955764017125086,342.0555974172518,23728,11393,64.0,0.45799558577793226,30.12558315617917,,395.0,1,1,12,0.3624305954688803,0.6758209397658042,0.7255854994593472,0.7568103617258376,96.00765236931576,49.98949418434136,Medium
SYN-0113,AREA-07,North Estate,Residential,REC-01362,1.546533634766421,121.2050956167678,10749,767,23.0,0.778049195950136,16.16770996369526,0.2174412142052002,323.0,3,2,4,0.13306110606533816,0.6513236500456951,0.8861962231616979,0.8613716356303187,51.562396748446204,36.00530644826547,Low
SYN-0113,AREA-08,Canal Quarter,Peripheral,REC-01363,2.4340602009173833,209.0865114531605,13772,7986,34.0,0.5826703334153868,24.57625897835633,0.4928935971829428,385.0,0,4,14,0.44250328663606425,0.4211402211890639,0.4470050576179161,0.9732179505058871,77.84284968768927,43.71211228844766,Medium
SYN-0113,AREA-09,West Park,Residential,REC-01364,3.770441430935888,246.85420492505992,42867,8249,159.0,0.5874952519870171,19.521132897579225,0.3419979291106977,372.0,2,7,41,0.5473292653298694,0.36966457160176763,0.7092007878558172,0.7284385684358992,71.25275530068117,69.62359322751053,Medium
SYN-0113,AREA-10,Lake Colony,Peripheral,REC-01365,3.0904078384013314,232.55686993584573,47256,12588,129.0,0.5328026859124998,28.388803186089298,0.3409852525962048,335.0,1,0,29,0.47723438766634213,0.7707292353796287,0.10888475730600629,0.7757524779849925,82.03833452297526,52.27201448929942,Medium
SYN-0113,AREA-11,Industrial Ward,Central,REC-01366,2.8401549794258973,267.64765718803335,19220,16346,,0.7503949255861387,2.694301488150587,0.3060952276417358,176.0,0,0,16,0.5468961449367605,0.4810472535428808,0.19930156156226186,0.858088893523444,24.084489946402396,59.53670440103486,Medium
SYN-0113,AREA-12,Outer Settlement,Peripheral,REC-01367,2.509796799494354,201.92096943825277,24819,13426,48.0,0.8080422438251398,10.419187881853777,0.23104381058621157,183.0,2,5,13,0.3979025523789559,0.48770097145661306,0.1629596510072916,0.8050835094580738,35.069946694201626,52.693552989761585,Medium
SYN-0114,AREA-01,Central Market,Central,REC-01368,1.2138326021281833,111.85424126594442,61565,19826,99.0,0.9144147685048876,5.6767342084029835,0.28193526032296334,396.0,0,0,24,0.056022961169109764,0.35648024121326893,0.18486909696047382,0.690820324556562,31.78520022235737,38.37562764949084,Low
SYN-0114,AREA-02,Riverside,Peripheral,REC-01369,1.751448593166639,153.17923194008074,55741,8542,112.0,0.5794420907880999,29.11612247724045,0.3739654690785062,139.0,3,2,22,0.3981871444377343,0.6033554130590059,0.14616826728072063,0.7047979072293955,91.41579679484727,55.09413472190876,Medium
SYN-0114,AREA-03,Old Town,Central,REC-01370,1.318974042706793,130.04001164156975,28314,16498,48.0,0.876762399759425,12.206641117660894,0.7464343290038182,393.0,0,5,20,0.281617340136246,0.3032836066130653,0.11981556226891668,0.8524801712566223,33.72249312318252,44.563974442788485,Medium
SYN-0114,AREA-04,East Gardens,Residential,REC-01371,1.4868104458588243,140.98750182832626,17561,765,38.0,0.8481047475586146,14.598041562172249,0.08295266619593507,87.0,3,3,3,0.21792222781892306,0.22980291448307083,0.6365283868627951,0.8629951678836374,47.17664849964911,28.414272690878104,Low
SYN-0114,AREA-05,Hill Junction,Residential,REC-01372,1.5837523075864097,182.93575276528924,21334,6468,29.0,0.8518959601591485,8.265748543039766,0.42879147196775785,379.0,2,6,4,0.3493106600236291,0.6599443327323252,0.45187966628292897,0.8559984098130006,37.69926933523578,28.710863051732552,Low
SYN-0114,AREA-06,South Ward,Peripheral,REC-01373,0.9784161198995803,81.96574889730651,36149,18296,,0.9224236928825433,18.921794206554715,0.49063427482922845,142.0,2,0,13,0.1744750008883073,0.18295729124083185,0.5337334001291213,0.9353184860532437,42.99545350519385,42.605259008548586,Medium
SYN-0114,AREA-07,North Estate,Residential,REC-01374,1.9465768417995304,160.32612376077333,37923,1575,91.0,0.525385861069985,7.30048703604702,0.04596287704383176,337.0,0,5,9,0.48419281672308456,0.3479745428649387,0.37260183825207993,0.7173507877288525,50.52628486090261,38.66183146264643,Low
SYN-0114,AREA-08,Canal Quarter,Peripheral,REC-01375,3.852269061426716,293.33557966547664,14008,19257,46.0,0.5223428903598278,29.747446272947215,0.38889056533399746,433.0,0,5,13,0.6601897898380205,0.6197038479036264,0.42084083735597866,0.8078185347050193,88.2754852376843,77.66943565331133,High
SYN-0114,AREA-09,West Park,Residential,REC-01376,0.09928403123351948,19.34877060869574,6614,10548,5.0,1.0,9.6531505986671,0.4845218111084939,416.0,0,2,1,0.17541865852860145,0.2889264307029238,0.22779231171487613,0.8129276976408543,27.039004288793045,15.130316927028115,Low
SYN-0114,AREA-10,Lake Colony,Peripheral,REC-01377,1.7800833620463636,142.3039463669068,33456,5861,64.0,0.6989568089059348,27.553841176862942,0.4154428851360121,211.0,1,5,21,0.07184222657603509,0.7735175202915973,0.6138162078769716,0.7253124819395185,84.13318026577141,47.623954057599555,Medium
SYN-0114,AREA-11,Industrial Ward,Central,REC-01378,0.9127212717992552,122.31957587133039,52341,966,72.0,0.9432752316948803,4.263602380073987,0.5175483064909648,99.0,1,3,27,0.207226494751962,0.442874301826433,0.2067117331261999,0.8983522051533164,26.450306336842186,44.20395149885135,Medium
SYN-0114,AREA-12,Outer Settlement,Peripheral,REC-01379,1.9827954047097798,144.15866008109157,12029,17292,34.0,0.5734112664694909,16.662041192589758,0.48736920316058346,210.0,0,6,9,0.2827224851832626,0.7976169464199754,0.8049470683979426,0.7592942930470323,53.54442085672174,35.409063541962624,Low
SYN-0115,AREA-01,Central Market,Central,REC-01380,3.522861259689254,352.1990688905642,28022,3884,85.0,0.507558302421509,4.810500672647856,0.23744373191417031,287.0,1,6,22,0.4840574246803218,0.8171574042945974,0.32596796888246243,0.8666627362672215,42.92386717787037,54.80840942866361,Medium
SYN-0115,AREA-02,Riverside,Peripheral,REC-01381,4.095099100260937,355.2798617552287,12598,18294,49.0,0.390440385061247,16.161913042570557,0.14215924619249387,232.0,2,5,7,0.8215365862387712,0.7961810801279099,0.3088261303568063,0.7974417444068064,70.10977602161206,60.704065816775135,Medium
SYN-0115,AREA-03,Old Town,Central,REC-01382,4.426020542233989,332.9988460318587,17633,19844,66.0,0.45638341121968046,15.019738994212354,0.40618112488121716,353.0,2,4,19,0.8443605821974898,0.757314301016805,0.25758893226817114,0.7340086064719711,50.88200801875331,88.74009457222365,Critical
SYN-0115,AREA-04,East Gardens,Residential,REC-01383,3.6395521752415103,293.83964639039846,40763,4804,142.0,0.576947863066595,3.9705427461662737,0.3761966184741876,305.0,2,5,37,0.36581482651582176,0.4130482056424584,0.18591259598895507,0.7224099965045476,37.66905845024142,63.69697040277312,Medium
SYN-0115,AREA-05,Hill Junction,Residential,REC-01384,4.391257111758308,348.54783368619474,20387,14140,85.0,0.4604242329462309,12.255488472885894,0.6428624632557397,52.0,3,1,26,0.8177356615310272,0.3861263991131512,0.30071206966452096,0.8221639708617086,54.03329017549993,72.90465749362454,High
SYN-0115,AREA-06,South Ward,Peripheral,REC-01385,1.6101769659960234,161.46233229022016,18986,9948,32.0,0.7623820216576411,10.06561718628473,0.6518111675018805,417.0,1,3,10,0.33966059323471604,0.5899686312042631,0.8981283355096168,0.7341749793419587,45.28083009226275,45.23772329695991,Medium
SYN-0115,AREA-07,North Estate,Residential,REC-01386,4.757977119359784,352.1314856141473,64729,11701,281.0,0.42828104368790787,21.64518473254471,0.19101685688199424,151.0,3,2,57,0.7062276057610449,0.5097260241690946,0.1193298610974992,0.8859357055674955,71.8826322640691,76.62205111081505,High
SYN-0115,AREA-08,Canal Quarter,Peripheral,REC-01387,3.7856650025408376,368.6239826383728,13272,2064,39.0,0.22708505981306687,10.747331799945623,0.52897891376956,86.0,0,0,14,0.5307076934545597,0.7884137044207354,0.4944117895081006,0.8659782599295717,63.02448573059251,64.57179015260033,Medium
SYN-0115,AREA-09,West Park,Residential,REC-01388,4.347889965623111,301.06251453888126,14330,9132,48.0,0.4911675700337101,16.842269087947315,0.30211218450933436,139.0,2,6,14,0.5337793006520428,0.7770718193702401,0.3835289474750907,0.9264842833285909,61.36099748202524,62.28380393560844,Medium
SYN-0115,AREA-10,Lake Colony,Peripheral,REC-01389,2.509714685153748,191.52147827420868,60610,9156,169.0,0.7516703380484224,28.254369659791926,,376.0,3,5,40,0.37778195319052227,0.32327545839103966,0.7226187124040234,0.6966210552351444,73.26339947496753,60.20408405354697,Medium
SYN-0115,AREA-11,Industrial Ward,Central,REC-01390,2.820999375742697,225.544709865338,36887,11375,100.0,0.601864877161374,21.920832683746326,0.2647868659739844,364.0,0,2,24,0.44886805802699487,0.7840188598947605,0.5922275731708905,0.9587628811865723,58.8268448842541,50.89475754922788,Medium
SYN-0115,AREA-12,Outer Settlement,Peripheral,REC-01391,3.6023659163427846,293.50464438529775,5187,6479,13.0,0.5556063654699074,23.652594723084704,0.45068380151099297,224.0,0,0,8,0.6960339330334855,0.47464321099859474,0.12393346628142919,0.8331071326858757,80.40840710918846,57.5788074047458,Medium
SYN-0116,AREA-01,Central Market,Central,REC-01392,3.188491129753787,307.60562742240666,29059,9000,103.0,0.4435358058450789,13.738107439829221,0.1782024913279482,249.0,2,7,13,0.5637408320323648,0.29703524613108434,0.16422854278789567,0.8779372340290661,65.53801663694196,64.37660357568859,Medium
SYN-0116,AREA-02,Riverside,Peripheral,REC-01393,3.4285763116317485,262.80801037419553,37821,3682,99.0,0.39642780201830297,21.709125902526885,0.5158999091483791,152.0,2,5,30,0.4442404114354382,0.5461138753957613,0.6264305688122728,0.9926871577737917,77.92145823019854,69.43214673729011,Medium
SYN-0116,AREA-03,Old Town,Central,REC-01394,4.06973356996773,321.88874511140136,18324,6932,79.0,0.3532983219873347,17.056837505813995,0.2800405738981606,443.0,0,6,16,0.7069538473213365,0.5174785561609361,0.6520855181981873,0.8316956895247862,71.83486437126112,67.95283170576408,Medium
SYN-0116,AREA-04,East Gardens,Residential,REC-01395,1.7899451889814777,167.91436278413454,36766,11339,66.0,0.9149142238334489,19.28535627433062,0.5369820431747213,262.0,2,0,27,0.26783874783511,0.6142539564850417,0.6100045638037995,0.9579681972880497,48.3058297075749,35.96046492133506,Low
SYN-0116,AREA-05,Hill Junction,Residential,REC-01396,3.9811766985976043,296.2963538483635,43032,12612,169.0,0.6394924487253975,12.081821497699021,0.25626588636258835,88.0,0,7,33,0.551350304126534,0.6554477351277366,0.6241892500348524,0.7636929586778816,53.95835220014626,69.04960096175756,Medium
SYN-0116,AREA-06,South Ward,Peripheral,REC-01397,3.2087469691900985,285.82102423973623,18163,3008,52.0,0.41887188990287877,25.123386123641616,0.20994199982567163,261.0,2,0,5,0.34405029227899775,0.2810219179396314,0.7683598084001827,0.9405212520689823,84.72448113782325,54.43131791586722,Medium
SYN-0116,AREA-07,North Estate,Residential,REC-01398,3.0390959523241188,250.39375210028052,53275,12449,145.0,0.7150539493940454,21.210469790190853,0.3247057306063392,68.0,0,7,33,0.5814923922570806,0.4008221768474239,0.40611844445210543,0.9774448712416604,64.13059866440442,63.72492365627345,Medium
SYN-0116,AREA-08,Canal Quarter,Peripheral,REC-01399,2.0252292537158447,201.2991135447961,30798,7386,70.0,0.7945430998281817,12.348929839377583,0.5012595828862357,94.0,0,4,28,0.3911058668901769,0.8714331682723727,0.35485942297571405,0.7156058746735515,50.272871118974614,36.568222357480906,Low
SYN-0116,AREA-09,West Park,Residential,REC-01400,3.6045603759252494,265.5031214570896,62716,5242,205.0,0.49141128441506465,13.384262934564932,0.1947739022655988,,3,6,44,0.667572346047917,0.47922358746150906,0.7565982489308383,0.8244402379445901,50.606377467344586,69.86850955734786,Medium
SYN-0116,AREA-10,Lake Colony,Peripheral,REC-01401,1.2708351603989272,106.38384034787694,7983,17333,9.0,0.7176532709597881,11.4146924458755,0.42163340676801636,79.0,3,7,4,0.12441652804747624,0.3869559915198989,0.3667873274444001,0.9633190292281694,34.41345382038179,33.669221789967985,Low
SYN-0116,AREA-11,Industrial Ward,Central,REC-01402,3.720836650214727,271.5590501636642,22764,15690,81.0,0.5671167133251762,10.148561962198878,0.11484735285645413,391.0,1,7,10,0.6406690251546662,0.3667505521994576,0.8670708880921177,0.7747297127858839,49.83590357847589,58.691384026196715,Medium
SYN-0116,AREA-12,Outer Settlement,Peripheral,REC-01403,2.0084367728453634,179.51717095310227,47579,13753,107.0,0.4977142940192151,25.249117597035756,0.33444807144378175,297.0,2,5,25,0.16969576449282414,0.21117281075429628,0.6764842231516219,0.8936143757543296,79.5459246589745,47.975473233829455,Medium
SYN-0117,AREA-01,Central Market,Central,REC-01404,3.1320142727921865,277.1116663347209,58432,8700,187.0,0.5747297132348411,8.986394537347865,0.168423560605683,245.0,3,0,35,0.40361244137647206,0.597510131911966,0.6617026252325768,0.6855937750097538,39.30796795140035,63.75458398790467,Medium
SYN-0117,AREA-02,Riverside,Peripheral,REC-01405,2.993912872835871,297.5053711482624,16356,16212,48.0,0.7179866505472106,12.10220520330341,0.3706412100945356,341.0,2,5,14,0.5030333427757787,0.41646115720528853,0.8258652805358396,0.7552930344201845,46.34508058629093,50.05609700657297,Medium
SYN-0117,AREA-03,Old Town,Central,REC-01406,4.024878460533314,306.866729268944,63765,8612,228.0,0.37651539309530035,18.427917897123933,0.3354570019142997,291.0,2,4,64,0.7022954403942138,0.5524100012206465,0.7132995851975533,0.8808056518422017,73.61198696372865,82.57503975026708,High
SYN-0117,AREA-04,East Gardens,Residential,REC-01407,2.9463238074870954,287.40963332415026,14586,5049,52.0,0.6899738158365882,6.123876054834645,0.6202782539966126,292.0,2,6,19,0.29559582040179244,0.5159174750430638,0.1343218945431265,0.8046466809315049,39.04504781096114,59.77313614766107,Medium
SYN-0117,AREA-05,Hill Junction,Residential,REC-01408,2.5339370937816748,223.4923042132913,28507,9840,69.0,0.7081053404070069,11.549137904276012,0.07696337817201293,271.0,2,7,8,0.2954174832472959,0.36501865997026406,0.46644566633278506,0.8804615657252627,39.25927834827595,40.80569194881395,Medium
SYN-0117,AREA-06,South Ward,Peripheral,REC-01409,2.683965785921245,194.4056977376321,22179,11459,48.0,0.48459288092667147,13.145977075076651,,184.0,0,3,20,0.40348049065688585,0.5451642357903039,0.4023334329340059,0.8434388234205207,54.862048043795085,64.1607765853709,Medium
SYN-0117,AREA-07,North Estate,Residential,REC-01410,4.107554157701938,310.55810079582557,29020,12620,114.0,0.45154102907085564,21.77594666413128,0.24019558182919976,40.0,0,2,25,0.7996146075662248,0.95,0.44028136254616557,0.9752783991739308,76.98588059754515,65.01594953174036,Medium
SYN-0117,AREA-08,Canal Quarter,Peripheral,REC-01411,3.518285518042922,291.7666581306147,58898,6215,183.0,0.5977544184187223,18.036852950279926,0.28038921353914525,267.0,1,5,32,0.48880858932987403,0.6155424322324996,0.3252488170904958,0.6920578539271813,67.70587364462338,67.745882183225,Medium
SYN-0117,AREA-09,West Park,Residential,REC-01412,2.7807439574796784,246.14707549026448,48284,11221,142.0,0.6771275035423611,18.25518189405707,0.49455551238480117,359.0,2,1,39,0.48032636018202246,0.4183931004058179,0.27709738355279234,0.8682396915653852,63.974917664926636,57.23625449177279,Medium
SYN-0117,AREA-10,Lake Colony,Peripheral,REC-01413,2.9000908067265967,214.11740295208872,52279,9325,138.0,0.559165521849628,18.07560379167696,0.6670968709034669,411.0,3,3,54,0.5127955846638558,0.2901285751012193,0.5343480465211877,0.8096216523960332,61.32017996318017,69.57176247783872,Medium
SYN-0117,AREA-11,Industrial Ward,Central,REC-01414,1.8355062702298497,148.62567763107182,18374,5163,35.0,0.9351325977180318,8.342695263942417,0.6069991310602684,137.0,0,5,14,0.27595469261815814,0.6547053262689263,0.6943361837360305,0.9743650473206785,31.876143594425706,41.63690693461053,Medium
SYN-0117,AREA-12,Outer Settlement,Peripheral,REC-01415,3.4000273033794404,250.94674106578265,61680,12372,194.0,0.36926692508709813,15.050393398388197,0.7217031392303574,418.0,1,7,95,0.5988336218090389,0.2997881129156106,0.24733569887545306,0.9497770565917797,62.7271178443812,82.19455288663575,High
SYN-0118,AREA-01,Central Market,Central,REC-01416,0.8508963187936771,89.37963729660926,29721,6485,43.0,0.7552447261883437,9.49529213095367,0.059735156701973574,60.0,1,5,10,0.0,0.1660994918576259,0.3208243249352001,0.760830521777289,36.71738634914658,30.01354810768897,Low
SYN-0118,AREA-02,Riverside,Peripheral,REC-01417,2.8601860576184146,235.0732881782044,43247,7923,115.0,0.6917756389242555,28.380345520874247,0.46456863892866757,135.0,2,5,39,0.39800321244230175,0.6482472782041356,0.6318157542036602,0.9418767640838748,77.53106665966993,56.023475712903185,Medium
SYN-0118,AREA-03,Old Town,Central,REC-01418,2.3616461589430626,250.1491179556912,46107,19310,116.0,0.6857521516621828,14.894775574108186,0.3003692686507166,387.0,2,4,33,0.5657308760534445,0.7153422586682487,0.6345487377199759,0.8513503988036609,49.146761359456356,49.21604299356098,Medium
SYN-0118,AREA-04,East Gardens,Residential,REC-01419,4.1683103246091875,298.30539261470983,43932,10818,146.0,0.5236686565725954,2.1148765339297677,0.4639829055763285,78.0,1,2,46,0.8752901756745777,0.6210590380127807,0.1689066419766923,0.7517196733921531,36.957413189551055,79.14878068172585,High
SYN-0118,AREA-05,Hill Junction,Residential,REC-01420,1.3786404419706049,80.42425357533814,40112,11200,64.0,0.715510835849792,12.362763092522375,0.258851917562462,235.0,2,6,18,0.3309238964283292,0.5544446977219342,0.16201754909042024,0.6820147447610374,50.7592946207581,36.90775782022401,Low
SYN-0118,AREA-06,South Ward,Peripheral,REC-01421,2.176619212117543,130.36209149877578,32501,11969,71.0,0.6218964669330838,20.453123569371467,0.47480019036360643,307.0,3,2,21,0.49481693148069494,0.3329733061808603,0.4978865136966045,0.7083773644052841,64.0286597542335,51.771442978039246,Medium
SYN-0118,AREA-07,North Estate,Residential,REC-01422,3.6973790456885,304.83412668341293,42977,3133,135.0,0.35073499942018704,15.425941176677023,0.1423184280751722,57.0,2,1,24,0.3971205382233118,0.3667804230851909,0.7693610402981511,0.8701332976547604,67.69158391974142,60.63395795142749,Medium
SYN-0118,AREA-08,Canal Quarter,Peripheral,REC-01423,3.211860597183181,232.4168762220967,59074,3009,193.0,0.43798829716172577,25.861694622569317,0.5676950994103636,111.0,3,5,67,0.4214665932953017,0.566416502412085,0.2775576259410141,0.8242479311760862,82.28129470036733,69.86830294288404,Medium
SYN-0118,AREA-09,West Park,Residential,REC-01424,1.7017792436861299,158.70418081304132,26860,8847,46.0,0.6840001236625483,12.880402887502253,0.04,197.0,2,7,9,0.24629768558631487,0.7399766286229262,0.898669564795624,0.6968406303760795,43.714332349496,28.500497205857524,Low
SYN-0118,AREA-10,Lake Colony,Peripheral,REC-01425,2.4379228276488076,177.23821060618295,34429,921,96.0,0.43337228393966076,28.393895122422276,0.30592036131037204,368.0,3,3,25,0.696197502444486,0.5026223655141211,0.8992171783907871,0.9627342394732104,83.99951505679076,61.304639315848036,Medium
SYN-0118,AREA-11,Industrial Ward,Central,REC-01426,2.260348370082119,182.47573507909368,13754,6268,,0.6471765078645924,14.482589492657855,0.12291450063662095,351.0,2,2,7,0.33915465140624657,0.6479640026650288,0.5823981500337129,0.8523825899662857,61.81962756312306,37.14318473338986,Low
SYN-0118,AREA-12,Outer Settlement,Peripheral,REC-01427,2.4843135788653754,191.72886128763687,24691,2247,51.0,0.2569892218026626,17.09836183406385,0.44044528366238633,155.0,2,1,19,0.5034407790990101,0.95,0.8684800989170505,0.9879349276814663,70.19759553252207,48.01428623757423,Medium
SYN-0119,AREA-01,Central Market,Central,REC-01428,2.2639782008421974,166.55397955997174,50752,12788,140.0,0.5438547593487884,8.902855837086165,0.07333794075794424,203.0,1,6,19,0.42273434353094785,0.33487294051215755,0.4142865066594832,0.746353891721578,49.22718419633361,47.89741683244168,Medium
SYN-0119,AREA-02,Riverside,Peripheral,REC-01429,2.7514662274694737,255.93621733852746,42523,17714,114.0,0.588684426905513,28.029255009850413,0.22362151958316412,101.0,2,5,17,0.5013125198659907,0.3475022064052323,0.5013525475661057,0.714349183414928,84.46188109359692,50.27280019641383,Medium
SYN-0119,AREA-03,Old Town,Central,REC-01430,1.54448064940869,179.6878330412347,15696,1119,25.0,0.8254926758285106,6.456307878856109,0.1653422230947371,223.0,2,1,5,0.25458976674364975,0.41285746418714847,0.6625949608554005,0.9552510841482373,23.936947588100033,28.053058792841362,Low
SYN-0119,AREA-04,East Gardens,Residential,REC-01431,2.931021311124527,249.71034323601882,36633,19726,102.0,0.4607545828070533,3.993391880837695,0.37483181564790696,374.0,3,4,24,0.34449961222695313,0.49697837685985913,0.15653973563972992,0.9128159955769763,41.67674565734423,63.91845775255935,Medium
SYN-0119,AREA-05,Hill Junction,Residential,REC-01432,3.182939088367527,308.20677717682565,53247,9891,159.0,0.6201333559643541,16.798670159066436,0.3288151285127298,76.0,2,2,40,0.20635017844299264,0.5855298103165995,0.7151944824282935,0.7241807616249105,60.26810032077386,54.44984326437928,Medium
SYN-0119,AREA-06,South Ward,Peripheral,REC-01433,2.640987019514954,172.1970758824223,10251,3352,22.0,0.4048762486096802,18.97724740004817,0.4232451270493472,125.0,1,0,6,0.5939856010967794,0.3639126844995392,0.8493425705963115,0.7729624677320659,71.6389609994623,53.68368989425188,Medium
SYN-0119,AREA-07,North Estate,Residential,REC-01434,1.5308818371622308,133.1783797473318,6371,6634,9.0,0.8723122072468978,5.760070334550743,0.24227424775327475,161.0,0,5,4,0.18116723850946714,0.1516508683383902,0.5561550209196084,0.7613821863683268,24.44847246033537,42.631512980376954,Medium
SYN-0119,AREA-08,Canal Quarter,Peripheral,REC-01435,3.613748039911231,264.4187910691699,27045,7381,91.0,0.3601985855970085,27.421435602734462,0.671328520267954,43.0,3,3,26,0.37823775658867825,0.4803079878477,0.2752306331987341,0.8967587767489832,90.42143487882029,72.63013873018245,High
SYN-0119,AREA-09,West Park,Residential,REC-01436,3.114542580024303,263.72683160378875,43534,7322,139.0,0.5249492607495184,4.884236071428219,0.22433385806751543,411.0,1,1,29,0.5716457525244021,0.48493864490425,0.2041784299425034,0.7253784604664888,41.13497906265673,56.568909618082785,Medium
SYN-0119,AREA-10,Lake Colony,Peripheral,REC-01437,2.24211047146928,147.91894760591913,22082,6993,56.0,0.5551768991470063,25.381150651224274,0.6138279356295961,376.0,3,5,21,0.42393980766649764,0.7644793574875755,0.2742074614364941,0.6769356021590942,74.24954865652373,42.753582550774965,Medium
SYN-0119,AREA-11,Industrial Ward,Central,REC-01438,2.59844219215961,228.92171718393294,53814,19245,144.0,0.9433615078975397,8.143859940076222,0.1670737335215334,174.0,0,1,28,0.5252207760710323,0.467957848688767,0.26112705336759323,0.9363777800390325,35.73891753900388,51.22813484997261,Medium
SYN-0119,AREA-12,Outer Settlement,Peripheral,REC-01439,1.62238702740459,102.1665407202241,55427,12087,91.0,0.5618096338206753,24.959496203376183,0.46606258841472414,78.0,1,1,29,0.4042837221165696,0.8598526680902928,0.7881347037352566,0.6540402418039243,80.8823588513986,44.7029100849099,Medium
SYN-0120,AREA-01,Central Market,Central,REC-01440,1.8777150279354822,184.4873497607861,35782,3949,77.0,0.7643069360409979,17.230633436362268,0.17892767357133774,245.0,0,1,10,0.20267414034235953,0.6907698143070545,0.20959153524138144,0.8628667919036409,41.86168720564474,41.48056139130602,Medium
SYN-0120,AREA-02,Riverside,Peripheral,REC-01441,2.267794053072094,222.053595091573,26177,6504,50.0,0.6562730777089913,13.302757971655012,0.5879928820475815,212.0,1,6,14,0.27296787071181466,0.5670725788124803,0.8760644420886642,0.757994651825713,49.23382275369962,46.95353129115841,Medium
SYN-0120,AREA-03,Old Town,Central,REC-01442,3.6807797799819264,245.29299388281876,5107,7292,19.0,0.36920128891185816,18.321179548559712,0.3889694491956179,98.0,0,3,9,0.5752189044559577,0.7497125704441491,0.7230066408685805,0.7981256502645421,82.52229691251614,60.0965524231244,Medium
SYN-0120,AREA-04,East Gardens,Residential,REC-01443,2.186440417447825,171.10378269945986,53847,19144,143.0,0.5025874010685927,13.987482133943438,0.5130378507092311,202.0,3,4,50,0.4630035583279236,0.8825904056785294,0.6859563459515009,0.6735763652853628,59.659046075152915,63.01384802527387,Medium
SYN-0120,AREA-05,Hill Junction,Residential,REC-01444,3.2102140576208127,284.3709233616988,58455,17487,179.0,0.4784382547776254,19.040613314962098,0.13399027738070624,416.0,1,6,30,0.2827189970126492,0.39209792943075417,0.5938684547300228,0.7079485314765301,65.31939045334599,63.67581938946746,Medium
SYN-0120,AREA-06,South Ward,Peripheral,REC-01445,2.267390167868542,229.1367638299487,30149,4067,67.0,0.6537009606314682,10.66033116963101,0.3138330653674114,98.0,1,3,12,0.3932831216423745,0.6193954197187174,0.13591502239475517,0.825435818407209,48.370924345499084,39.896695953294085,Low
SYN-0120,AREA-07,North Estate,Residential,REC-01446,2.8964011788393056,185.43623781288528,34779,14225,95.0,0.5534634207551032,16.893573104157095,0.1533859792146235,399.0,1,2,15,0.5945881487442313,0.7489507020967459,0.674977803914047,0.7841760822347481,51.05785989998322,53.31721241868984,Medium
SYN-0120,AREA-08,Canal Quarter,Peripheral,REC-01447,2.5849267284427637,219.31862501625017,49593,9876,132.0,0.49037754625469004,30.704311997666252,0.18782994586031204,54.0,0,7,25,0.5377238950493041,0.571219677458136,0.40607233472198645,0.8076845332338567,93.13794549717728,61.28506819122735,Medium
SYN-0120,AREA-09,West Park,Residential,REC-01448,3.3964884102320005,280.380475466593,45960,4818,127.0,0.6337839807225694,15.760673832243446,0.10052726959603948,223.0,0,4,20,0.6511087918858134,0.5285653626194536,0.19889409481308695,0.6518280281756033,53.662672585877935,51.99647894539104,Medium
SYN-0120,AREA-10,Lake Colony,Peripheral,REC-01449,2.270194059582959,187.28511147543685,10955,4801,27.0,0.4654116621190026,29.273796465169102,0.39677929994354705,74.0,0,5,7,0.5059257390266247,0.6827572122897096,0.7656013607568634,0.9748167254510935,90.14555141895576,56.631889452511125,Medium
SYN-0120,AREA-11,Industrial Ward,Central,REC-01450,1.4400205301558529,176.68363917926678,44519,13276,77.0,0.7877464884406467,9.70986810585985,0.177550270632701,324.0,0,2,13,0.0,0.5052505720301178,0.36675896705759337,0.8319594484908318,31.259124055892926,35.27464047236353,Low
SYN-0120,AREA-12,Outer Settlement,Peripheral,REC-01451,1.5924839050668995,127.10337309737399,60290,8323,118.0,0.4753913283326159,24.733682354977482,0.39390245028562554,215.0,3,7,30,0.4590302269264894,0.6019632000190377,0.5819304888750765,0.8023073981276378,78.29961960553229,53.84091294399008,Medium
SYN-0121,AREA-01,Central Market,Central,REC-01452,2.4625546833392242,187.61920583401437,49417,763,123.0,0.6937286316196041,12.911411173167187,0.19498851969201456,290.0,2,2,27,0.45007437498534236,0.5562746045285502,0.22517858231463928,0.953731090690241,35.01607396517189,49.09318021722305,Medium
SYN-0121,AREA-02,Riverside,Peripheral,REC-01453,1.8888087019509878,142.9974773921295,32534,4416,54.0,0.6431076306750708,17.039525410704602,0.28512130461730956,432.0,1,7,16,0.47495960292652517,0.4981190292250722,0.20232835184978537,0.6719079792538228,55.26066722984666,46.10760489996247,Medium
SYN-0121,AREA-03,Old Town,Central,REC-01454,3.216226291037071,256.4214188665691,35197,539,123.0,0.645192675034876,14.087307263715427,0.31129639276669324,399.0,1,4,25,0.3950815779432402,0.6006397500194727,0.4572224906515604,0.8063307608431098,52.97266643717916,53.05567364731104,Medium
SYN-0121,AREA-04,East Gardens,Residential,REC-01455,2.5154421466069676,195.44533994700234,18737,2216,48.0,0.5104073636744583,8.577731814715023,0.1619747902808307,337.0,0,3,12,0.20878113641718996,0.5325349278253814,0.13439726302783672,0.8516825172122702,52.30809961664362,52.08553605435344,Medium
SYN-0121,AREA-05,Hill Junction,Residential,REC-01456,4.787741918514575,377.37202690885886,43797,3973,186.0,0.3066896217152694,20.936711855436084,0.18356508518946496,183.0,1,5,33,1.0,0.7826400785713705,0.5915635513166169,0.7471077664534898,91.92753146796628,88.4257353918137,Critical
SYN-0121,AREA-06,South Ward,Peripheral,REC-01457,1.4978850023837245,126.93682097231525,17593,18076,45.0,0.5168796564112962,26.750487414928266,0.20226044152653255,333.0,1,2,15,0.13846488024294562,0.3861545771202836,0.16303434974718434,0.7408524437096747,78.73078109740187,49.29079003317075,Medium
SYN-0121,AREA-07,North Estate,Residential,REC-01458,3.050963221461271,233.33909836011696,23866,7107,75.0,0.5433323466567261,19.288332697356413,0.15560527662446402,261.0,3,6,15,0.4711920016875744,0.3420036921243812,0.5181813854304979,0.70654419490881,69.37198142729295,46.3302149749462,Medium
SYN-0121,AREA-08,Canal Quarter,Peripheral,REC-01459,1.985694259688895,176.6557432316412,19067,11860,34.0,0.7798173726965016,23.349944307167082,0.47151253036250423,314.0,2,6,10,0.3942436001369812,0.6220383492800898,0.3884385028142502,0.8971054840651137,63.82746848361149,46.41248792957877,Medium
SYN-0121,AREA-09,West Park,Residential,REC-01460,2.493335606187287,178.74278233934905,23457,18365,39.0,0.6124426844169019,18.649582732223987,0.42415887100891314,323.0,0,0,10,0.5083023335991698,0.8053679952271996,0.3589227956196849,0.8839775963741328,61.30566762005515,52.20266559735813,Medium
SYN-0121,AREA-10,Lake Colony,Peripheral,REC-01461,3.001192257165865,267.1628185842563,25420,13591,58.0,0.2959227050873905,17.703537791525154,0.4815611233941836,355.0,1,0,20,0.6296086649113585,0.6135209568532718,0.7153289574952683,0.7932476620553413,74.01447056347871,58.981146701586766,Medium
SYN-0121,AREA-11,Industrial Ward,Central,REC-01462,1.0277595785940006,128.97335559972947,7686,19038,12.0,0.774528147199862,14.890035544372203,0.4681336482089332,340.0,0,0,4,0.19809960318589637,0.2753027790096718,0.4794232623385942,0.6850349481015928,48.00570914515924,34.475310249729866,Low
SYN-0121,AREA-12,Outer Settlement,Peripheral,REC-01463,3.077517571923852,261.2295194714108,47344,8383,155.0,0.2558333199205953,17.009304798047495,0.16674567473338472,257.0,0,3,24,0.3864024885535575,0.6672004099758642,0.2548487130334923,0.7149063496371001,83.12194671324103,51.61099869777076,Medium
SYN-0122,AREA-01,Central Market,Central,REC-01464,2.776370057913614,191.45174377259218,30062,1142,79.0,0.45581544643522764,13.483876033228103,0.19606155740083947,119.0,2,5,14,0.5475242588861089,0.8422650334890319,0.4097823030625566,0.7912197565683257,57.24324127826631,58.51491128584255,Medium
SYN-0122,AREA-02,Riverside,Peripheral,REC-01465,0.8912934493994051,145.91021882956846,61850,3571,84.0,0.8357373507835313,11.500073540427953,0.23408785215966887,444.0,1,5,19,0.2352556350012503,0.10045050062198321,0.4089198574778068,0.7368704925979889,33.852600893710246,30.213577261146668,Low
SYN-0122,AREA-03,Old Town,Central,REC-01466,1.461890373538687,81.08333635623714,13805,18772,27.0,0.6217813592211314,17.632905704845104,0.16647025369979557,69.0,0,2,4,0.025844208647434863,0.29659248873354016,0.5232274850215768,0.9078026456178763,61.312305320869804,34.561020777627355,Low
SYN-0122,AREA-04,East Gardens,Residential,REC-01467,2.073981442594599,198.63511156069276,44314,19403,90.0,0.7471220288793414,9.85609354579245,0.04,289.0,2,6,12,0.5159057547641688,0.3299204223004849,0.6172625787355119,0.6777570164560887,34.45721591154308,48.240268666209175,Medium
SYN-0122,AREA-05,Hill Junction,Residential,REC-01468,1.1228812880726822,118.81066464056725,13699,12394,21.0,0.8458857407757332,21.66327515022398,0.14921000746581295,132.0,1,0,11,0.0,0.1876266540449648,0.34505527476857556,0.7867384790684389,57.64681886470022,26.451811743750856,Low
SYN-0122,AREA-06,South Ward,Peripheral,REC-01469,0.7892759372690927,112.96267105335738,36697,7113,52.0,0.7057179788911269,28.02310280375164,0.35652835602737876,298.0,1,5,10,0.25567586593611064,0.5138723213205095,0.35137410514113665,0.9606612758571076,83.11644377290958,42.66975290019851,Medium
SYN-0122,AREA-07,North Estate,Residential,REC-01470,0.05,38.43691947911247,33180,3516,23.0,1.0,13.90141122066607,0.3064697586888108,,0,3,9,0.0,0.6277074265609419,0.7354138976234148,0.768333616446591,36.56189342601016,10.76826309247168,Low
SYN-0122,AREA-08,Canal Quarter,Peripheral,REC-01471,1.766836663610258,159.0344354420526,30537,14928,55.0,0.5201234859728932,15.583059426194557,0.4863338017661592,48.0,2,0,16,0.379133915022401,0.3926622136125022,0.24424434485181337,0.9165071756504561,62.96325481012765,48.79345136324507,Medium
SYN-0122,AREA-09,West Park,Residential,REC-01472,1.1635093603111617,138.28108616177144,43419,7767,,0.9380100176556829,14.227666536195162,0.142348755708417,422.0,1,6,13,0.25514153135443124,0.1875380612717502,0.6234177695558243,0.7551728328939369,39.887788298307015,26.80501192126266,Low
SYN-0122,AREA-10,Lake Colony,Peripheral,REC-01473,0.4438970069837499,70.48943911229587,54262,18115,46.0,0.7340535831935954,25.890956399059622,0.6147113857576074,349.0,2,5,8,0.06952812862860355,0.3416968145166747,0.8905054721127587,0.8760059871241832,73.7248861603099,34.11958991685323,Low
SYN-0122,AREA-11,Industrial Ward,Central,REC-01474,1.3553214563164342,136.23111960904052,22295,13989,45.0,0.7638909694828727,10.91662265665915,0.5646763783460078,177.0,1,4,14,0.2800173061117106,0.5634168893465699,0.7257127923397846,0.8453052135122027,37.795751471198194,37.306158251180825,Low
SYN-0122,AREA-12,Outer Settlement,Peripheral,REC-01475,0.7870998026493343,100.2723406653109,55603,11420,69.0,0.7091639069814404,22.442154199540028,0.7380923466457131,185.0,2,5,25,0.12080946179187303,0.3112240987941207,0.31357435296679614,0.8326983103500484,70.57459711848053,42.592356023484605,Medium
SYN-0123,AREA-01,Central Market,Central,REC-01476,1.7889424873806412,223.78502260567996,14053,16847,30.0,0.832284879495642,19.40214034464021,0.561713096657547,267.0,2,2,10,0.3838311804185216,0.5780339761496048,0.12694855929703097,0.7016945044295686,48.92375588208408,49.00574688757009,Medium
SYN-0123,AREA-02,Riverside,Peripheral,REC-01477,2.6967163171600284,169.04247230051675,20814,8498,62.0,0.5677929852186638,12.881106199018262,0.37057208345785864,357.0,0,0,22,0.711685330980517,0.5197498583940644,0.33115704250384337,0.6679225397384912,49.046719673629795,49.555478535681175,Medium
SYN-0123,AREA-03,Old Town,Central,REC-01478,1.140977463213986,154.7392464376774,21916,12876,31.0,0.5256590152391859,11.489039783620804,0.2274745156217534,445.0,0,3,6,0.02921423165947931,0.5417417325915294,0.10257074224138513,0.6966218629911387,52.358598006323994,23.91871167624245,Low
SYN-0123,AREA-04,East Gardens,Residential,REC-01479,3.049535621132068,253.48702302558652,62088,5504,152.0,0.603574165394892,19.18285891883758,0.09084710105505522,387.0,1,2,31,0.12567837750276317,0.7774326156077414,0.5683671756284359,0.9141324026374096,68.34599966245105,50.65455314026787,Medium
SYN-0123,AREA-05,Hill Junction,Residential,REC-01480,1.0935344617783387,122.62260091973292,9910,19771,21.0,0.6375540355319629,9.214274450726137,0.3959431413325833,71.0,1,5,7,0.13237483159621338,0.629672246128105,0.4670616344584182,0.9992703149245702,43.98390597750176,30.785499843810232,Low
SYN-0123,AREA-06,South Ward,Peripheral,REC-01481,1.6815222655888507,112.82881508345804,27194,1477,50.0,0.6036282773548612,28.56590697255327,0.39703786156257076,,3,3,16,0.2221706029417917,0.6078951116540892,0.5808890012827962,0.7408726839370148,85.54924791978287,46.248695442625596,Medium
SYN-0123,AREA-07,North Estate,Residential,REC-01482,3.7500403475263235,320.018256789557,29027,5178,91.0,0.4620134687367106,12.722307477528256,0.5865519937715634,114.0,0,7,32,0.5796985435399636,0.95,0.733017093982026,0.7425959291251342,50.87212250458358,73.06468966686506,High
SYN-0123,AREA-08,Canal Quarter,Peripheral,REC-01483,3.1135672015869993,210.06303580104972,52504,1915,171.0,0.4018536042339997,18.428410738569898,0.27487934160785277,197.0,0,5,34,0.4077551924598531,0.541390367542674,0.2852754756636646,0.7844814768099173,69.20162395646223,51.532394802754915,Medium
SYN-0123,AREA-09,West Park,Residential,REC-01484,2.2897665862694137,234.69856915711716,32868,19010,90.0,0.7395309845741521,21.82277818633714,0.29610658989993666,58.0,1,5,15,0.48631986468242655,0.4908723183472784,0.39777750556780334,0.7761694461225114,65.2572209802389,57.84147213666192,Medium
SYN-0123,AREA-10,Lake Colony,Peripheral,REC-01485,1.4592592198720884,120.22260536670068,62926,13573,98.0,0.7621128971474515,13.399425378514337,0.340671369545184,411.0,3,5,28,0.07745033527287892,0.3737639398164124,0.4689222203394374,0.8732144598156735,46.59382943022962,38.96750199053124,Low
SYN-0123,AREA-11,Industrial Ward,Central,REC-01486,1.788265546913147,202.0997002662329,48769,5540,96.0,0.6568269282938445,8.293077608316274,0.2437632657385834,309.0,1,2,20,0.3521372705054569,0.4379064039253745,0.7152984160359964,0.8066087910009038,34.905537670067055,43.36506907077542,Medium
SYN-0123,AREA-12,Outer Settlement,Peripheral,REC-01487,2.270303643941619,167.96586225565568,46478,18440,107.0,0.46498184954849475,14.615650717985904,0.7358013004729439,92.0,1,4,52,0.4549998147997817,0.8156523989370569,0.46421558566309373,0.8687578497522204,56.41640632595688,60.79863742921519,Medium
SYN-0124,AREA-01,Central Market,Central,REC-01488,1.160283548332548,89.08505046620874,49557,14741,,0.8332439567951413,21.644099116898058,0.1079447680326232,392.0,3,7,11,0.2313565002336314,0.447592740282849,0.2688670617244062,0.6840718057119903,59.30103176264982,23.888129133711026,Low
SYN-0124,AREA-02,Riverside,Peripheral,REC-01489,1.057568218760099,107.46822828565737,12596,15285,20.0,0.5466925997056474,13.155006569083955,0.32290691602123334,345.0,2,7,9,0.23471856289246068,0.587601425832534,0.8167068572687405,0.9096284331636113,58.17531225556836,30.069822343375073,Low
SYN-0124,AREA-03,Old Town,Central,REC-01490,1.1055989511935218,91.21446838119321,30565,10847,51.0,0.7879787898103855,3.5063507734874664,0.24021064918229543,165.0,3,2,13,0.29817856255288255,0.2850798040868837,0.15016295836866275,0.9198113359722121,35.99456452586814,39.510077989726646,Low
SYN-0124,AREA-04,East Gardens,Residential,REC-01491,0.958764874696778,96.84193986725586,39133,6505,54.0,1.0,6.542170015331006,0.3178322992604279,172.0,1,5,7,0.16622197965362412,0.5810763725414548,0.6115079672640401,0.9825053986094143,17.63233391206048,33.003280892336996,Low
SYN-0124,AREA-05,Hill Junction,Residential,REC-01492,0.05,95.44919295559245,15529,18637,10.0,0.8122439321747141,13.780347787118057,0.13887516966516597,326.0,0,0,1,0.0,0.43639175106523315,0.3444031513724706,0.879169956166622,45.32314521757767,14.062066487813777,Low
SYN-0124,AREA-06,South Ward,Peripheral,REC-01493,0.717056368732203,71.60750700704929,9923,2715,8.0,0.7387980252598827,15.560378125102863,0.49624215785430575,248.0,2,1,2,0.1778738474236842,0.21222968284055735,0.4902039070780164,0.851565350381054,46.47206100171462,32.652844704630056,Low
SYN-0124,AREA-07,North Estate,Residential,REC-01494,1.8619642056503465,167.85160061927178,10985,5059,18.0,0.6682489136573374,7.869227341282638,0.21630212316807823,432.0,1,3,6,0.38237131612183,0.7201161385661637,0.8734417930306003,0.8534478814471994,38.88764037010625,37.67204573933875,Low
SYN-0124,AREA-08,Canal Quarter,Peripheral,REC-01495,0.05,92.60054691517172,51821,4462,37.0,1.0,21.21616460026943,0.573177570528692,410.0,0,5,16,0.11509505587958367,0.14625300457963353,0.575267911509968,0.6821130890220334,50.506643149677885,31.68183040717553,Low
SYN-0124,AREA-09,West Park,Residential,REC-01496,0.9786205532294464,112.36011910805618,43555,15374,47.0,0.7984497777475191,14.358097912824013,0.08118646276283867,423.0,2,1,7,0.0,0.2144433877031023,0.6380626730857236,0.7653431914413596,48.81974314513567,33.37187236362508,Low
SYN-0124,AREA-10,Lake Colony,Peripheral,REC-01497,0.4744618194441941,106.21169616605724,20082,17223,19.0,0.7559980390347933,22.17586767668755,0.14463305711085112,299.0,3,1,4,0.057053187425218775,0.5497483154205295,0.6213107662714277,0.961671225356869,54.17182082040349,18.911360505204527,Low
SYN-0124,AREA-11,Industrial Ward,Central,REC-01498,1.2193453059793584,137.5454706007664,48575,16915,81.0,0.7055998658266821,13.91432158443424,0.2092894973019233,356.0,3,5,14,0.07538002317234352,0.3367861380426866,0.6749563407523664,0.9594606080825699,47.94293789784965,32.269497458767944,Low
SYN-0124,AREA-12,Outer Settlement,Peripheral,REC-01499,0.8193584176074147,124.82340970899119,45950,5379,72.0,0.766408437963032,24.08902227944125,0.4215273552792158,217.0,0,1,19,0.2038755154613454,0.44065240135285344,0.45521696609507456,0.9840968608715235,68.06438876207497,36.632736203464304,Low
SYN-0125,AREA-01,Central Market,Central,REC-01500,3.619548399596395,274.8461736643592,53531,10980,177.0,0.5256832706593472,19.42248710787793,0.1000063911675057,349.0,3,0,29,0.6904631671599306,0.4155017195756091,0.1137551568429708,0.8849787335789421,68.84124362628278,53.87228600673444,Medium
SYN-0125,AREA-02,Riverside,Peripheral,REC-01501,2.8428999909688626,243.83095910712936,59380,11094,159.0,0.3756956195500079,24.176736979095864,0.5401327610996455,325.0,0,5,50,0.44088714342262725,0.3721648867732656,0.8118547385391188,0.7281465937244056,84.96656644973577,72.491729895816,High
SYN-0125,AREA-03,Old Town,Central,REC-01502,1.3881909349948904,186.06233329001589,57639,19313,90.0,0.9243000051873511,16.139861941236806,0.4218823808446337,248.0,2,4,29,0.14385299799746976,0.3672435852021664,0.5491353938253417,0.9407812053572608,46.098796716037924,43.21155651876906,Medium
SYN-0125,AREA-04,East Gardens,Residential,REC-01503,2.9746158769076185,225.00932263771875,13813,19896,39.0,0.6160814073475545,9.326865032303532,0.11094272808997127,131.0,0,4,7,0.5674049370090678,0.3920643293753687,0.8306473903364827,0.852587967950788,50.29535818586952,48.31110231785258,Medium
SYN-0125,AREA-05,Hill Junction,Residential,REC-01504,1.8179119826070091,172.29652143465864,50578,6699,112.0,0.8477202346868405,20.837795306417874,0.24333402027490203,435.0,2,4,24,0.2869962523953465,0.328181964013493,0.6891725409168987,0.6836581621525116,64.41624495679847,49.42956242936479,Medium
SYN-0125,AREA-06,South Ward,Peripheral,REC-01505,1.9760363705146327,149.66230592737224,27053,19980,65.0,0.563978644787161,26.9733468754676,0.2336891604749819,45.0,3,7,17,0.5005153945405685,0.5263436802094603,0.7025467092648187,0.6705399476376784,80.34183553428483,48.97208291277002,Medium
SYN-0125,AREA-07,North Estate,Residential,REC-01506,2.688688683702357,247.44513945867502,27695,17867,73.0,0.65276570398863,13.238092719639273,0.3607437439164363,85.0,0,7,22,0.6608691471149981,0.8119671585996336,0.622034486227378,0.868226377740748,47.762921416879685,58.10449830072173,Medium
SYN-0125,AREA-08,Canal Quarter,Peripheral,REC-01507,2.044235531832552,124.33519471103747,42944,4705,106.0,0.5682354461585529,19.416971377359623,0.1894443182440498,293.0,3,4,22,0.46079124780827874,0.4198777419602776,0.8692951606032316,0.8805474724667447,67.10794578596854,56.93355941865506,Medium
SYN-0125,AREA-09,West Park,Residential,REC-01508,3.151918120675024,237.55106306665812,40136,14810,113.0,0.7336532490444345,1.397243548152475,0.08570124481799252,198.0,0,5,14,0.553238575504943,0.5157289600257509,0.7354481898020786,0.7581019481931193,27.486910108009695,54.09436269472634,Medium
SYN-0125,AREA-10,Lake Colony,Peripheral,REC-01509,1.8180254184059432,189.92146484873882,28728,19189,59.0,0.6394281379076954,30.716500307311815,0.2411912962263884,393.0,1,4,15,0.522073222742908,0.6322238950342969,0.4483799235360312,0.9776314294606682,86.06320207191268,41.27020300933284,Medium
SYN-0125,AREA-11,Industrial Ward,Central,REC-01510,1.942476225543569,163.24103163091053,64967,5457,140.0,0.7291038022217002,3.9715336141088153,0.26419052566427914,60.0,0,2,37,0.3526324724601709,0.47764785140098115,0.31873210288875153,0.7117964489415165,23.33553457415876,51.55281009813614,Medium
SYN-0125,AREA-12,Outer Settlement,Peripheral,REC-01511,1.9125367527781725,112.1396326712673,13426,6518,27.0,0.5572558147285461,20.69073852168703,0.23331635691286434,326.0,0,1,7,0.26125285861315606,0.43730278843098824,0.41619444336290956,0.7041319948597184,73.88780498342632,37.097787287747806,Low
SYN-0126,AREA-01,Central Market,Central,REC-01512,1.5107879049577182,116.6292742233137,8557,17706,14.0,0.7265740576492598,8.177851082889786,0.36645039275410773,137.0,1,5,3,0.1707571317872912,0.2813508798796558,0.24542562251095756,0.7793104908262839,39.26786114213787,30.9966508656176,Low
SYN-0126,AREA-02,Riverside,Peripheral,REC-01513,2.84265214808,205.7832718235567,4316,16733,7.0,0.5105553482476592,16.84708184855939,0.49214968016584826,252.0,3,6,4,0.3893551705191992,0.45219510905627647,0.2905495537624603,0.8244262300388466,72.06591148935475,49.802596651951696,Medium
SYN-0126,AREA-03,Old Town,Central,REC-01514,2.466335938529992,249.05139919157446,53389,16379,125.0,0.7530634637305268,9.808695566183337,0.5767534774534625,218.0,3,5,52,0.4102916200747916,0.6532545809246146,0.22994782392767343,0.8130769479124887,35.75641573973686,63.665703435947734,Medium
SYN-0126,AREA-04,East Gardens,Residential,REC-01515,3.3312540668514066,281.7688566677235,27912,5095,96.0,0.4514774588915925,13.021397282724948,0.19516379601805595,98.0,0,2,28,0.6107794290813734,0.5571516533293874,0.1456359804687969,0.892090740678646,59.172231693456666,63.653709328149525,Medium
SYN-0126,AREA-05,Hill Junction,Residential,REC-01516,3.7774142667611534,313.83204531841284,29833,5558,104.0,0.4863515159145739,1.2100722267372879,0.2354546207243587,211.0,2,4,18,0.4597502117218821,0.44308268253206656,0.4144643602508232,0.7196105652077766,35.129827623701495,66.21612248533873,Medium
SYN-0126,AREA-06,South Ward,Peripheral,REC-01517,1.1387252780958774,78.58219116545143,43075,1260,61.0,0.742678799988871,13.235889669571861,0.6438451816669903,74.0,0,3,15,0.1359164350411932,0.5902284769924541,0.7074514502324252,0.8316782575255697,45.6466269021109,41.83601553282411,Medium
SYN-0126,AREA-07,North Estate,Residential,REC-01518,2.0196342055035803,172.88895922336658,29712,14668,61.0,0.760254833194572,13.87690271756296,0.05647632091221229,390.0,3,7,6,0.3621478225909509,0.4872891702789517,0.15539913361934696,0.8258171331857472,42.605771776528314,42.221938875838084,Medium
SYN-0126,AREA-08,Canal Quarter,Peripheral,REC-01519,1.0223386503270029,154.6225043970635,38374,16168,57.0,0.5319730207309333,25.526278762398693,0.27204238409340153,154.0,0,4,5,0.2476249273538063,0.24508600828897226,0.6134398249027743,0.9667576202927711,81.17987059580264,42.74980183868328,Medium
SYN-0126,AREA-09,West Park,Residential,REC-01520,1.3412141614431357,155.54137961194905,6153,16374,15.0,0.7012620934326423,15.176899384557931,0.5014312890983698,82.0,3,3,3,0.22042496332427738,0.3359396916719418,0.8838382495972373,0.9318188977087549,50.15493947192688,32.405795916733226,Low
SYN-0126,AREA-10,Lake Colony,Peripheral,REC-01521,1.4592328954372138,121.09258094578425,12265,9392,29.0,0.511806052224162,30.81078444320441,0.41944775615019786,434.0,1,7,11,0.2725464586322699,0.5829774717498204,0.46344882694642664,0.957830942479297,91.28817787960385,43.36604591686126,Medium
SYN-0126,AREA-11,Industrial Ward,Central,REC-01522,1.1175750043311299,137.69291956937957,60752,2156,92.0,0.8474856305918513,2.0022755913168417,0.19900132555012287,291.0,0,1,16,0.037639811882989455,0.2528830969083496,0.32132449000351804,0.9563662808143334,20.312101015313967,34.68220687911119,Low
SYN-0126,AREA-12,Outer Settlement,Peripheral,REC-01523,1.1217890853230186,75.86255036739155,30668,19726,45.0,0.6148327236679401,20.81910342021565,0.20646392827415508,229.0,3,2,11,0.07755043903253339,0.3814755365317295,0.5977604467353119,0.6851953944607184,61.75674972743117,32.9843803680689,Low
SYN-0127,AREA-01,Central Market,Central,REC-01524,1.3122474030066715,101.05214816365717,12961,17347,11.0,0.7567364293678562,9.788218927103529,0.19043517744167726,238.0,0,1,2,0.2114044800270231,0.5338003043529895,0.6470251319969109,0.826537091485791,37.13602949443556,27.66941963009515,Low
SYN-0127,AREA-02,Riverside,Peripheral,REC-01525,0.45430017111374976,14.506019977481571,25591,7400,21.0,0.6730843131747735,14.17722438106088,0.2232893816509013,369.0,2,5,3,0.13698282900842432,0.3663113159679242,0.33462560750828985,0.954818686489191,49.38576524299651,24.282324112920115,Low
SYN-0127,AREA-03,Old Town,Central,REC-01526,2.101376473132982,174.69214827157177,23424,14686,53.0,0.6574189093012462,19.70023728548179,0.43987994550160875,206.0,2,5,8,0.37798580725065356,0.4932207659379857,0.41924722392887703,0.9388099872156521,63.43930874196307,46.19179447417145,Medium
SYN-0127,AREA-04,East Gardens,Residential,REC-01527,0.6934720758888641,105.54855657374237,19637,7648,17.0,0.7680214772293068,4.014001773124314,0.2745828176394169,45.0,1,5,5,0.013719752927364548,0.2046887962547443,0.8515516467364851,0.9704236618264106,29.682039205984744,27.124666051067656,Low
SYN-0127,AREA-05,Hill Junction,Residential,REC-01528,3.675330081899989,251.4528712653949,20850,17143,67.0,0.5764028015779555,11.596436651482056,0.21928167217815653,314.0,2,7,21,0.5841675744242149,0.6841925405294396,0.5213263257533007,0.6648298850924065,51.74332244309426,62.1916462334027,Medium
SYN-0127,AREA-06,South Ward,Peripheral,REC-01529,1.0665673450513593,108.03894480969743,48079,11542,79.0,0.788187928068279,14.034786784877342,0.44082329099533973,233.0,3,0,19,0.3591818253204435,0.44510920432970186,0.8894874015976559,0.7969950404468771,50.89874359126538,48.37892270338689,Medium
SYN-0127,AREA-07,North Estate,Residential,REC-01530,1.4852890193565171,112.82824869450413,9172,19989,16.0,0.81008705106701,10.166082469572782,0.11640057537553142,89.0,2,1,3,0.31285915780434026,0.17892339358073198,0.5070911799848113,0.6905433820962165,38.71154705032569,34.86749391659012,Low
SYN-0127,AREA-08,Canal Quarter,Peripheral,REC-01531,0.3914019582500472,49.16757043636007,21853,16009,20.0,0.7889706942833251,26.60095023508275,0.41578525394446797,141.0,3,3,6,0.04572969450557253,0.4125561983847543,0.23109745166286333,0.6928830537765222,81.63081446089504,29.081561836430843,Low
SYN-0127,AREA-09,West Park,Residential,REC-01532,2.7925483123249872,191.5913091394319,31746,13166,95.0,0.36452082431817473,15.712472740985413,0.2102396888244914,193.0,1,1,17,0.34232430731447355,0.8195070340628133,0.7390859499987877,0.8455070087399612,68.79576040738127,41.575627427612616,Medium
SYN-0127,AREA-10,Lake Colony,Peripheral,REC-01533,2.3232754504652084,229.71309551467309,36258,904,84.0,0.4997566418754893,24.70867581649496,0.5175695369503245,430.0,0,0,17,0.30160804102072547,0.7861751852441838,0.7870299557747605,0.9950283710702438,72.7599355988315,64.91525171051046,Medium
SYN-0127,AREA-11,Industrial Ward,Central,REC-01534,1.6652076024117655,128.96660011853567,57531,9044,105.0,0.675496150419868,5.516500146248883,0.259157096668327,373.0,1,1,21,0.2783254438700497,0.4967171828205114,0.1243655361233313,0.9146274814180915,32.07469185696139,39.640993239538815,Low
SYN-0127,AREA-12,Outer Settlement,Peripheral,REC-01535,0.35023286679922294,56.74810019366604,60201,12867,64.0,0.8606403047199713,10.47998936391471,0.4230935084552029,121.0,0,1,30,0.09148579629853794,0.2507349280669718,0.2868588836505482,0.8381434874561032,52.50367372753908,30.827920356433864,Low
SYN-0128,AREA-01,Central Market,Central,REC-01536,1.4773680788978703,121.733294388925,21088,10283,38.0,0.8675333292108227,16.121410991768833,0.5836005883373108,129.0,0,7,15,0.3140956265618321,0.6149515487034356,0.46026645014134704,0.9426492507176158,40.841019592629834,46.860312711700004,Medium
SYN-0128,AREA-02,Riverside,Peripheral,REC-01537,0.4116897399043702,77.67802900635817,36204,5235,30.0,0.8613193559125586,12.228308313885682,0.13654657259825748,60.0,0,0,4,0.1151732267773861,0.2879243062003174,0.8362481808925638,0.8709392019481101,42.395309794831746,19.650701196079957,Low
SYN-0128,AREA-03,Old Town,Central,REC-01538,2.478718787496863,277.2932273206054,3897,12191,4.0,0.8045439668456297,9.194034765325314,0.06680370107337752,125.0,0,1,0,0.3686914344439016,0.4081228104218297,0.8075039016482763,0.6798827745494113,47.50298740521315,38.388667165188146,Low
SYN-0128,AREA-04,East Gardens,Residential,REC-01539,1.9561903622007124,252.2012772700339,41063,4876,86.0,0.6579356411656894,18.7223788986997,0.12166510586194312,106.0,1,2,12,0.26469913910634246,0.8476882734429452,0.6229453181602774,0.8694059458270094,54.998395146493415,37.490485999515556,Low
SYN-0128,AREA-05,Hill Junction,Residential,REC-01540,1.3851858075083632,124.93803058937647,12056,19131,19.0,0.7329008811903519,9.59908348366486,0.059398387392734196,254.0,1,5,8,0.4765029671261539,0.18448426007882937,0.7108758177104056,0.6770943336898427,47.823117838518556,32.3145314738521,Low
SYN-0128,AREA-06,South Ward,Peripheral,REC-01541,0.05,57.25679214505279,7077,2214,4.0,0.9975453874683092,19.774038039714263,0.27051147873175624,,0,5,2,0.0,0.5711387326958673,0.21569063210540387,0.7804924200547877,57.57924136884497,14.516431757403728,Low
SYN-0128,AREA-07,North Estate,Residential,REC-01542,0.5221017937909496,104.28955449133097,44482,5737,54.0,0.9468517162138431,21.11672358956051,0.04,264.0,2,6,7,0.0,0.3020301067986687,0.5540158989600584,0.7785814274501311,53.03722692415729,18.861631519362106,Low
SYN-0128,AREA-08,Canal Quarter,Peripheral,REC-01543,1.8590434819980721,200.01858773221937,13633,665,35.0,0.590094063655204,29.090258260612657,0.23985922447327582,169.0,1,1,13,0.11319448296671958,0.5795795377823095,0.725932994575134,0.9951446549516079,75.24557131165173,38.49393197319717,Low
SYN-0128,AREA-09,West Park,Residential,REC-01544,2.279141530096699,208.74184515336924,32335,4637,63.0,0.902502723173836,2.9083772144081896,0.4599008294032237,317.0,1,6,11,0.33747425522721775,0.5109206713790075,0.2883857132769515,0.694602285284226,22.859809181168394,51.382411409359264,Medium
SYN-0128,AREA-10,Lake Colony,Peripheral,REC-01545,2.1961704259118795,217.46277721691638,8809,6424,18.0,0.6418638060582589,28.203790486551203,0.2306756779633155,448.0,0,3,5,0.47882646279866625,0.661026217706259,0.20029891222958815,0.94660607431577,80.39253811784151,41.541492979931235,Medium
SYN-0128,AREA-11,Industrial Ward,Central,REC-01546,0.05,57.15982135825677,49104,18918,34.0,0.97013469912791,11.386564877191407,0.3494761854049412,430.0,1,6,11,0.0,0.28686768667848966,0.5799016725209593,0.7562635103887502,33.13874144737347,42.90434222563301,Medium
SYN-0128,AREA-12,Outer Settlement,Peripheral,REC-01547,1.5500764221684973,123.4089595999922,50300,13112,98.0,0.5806759232587344,26.757428242074617,0.6546719559735756,421.0,3,4,42,0.4356478153946075,0.3754908188007422,0.8358060624377095,0.8181696427035048,83.75122825629103,56.4196865344714,Medium
SYN-0129,AREA-01,Central Market,Central,REC-01548,3.5207049867799314,303.37115315554337,38425,3384,131.0,0.6662828224408738,8.394555527055282,0.26761353736601434,273.0,0,3,26,0.5859103790466952,0.6663810339340613,0.8789413962554222,0.9604175822513243,40.30695194903715,54.34409442670381,Medium
SYN-0129,AREA-02,Riverside,Peripheral,REC-01549,1.3816243611277916,135.51158882666834,54745,8837,95.0,0.7114122319488695,30.101736021759258,0.18476206909600196,274.0,1,1,25,0.363417694864241,0.5678994518928864,0.4408562477646861,0.797129721704849,73.9309920419902,39.650727899218545,Low
SYN-0129,AREA-03,Old Town,Central,REC-01550,2.7019692012949985,227.2210011226697,29800,3484,74.0,0.6246663421633114,17.72771001316606,0.38069167262379455,280.0,1,0,17,0.35940166431252535,0.4485943877460197,0.4738679640835237,0.8867895911564799,60.00079602618961,44.46116469483817,Medium
SYN-0129,AREA-04,East Gardens,Residential,REC-01551,2.927366732240353,191.19375095065377,14153,2768,45.0,0.6713218287809612,10.437551145326125,0.10060995890855251,380.0,2,2,10,0.3988284480230172,0.45147713448124294,0.60102047259918,0.9593558929683768,45.94685519618892,52.152595927536375,Medium
SYN-0129,AREA-05,Hill Junction,Residential,REC-01552,2.4676811457162,178.894499124136,11958,12004,37.0,0.7601351824222089,8.57511135235248,0.19107046624790341,148.0,3,1,8,0.4222056753522967,0.7049177840428075,0.13009058555218012,0.7195922144228121,39.32097805720331,48.512100257982794,Medium
SYN-0129,AREA-06,South Ward,Peripheral,REC-01553,1.2265633292726263,109.7679719963058,16204,10078,30.0,0.7742655320407399,14.431967687408614,0.6848730302070669,203.0,2,4,10,0.2623337815068253,0.34373477337070385,0.534006477345305,0.7656295408080075,54.39259823805298,45.1769190736782,Medium
SYN-0129,AREA-07,North Estate,Residential,REC-01554,2.4477343255346047,216.50138396195555,15019,3940,43.0,0.7633942635009885,6.783275467307164,0.07018743824791561,179.0,2,5,8,0.3864808518145197,0.490889650002714,0.6021596764323224,0.8626814793152944,23.436194532019194,35.97570761992413,Low
SYN-0129,AREA-08,Canal Quarter,Peripheral,REC-01555,2.4464484693895687,254.47188892376786,22700,16548,52.0,0.5916621373537821,19.283349228840994,0.4536206831672221,405.0,3,5,15,0.4428372656466223,0.677473108653238,0.20000285156955508,0.7805916032639464,70.0564957209201,46.78922279953605,Medium
SYN-0129,AREA-09,West Park,Residential,REC-01556,2.5898348899553842,233.2921230706198,15896,19493,50.0,0.7040099854178734,8.438582885292275,0.23132182100690504,126.0,2,6,15,0.5022574627399252,0.6421777052692859,0.7633031135937358,0.8047814965799283,36.90915599148004,49.33861287721536,Medium
SYN-0129,AREA-10,Lake Colony,Peripheral,REC-01557,2.257515673253532,182.83965763477792,39442,16807,84.0,0.47615126316329326,23.52645685799192,0.367576074174156,126.0,1,3,20,0.205791930636118,0.7498084025367546,0.5283360895605538,0.9001308305724552,79.0429285249952,47.266329920326285,Medium
SYN-0129,AREA-11,Industrial Ward,Central,REC-01558,2.353883091000414,164.93493203303933,11772,17709,31.0,0.8876988330540491,14.346332876211425,0.15423307674153527,189.0,2,1,3,0.3514013545973722,0.40441719751047583,0.7947912428729009,0.9537550675754247,47.62982902393878,35.213725043069715,Low
SYN-0129,AREA-12,Outer Settlement,Peripheral,REC-01559,2.6765277877160054,252.97160864585507,41362,11837,115.0,0.35724491064087494,14.063349731430979,0.6155395484562467,205.0,1,2,35,0.38384606113216346,0.5414588006222566,0.5435778953461796,0.7819294464170288,60.13933331512624,57.896583923150224,Medium
SYN-0130,AREA-01,Central Market,Central,REC-01560,1.8569773630473696,171.8383363908779,23381,4995,40.0,0.7771484829130652,6.475976562114061,0.29125911143847977,330.0,3,2,10,0.25308156826005734,0.49750848898218036,0.3465682670463337,0.7431506227501209,30.047048187626153,48.44517941898269,Medium
SYN-0130,AREA-02,Riverside,Peripheral,REC-01561,1.259472268786267,27.421019791543927,45422,11262,71.0,0.5432618353884896,10.949137912724266,0.533784956936741,89.0,1,6,22,0.258737372219913,0.624505277892644,0.3997067927324406,0.9061747827705554,53.085320788999255,41.55716378874465,Medium
SYN-0130,AREA-03,Old Town,Central,REC-01562,1.1752945363771992,149.23009529264522,34557,4163,51.0,0.8236833162468774,9.03161217171663,0.061771422530591945,127.0,2,5,7,0.13530769045966157,0.19486957788540035,0.8640795222094492,0.8589488291268265,32.25430979029706,35.88707604339206,Low
SYN-0130,AREA-04,East Gardens,Residential,REC-01563,1.5768969096751673,155.27479367532425,59074,7632,91.0,0.7106791961013064,10.942462801653924,0.04,424.0,0,6,12,0.022206835267107705,0.23150281102022224,0.4608863736935428,0.910028931864012,45.210383990461864,40.849647447258626,Medium
SYN-0130,AREA-05,Hill Junction,Residential,REC-01564,0.05,0.0,29992,8274,17.0,1.0,3.2069511862285323,0.41545396203296775,302.0,2,2,5,0.0,0.0977967502324524,0.5067291653904579,0.9790172630390397,11.124853836598877,19.63842978002788,Low
SYN-0130,AREA-06,South Ward,Peripheral,REC-01565,1.8846417808527671,182.72448046399745,20940,10034,49.0,0.65716107244353,11.787710795217892,0.3999278320471875,178.0,0,2,13,0.18637823972446366,0.6106248701022343,0.706805924689406,0.7302855231436578,53.43554474668062,41.545380116962924,Medium
SYN-0130,AREA-07,North Estate,Residential,REC-01566,1.5025632013732335,141.7610102823152,39319,16411,74.0,0.6748811074483962,6.6240537619374456,0.06676442537903717,438.0,2,6,16,0.30998703797077776,0.6120748261013692,0.7521123599851066,0.9154446975301556,40.110663442378524,30.60603498880607,Low
SYN-0130,AREA-08,Canal Quarter,Peripheral,REC-01567,1.53476850034965,101.83416744197933,43672,15551,82.0,0.6616026753568599,20.319905399969727,0.48833963656441354,140.0,0,5,16,0.35247838908072143,0.4432794702178676,0.8362057856121173,0.7451494001754875,60.444267018494344,54.32468523477706,Medium
SYN-0130,AREA-09,West Park,Residential,REC-01568,2.271601125147172,250.368113247919,29952,13719,63.0,0.8492167491741497,21.652122934076164,0.4716895534052744,301.0,0,0,20,0.11762072432172466,0.2718147086794196,0.6542299870440459,0.7360178412964331,64.8772584424162,45.009875180777854,Medium
SYN-0130,AREA-10,Lake Colony,Peripheral,REC-01569,0.05,57.95516649246841,37482,8934,25.0,0.7155281882998248,29.216553375047848,0.3075388468649835,130.0,2,4,7,0.0,0.7015003093450873,0.33838555712873875,0.9020235991128093,82.00827404571969,26.219821599974473,Low
SYN-0130,AREA-11,Industrial Ward,Central,REC-01570,0.05,30.25224904500772,31929,1180,17.0,0.890513547700552,9.366779023186115,0.4400489304405396,321.0,2,0,2,0.05073809614363821,0.34025741741307514,0.21956443257936337,0.7502825603095041,28.42765340707892,22.193662124730604,Low
SYN-0130,AREA-12,Outer Settlement,Peripheral,REC-01571,1.7220567553304162,129.9583619861678,21614,16897,42.0,0.742202612003582,21.677746546133704,0.5921507875729044,234.0,3,0,13,0.11794444299754842,0.4488233426875442,0.46731811336431694,0.6544757948302449,67.18300623062204,39.66688658434126,Low
SYN-0131,AREA-01,Central Market,Central,REC-01572,3.6779036580061315,274.83195067607744,22097,4332,71.0,0.49440006546871196,12.752908140398935,0.175508684728171,97.0,3,0,10,0.7069032482626472,0.7842853203566154,0.17549390305664458,0.7976686885472403,59.375651618103134,64.04260583645465,Medium
SYN-0131,AREA-02,Riverside,Peripheral,REC-01573,3.8197386966624896,285.02974624346854,59213,12469,217.0,0.3633751740461991,17.204733555634995,0.6017024639999942,246.0,1,0,82,0.7625411002938816,0.5835797200323358,0.8312185498424702,0.7766424118900455,62.029137788822126,79.613386662905,High
SYN-0131,AREA-03,Old Town,Central,REC-01574,3.3138954819709876,274.1934311983222,44708,3341,144.0,0.6587309143671409,18.994126496452,0.2539510001292547,224.0,3,3,34,0.532874037594643,0.49017640660315287,0.8838931285667665,0.6584230679884918,49.56316997132106,52.81715481911551,Medium
SYN-0131,AREA-04,East Gardens,Residential,REC-01575,4.215080081500889,308.2952258395137,8467,8438,36.0,0.31460054437408036,7.123926119140544,0.4380945838200829,315.0,3,0,8,0.6096439549746039,0.49594376528851647,0.5169167740654875,0.7723047771558172,49.71408699034663,69.133395564212,Medium
SYN-0131,AREA-05,Hill Junction,Residential,REC-01576,4.42970821650184,317.0167646401376,62629,3685,241.0,0.31752062207803083,9.969188314134994,0.5987249636435847,407.0,0,4,94,0.46101658769326914,0.8246016266342058,0.13099457777233203,0.7764417166165913,53.62069122153194,80.43833622430428,High
SYN-0131,AREA-06,South Ward,Peripheral,REC-01577,4.070782977270166,310.83602909069015,47000,18491,175.0,0.2329733592061561,29.044889671372346,0.22982237665318578,371.0,1,1,33,0.7761468649163596,0.6300589990355602,0.3367692323203544,0.8361476437846294,102.01782643639086,75.84531863257537,High
SYN-0131,AREA-07,North Estate,Residential,REC-01578,3.4749343753852773,254.25705757500836,5635,8373,18.0,0.4717248217657936,8.264360354892577,0.16428678979283332,175.0,2,1,3,0.8194601666720421,0.6953163622877931,0.4107191929728038,0.8222975793648113,44.3988781355268,57.3865359486053,Medium
SYN-0131,AREA-08,Canal Quarter,Peripheral,REC-01579,1.9974456320174214,167.83502458826592,47992,17806,97.0,0.7611002617112823,20.732877654286447,0.75470366066077,328.0,2,0,40,0.5483857491364553,0.6059573100843623,0.4125413005292766,0.7074015778490151,58.08064385010229,59.70119537575624,Medium
SYN-0131,AREA-09,West Park,Residential,REC-01580,4.298986108538647,362.3590121761532,39351,9110,189.0,0.194012333341648,19.2823066356647,0.23706353517399814,267.0,3,2,31,0.6931008626575805,0.7903010589948976,0.6624705093562613,0.8939187930182074,89.93913968762779,77.82246638171783,High
SYN-0131,AREA-10,Lake Colony,Peripheral,REC-01581,4.660980075083018,329.92268817739495,59707,8273,237.0,0.08415653217916863,16.877605747332552,0.43409733832689534,241.0,2,0,82,0.6457089143876886,0.95,0.8851545439478541,0.9696911146416409,86.76028907719612,79.26311594435138,High
SYN-0131,AREA-11,Industrial Ward,Central,REC-01582,4.199243871696128,309.16114424188817,33085,7879,121.0,0.24822388988736058,21.19573551627965,0.27107994541618796,128.0,1,4,36,0.8003888857753972,0.6984380723880033,0.11963482110431256,0.9281198920894005,74.92208603516076,80.07463809151983,High
SYN-0131,AREA-12,Outer Settlement,Peripheral,REC-01583,2.979883200214939,210.78466223615305,34911,14955,96.0,0.6310196260522247,14.274582789567468,0.24130709853389687,259.0,0,3,22,0.48142294689758,0.6209042900725672,0.8724293565112543,0.7055281496343233,60.14178110756928,53.19484035932082,Medium
SYN-0132,AREA-01,Central Market,Central,REC-01584,3.2283022086683477,282.99512722139775,22169,15568,87.0,0.4743096986224597,15.367647832582342,0.4422580041515041,177.0,3,7,19,0.5954261749486015,0.8682397212843652,0.8335877926381458,0.843421692019507,69.69124700581037,51.67432287131035,Medium
SYN-0132,AREA-02,Riverside,Peripheral,REC-01585,3.3776904601032975,208.86342454474777,22601,18617,77.0,0.36792249805533844,11.260777525298561,0.45519954339316004,439.0,1,5,20,0.5992786144128497,0.45701452260940284,0.7849046143901729,0.7160187435528709,57.201283547425426,52.16471030843708,Medium
SYN-0132,AREA-03,Old Town,Central,REC-01586,3.93631969197341,270.9450926364882,41120,1591,157.0,0.2551591417732102,12.278960616463223,0.27164043546457306,228.0,3,3,33,0.6672136976971452,0.4405457924952282,0.44900676784714066,0.7896254396021514,62.49284636204383,70.6648118842185,High
SYN-0132,AREA-04,East Gardens,Residential,REC-01587,1.988378754351775,190.65835626706723,54233,11978,,0.6901406500508412,4.347255704479048,0.0876962741618575,223.0,3,3,21,0.45481811547653295,0.6518788392428121,0.41326190094642634,0.9569326858779875,21.736437922957165,39.003409770514516,Low
SYN-0132,AREA-05,Hill Junction,Residential,REC-01588,2.5081030260988304,198.51502976062375,58166,5274,165.0,0.7528481828471997,14.198054264258337,0.12024480230904733,72.0,2,0,22,0.5458973393001458,0.6432817753899518,0.483583677072675,0.6909295587898266,41.66580735800445,46.20183765044068,Medium
SYN-0132,AREA-06,South Ward,Peripheral,REC-01589,3.287084334648905,280.1446469606169,50675,18774,153.0,0.45016303894190873,22.953269596629312,0.3248704207006738,171.0,0,4,34,0.48512486694276336,0.3319562535343802,0.6228623486382635,0.9793121516969678,77.44922679404227,68.61928072928936,Medium
SYN-0132,AREA-07,North Estate,Residential,REC-01590,2.7351947508846672,211.99340590623527,40610,5533,116.0,0.6041290487203115,9.74572669894915,0.5326283845489591,445.0,2,4,49,0.3450922952477401,0.4828627214375379,0.31039773132988335,0.768002497472011,43.07699594005168,68.78329642226387,Medium
SYN-0132,AREA-08,Canal Quarter,Peripheral,REC-01591,1.7954046120931213,136.53738321701093,33769,2056,62.0,0.4408570912527542,29.42144267427998,0.6874648077796451,,1,2,30,0.0,0.45034182850313365,0.42015158762339755,0.8666788064860066,89.59867808953265,48.41458411810602,Medium
SYN-0132,AREA-09,West Park,Residential,REC-01592,3.0209597217555038,232.69280874319466,23725,7580,78.0,0.5377113884772728,19.719506319874558,0.22642490970313664,342.0,2,2,18,0.4619539237472754,0.7352046846659182,0.8676721747289527,0.822814119410655,69.82529237462599,53.67712094255882,Medium
SYN-0132,AREA-10,Lake Colony,Peripheral,REC-01593,3.1521960007862746,206.14249870900497,50491,18793,154.0,0.45632233156102736,25.43460430452157,0.18305545152898017,315.0,1,5,30,0.3941669811096857,0.659368288214031,0.1588182990847818,0.8437112715173325,91.60287687598571,56.9037574339076,Medium
SYN-0132,AREA-11,Industrial Ward,Central,REC-01594,2.7596370107989427,194.60374263582275,22384,12075,52.0,0.49463183564415136,16.11268913110827,0.2943955265180089,235.0,0,5,16,0.5102431320794745,0.3804605796574664,0.26193131798505465,0.869460261802482,59.59902657760523,49.93286890523794,Medium
SYN-0132,AREA-12,Outer Settlement,Peripheral,REC-01595,2.8649346354780967,253.59728454210443,19242,13793,52.0,0.5574960899904121,11.432788898180924,0.35951069721913886,424.0,2,2,12,0.43718507373156457,0.790782298984291,0.1331522052569919,0.681095901566191,47.73344212883597,45.7399277769129,Medium
SYN-0133,AREA-01,Central Market,Central,REC-01596,1.805489013757095,149.59373857184033,56741,12145,122.0,0.853439763671415,7.7946838115246315,0.4023636001428136,167.0,3,6,34,0.2736233975905071,0.6636501095080846,0.5745528206887212,0.7200772308336079,30.893476058195922,53.3047870770378,Medium
SYN-0133,AREA-02,Riverside,Peripheral,REC-01597,3.1950768836785266,246.7730434414566,39344,3583,113.0,0.3692513912465148,14.26640774671925,0.5777837943822706,184.0,0,2,43,0.6299487454366468,0.41010137827293447,0.5157335928096071,0.9136048700474256,62.562994294721946,70.49994531687717,High
SYN-0133,AREA-03,Old Town,Central,REC-01598,1.2918999881355377,127.7119455155879,24638,18211,42.0,0.9062338649136292,9.159481822373317,0.13042747145526126,337.0,0,3,4,0.2629872262933056,0.8318362126681741,0.1523239153308813,0.9125694893223245,40.65192488487817,26.45711922940558,Low
SYN-0133,AREA-04,East Gardens,Residential,REC-01599,1.542597124894656,93.21593648692004,56573,2845,107.0,0.7708676508166642,3.2925695853954817,0.0756021978212231,248.0,1,7,18,0.24309671362337712,0.5199978146244854,0.46953987355617044,0.8443245664768442,24.87779460574619,33.45074753947187,Low
SYN-0133,AREA-05,Hill Junction,Residential,REC-01600,2.0212421459276997,124.61871196710462,62667,6522,147.0,0.8546826573595796,7.683514907179481,0.41193780815777276,198.0,2,5,39,0.5392447721001811,0.6456514232504695,0.25629467658091887,0.9810815607471733,35.841457850525266,51.00330951960047,Medium
SYN-0133,AREA-06,South Ward,Peripheral,REC-01601,2.715616957266393,227.9627960858906,22374,14748,61.0,0.7439117051896746,21.98949641505761,0.4684819081923345,295.0,1,3,20,0.5411806961710296,0.5830738666906359,0.6168589664273714,0.665366309448502,77.27438299818827,51.46890636352192,Medium
SYN-0133,AREA-07,North Estate,Residential,REC-01602,0.8145551990300497,80.63401519167704,35088,18575,51.0,0.7547224143038034,4.490012222506444,0.29419710004521243,378.0,2,4,16,0.08585589738904457,0.44112510779438135,0.7466585875993287,0.9658242207399715,37.58675534414436,40.69400202089952,Medium
SYN-0133,AREA-08,Canal Quarter,Peripheral,REC-01603,0.9642163352933277,96.0694310020176,32721,5362,54.0,0.8373478414845339,12.220860348626653,0.169078576024,330.0,1,3,11,0.11615233063463237,0.5087629712763133,0.18566774106785325,0.8016549785096025,40.14973279706036,30.582272230113105,Low
SYN-0133,AREA-09,West Park,Residential,REC-01604,0.3822709289179047,83.3062541018192,46353,19283,42.0,1.0,15.840357909895584,0.19152383269676448,216.0,1,1,8,0.15831738470680173,0.47954349530632134,0.703977015499185,0.9693230864154585,39.45784714440695,25.97729456678078,Low
SYN-0133,AREA-10,Lake Colony,Peripheral,REC-01605,2.038609915308296,144.470235680731,61940,1163,130.0,0.4781129710146186,15.185452188858699,0.2557599028198232,56.0,1,0,27,0.36410980302358775,0.7108029332209282,0.4527358534531617,0.8131536888473105,56.57609912726947,50.18062082135439,Medium
SYN-0133,AREA-11,Industrial Ward,Central,REC-01606,1.117809081340444,95.65480762785045,36783,10328,57.0,0.7744922484260987,11.04246477067774,0.15058801959085252,369.0,1,6,13,0.051762348316663376,0.5214563430621418,0.5104202559970711,0.919572542457312,41.736438198702075,37.46131085003537,Low
SYN-0133,AREA-12,Outer Settlement,Peripheral,REC-01607,1.7048136470913455,140.2344615021221,52388,4430,99.0,0.5709608376197072,27.607266993533283,0.25327217399142005,409.0,1,7,16,0.391501148621926,0.47432635938335244,0.4595282917899709,0.9943924709441256,74.60032549234063,47.295484701394706,Medium
SYN-0134,AREA-01,Central Market,Central,REC-01608,3.2468483222946607,261.14281080833933,39725,17643,120.0,0.5295074862544128,8.949539833778337,0.31709335164763647,343.0,0,7,24,0.6920092510727355,0.489329426877669,0.6733546787195154,0.9559414516212226,58.02750044427765,60.10574538491233,Medium
SYN-0134,AREA-02,Riverside,Peripheral,REC-01609,2.204511593755017,172.50956851809454,57939,2548,124.0,0.5286045161278231,12.070029474344674,,112.0,2,2,23,0.5091852631198709,0.2837901872060252,0.6697272845730284,0.6812633377761628,50.38022121369129,53.51300721851736,Medium
SYN-0134,AREA-03,Old Town,Central,REC-01610,2.902771388575986,209.69484569055146,27786,11781,93.0,0.5698178550327521,17.49203838008922,0.3375871344746308,395.0,3,3,13,0.6689251116110666,0.7105646931562828,0.5696495602029156,0.9246821135655627,62.498045253539836,59.70342394279013,Medium
SYN-0134,AREA-04,East Gardens,Residential,REC-01611,2.4782754441799164,251.89476453021524,26577,3822,66.0,0.7536000372081919,16.508661354579466,0.13688772704137953,132.0,1,5,13,0.6613496829101584,0.6911800811491522,0.2809894212820059,0.8121107773438829,54.34824724238816,52.36513371266041,Medium
SYN-0134,AREA-05,Hill Junction,Residential,REC-01612,3.255437222458444,252.80162374776208,28901,2557,89.0,0.316741382229479,13.814548204743975,0.18942378193843487,396.0,1,2,12,0.7501679546484888,0.8180914010521674,0.4040729353936351,0.7511869435615719,59.07783239639195,59.52191333243037,Medium
SYN-0134,AREA-06,South Ward,Peripheral,REC-01613,3.0978482242597014,261.00257003723715,64781,10817,220.0,0.32943403800667675,21.29625805124298,0.618280114394636,324.0,3,5,72,0.5571874511877836,0.9063473274745157,0.7513133911508932,0.8992501415233474,84.53615844781329,73.11527516698997,High
SYN-0134,AREA-07,North Estate,Residential,REC-01614,2.1641988134416064,126.39321013448424,40715,5906,101.0,0.777403535263359,16.796003981485946,0.17036800329509444,245.0,1,3,27,0.33568845720535073,0.44696222517263257,0.3503977610874759,0.8018838395111038,54.98110731296523,51.19654368462607,Medium
SYN-0134,AREA-08,Canal Quarter,Peripheral,REC-01615,2.582824367660932,169.2396304756179,12035,10895,36.0,0.5847377263619744,17.418606954459364,0.3124226163106477,121.0,1,7,9,0.21091852430323216,0.28024444324355025,0.8344504585410861,0.8557890129016064,60.19911602834219,34.33527358939326,Low
SYN-0134,AREA-09,West Park,Residential,REC-01616,3.55274048855769,288.4992012991043,5055,6226,18.0,0.37559126831791656,7.923510855177473,0.18319731206983658,214.0,1,6,2,0.5934275562124203,0.5139575787243905,0.3303473992398458,0.9238198119561611,52.84802598570758,54.588909446788264,Medium
SYN-0134,AREA-10,Lake Colony,Peripheral,REC-01617,3.0324472665845716,229.88121117922708,34923,9241,131.0,0.5226216167146003,23.175693342227284,0.6674402401701808,94.0,0,7,34,0.5677042048335295,0.4537916599722231,0.5402957465395875,0.9379103946329603,75.15484758690664,64.82442617966538,Medium
SYN-0134,AREA-11,Industrial Ward,Central,REC-01618,1.600176124180389,132.42179838389092,52856,4636,101.0,0.9351993774331187,4.4950079866055415,0.13278384234170149,329.0,1,6,21,0.271922369348014,0.7297262354441583,0.589117183052829,0.8135102614785594,21.638469910035557,35.665593730105314,Low
SYN-0134,AREA-12,Outer Settlement,Peripheral,REC-01619,3.2422402193184006,222.23259999707477,32454,15062,,0.4202031875595627,23.297668175630687,0.4141964963156034,429.0,1,1,26,0.31378685004571005,0.5526274138814331,0.2349477067180148,0.8041554142788575,76.5679128404487,64.01177988200119,Medium
SYN-0135,AREA-01,Central Market,Central,REC-01620,0.20821468932683507,82.76215803061612,37513,18155,36.0,0.8498946208465767,19.20835496935427,0.1362507189160158,381.0,1,6,5,0.0003078863714903457,0.8723679486830354,0.4940128026966102,0.7945920076192474,55.15169809485165,25.045604753835676,Low
SYN-0135,AREA-02,Riverside,Peripheral,REC-01621,2.2059136432446307,203.0165322288644,52402,810,117.0,0.6761666007034614,20.817523181562944,0.24301255612461953,303.0,3,0,34,0.44509211973690693,0.5184010322414855,0.30892521090598335,0.8868598681860879,66.82125742858649,44.70302033491647,Medium
SYN-0135,AREA-03,Old Town,Central,REC-01622,1.8951822591486458,161.23069310191153,34771,8696,66.0,0.9414399354356944,2.741511797675318,0.0604198946533298,440.0,3,5,10,0.19275390566243822,0.591981658114216,0.29124953414056365,0.9816817270210749,13.830016523564884,30.29481529004331,Low
SYN-0135,AREA-04,East Gardens,Residential,REC-01623,1.3078115680105462,132.38255930349703,59288,17836,89.0,0.7105695440657758,14.920133004614408,0.15742446621545853,428.0,0,7,12,0.23785154409688847,0.6202888925749483,0.4901346267381138,0.7437920007051031,52.983327795107265,32.55644888956829,Low
SYN-0135,AREA-05,Hill Junction,Residential,REC-01624,1.2016894620247804,108.96095754169305,42370,18859,63.0,0.8364737241905348,19.255805502594367,0.0633919648153664,446.0,0,6,17,0.2520768171096402,0.1540316821273103,0.33839543454143994,0.750025226108635,45.5452693485594,33.3054834120151,Low
SYN-0135,AREA-06,South Ward,Peripheral,REC-01625,0.9086773824538896,78.54820461178164,48196,19802,63.0,0.8836038426428979,14.1337667414303,0.27524187220065033,65.0,1,2,13,0.2856023473320709,0.0927285820304645,0.5745077939236349,0.876759710022283,49.262975568034506,30.43214168864338,Low
SYN-0135,AREA-07,North Estate,Residential,REC-01626,1.6187223483958482,129.6531535253765,51341,1962,89.0,0.7872219170201636,13.855827855270826,0.042807297920397315,439.0,2,5,13,0.4752997052012575,0.31423335683792686,0.6671426804779642,0.8067827360273028,40.232931065067326,51.5909171151623,Medium
SYN-0135,AREA-08,Canal Quarter,Peripheral,REC-01627,0.7792806517061763,113.58574383896436,41676,18922,54.0,0.5612251488001652,14.139517065476833,0.4080206384982208,54.0,3,6,16,0.0845409811044161,0.5016062378925905,0.6825451973189525,0.6665249617148903,47.33829326175413,40.43051639330082,Medium
SYN-0135,AREA-09,West Park,Residential,REC-01628,1.2643590837877408,110.3453084225254,5629,2030,9.0,0.8761998545240121,18.214143237142235,0.3846773848516447,201.0,3,0,4,0.23277739977950768,0.3667185626550518,0.26718323316151604,0.6753535141380567,49.006544105348134,27.666014777129703,Low
SYN-0135,AREA-10,Lake Colony,Peripheral,REC-01629,1.7734506804913868,156.9964088945304,29214,5669,64.0,0.514259868372458,15.309591180597288,0.37745245553244844,154.0,0,3,21,0.3213834141221336,0.3914673694068074,0.3692639557264652,0.8615841562773932,61.32871060069336,46.999197019362335,Medium
SYN-0135,AREA-11,Industrial Ward,Central,REC-01630,0.626457952455354,67.83374783960721,11342,9660,20.0,0.7598091747769689,14.218010640061653,0.05762031953630529,389.0,2,1,4,0.18233464186916307,0.6238177552013933,0.8759102436196959,0.7822312602590191,46.70629557407038,18.11101908473546,Low
SYN-0135,AREA-12,Outer Settlement,Peripheral,REC-01631,0.58294899528327,106.08198317283941,34395,17628,46.0,0.5910573817420468,22.375699692866554,0.34870196048861934,55.0,3,2,21,0.16164653615750646,0.2536477107673919,0.8326138637181558,0.8685004470127329,75.32772400018247,36.98849529267136,Low
SYN-0136,AREA-01,Central Market,Central,REC-01632,2.8247437416882097,204.10373418206137,11447,9006,25.0,0.7473847513435322,8.870208816606269,0.055283447987598544,433.0,0,7,0,0.6417912908506741,0.29888106729833475,0.8362780264322479,0.9134800223178414,36.81385165360034,42.07749150485803,Medium
SYN-0136,AREA-02,Riverside,Peripheral,REC-01633,2.9286579293668393,276.1754628101924,34331,14958,110.0,0.3698225316065513,28.9097908367352,0.21772318268500604,219.0,1,1,24,0.2083540472679727,0.5082177984094107,0.5867325050704393,0.7695375423504823,92.19927316073705,49.11903982516682,Medium
SYN-0136,AREA-03,Old Town,Central,REC-01634,2.317519877114575,173.43543637299587,23989,11571,57.0,0.715547558833704,19.927500592095612,0.39184577519231734,73.0,1,5,22,0.43641584223918833,0.34312809244389497,0.5473789334871526,0.853578369268201,60.75626356571793,48.39708893112497,Medium
SYN-0136,AREA-04,East Gardens,Residential,REC-01635,4.364099157480201,306.4977921100845,3773,9939,19.0,0.4585006496223002,8.14177696887526,0.14122952734153082,434.0,0,7,7,0.7858391806629416,0.7231138937398047,0.5258334017526951,0.7978782684276091,56.70207413575514,66.81479535399697,Medium
SYN-0136,AREA-05,Hill Junction,Residential,REC-01636,5.227367759933994,439.8811742185827,10304,2688,44.0,0.28758679238706475,8.309900093207261,0.21011420032572387,61.0,1,6,7,0.8430004520854032,0.585680800958806,0.684154480755159,0.9729640220228539,53.28324220986348,67.09561552418636,Medium
SYN-0136,AREA-06,South Ward,Peripheral,REC-01637,4.920499281044021,327.83628489608395,33940,19780,132.0,0.22671859425071356,23.751777917574096,0.6728293042621902,186.0,3,0,56,0.5484020444078668,0.95,0.1370981662942178,0.9877753505850801,101.25821856741756,91.04830305570157,Critical
SYN-0136,AREA-07,North Estate,Residential,REC-01638,2.4793685353665635,200.0379203036004,7426,2319,17.0,0.6986141755366206,6.96386966160978,0.04,147.0,0,7,1,0.40590855593492453,0.7387082864850513,0.2284507599904261,0.8864921416556537,46.180243743720496,38.80936319469013,Low
SYN-0136,AREA-08,Canal Quarter,Peripheral,REC-01639,4.360119863512737,353.7579146589521,55998,4927,220.0,0.28615494150566406,16.380302051875514,0.5870834621268815,340.0,1,4,85,0.6414193523959925,0.4930566559987587,0.31660969126211314,0.78353585897901,65.67139817833844,85.127962854331,Critical
SYN-0136,AREA-09,West Park,Residential,REC-01640,4.917921206206622,313.36106375433275,49918,17159,231.0,0.22027188941314993,1.4321063028377212,0.39513276075867887,137.0,3,7,61,1.0,0.5018268352628138,0.6151055616525365,0.9821929946545478,48.98754707544315,91.91571534436957,Critical
SYN-0136,AREA-10,Lake Colony,Peripheral,REC-01641,3.414788141676846,269.7070781487928,46829,11903,147.0,0.3000092007070507,11.972796298117512,0.6314387435739747,305.0,0,5,48,0.6141663213254859,0.6972184638436928,0.3115404875552342,0.76742365776744,59.16722190394427,73.6417920416236,High
SYN-0136,AREA-11,Industrial Ward,Central,REC-01642,3.8613940707878167,244.8199444525151,13257,6676,41.0,0.4468070447885944,14.81873332060064,0.20820996554481272,76.0,3,6,9,0.5481074991653249,0.4228984532928566,0.2123429143467327,0.8353329236832631,62.81120072871766,50.33897163149901,Medium
SYN-0136,AREA-12,Outer Settlement,Peripheral,REC-01643,2.1739216856240406,182.40389090179926,52231,4663,128.0,0.5605112782467523,16.736861243079012,0.6780200795609309,53.0,2,3,58,0.11600288036192252,0.5161187276463077,0.17776973489865322,0.9791242090577599,53.36504615453997,56.57693088453937,Medium
SYN-0137,AREA-01,Central Market,Central,REC-01644,2.617245867146295,271.1984022491533,42168,3414,113.0,0.6851039464907077,2.7060298902813233,0.09193719233937267,70.0,0,1,16,0.5070817663905876,0.2980570960645074,0.8169204009780963,0.8629474956896316,27.901432475285617,48.24621011835609,Medium
SYN-0137,AREA-02,Riverside,Peripheral,REC-01645,1.5530091492172073,70.41152073700997,26905,5487,44.0,0.7947767271694102,29.53433765121743,0.5049899593575623,135.0,3,2,12,0.34237276145210543,0.5037242636011008,0.6404982365817066,0.7903449071209155,91.5550342884331,51.34938927432765,Medium
SYN-0137,AREA-03,Old Town,Central,REC-01646,2.5635649470941932,204.36568669409905,2525,16137,6.0,0.6823695506751518,7.209758040529091,0.30393652941440746,240.0,0,4,3,0.4013676023772739,0.79490594119797,0.43694438459911944,0.66123768348637,33.57435097724071,37.15026635123705,Low
SYN-0137,AREA-04,East Gardens,Residential,REC-01647,1.1548945950138771,101.42385744791787,35560,16712,57.0,0.741008710403998,5.3912271817378485,0.04,298.0,1,1,5,0.26492349036098584,0.4531004857027996,0.1786623802349576,0.9266174242847672,35.31521142362849,29.564775751214324,Low
SYN-0137,AREA-05,Hill Junction,Residential,REC-01648,2.838143512347058,194.26047851064783,52244,13691,149.0,0.34092121050373786,11.96902441575049,0.12937480994707734,291.0,3,0,17,0.43123145530891194,0.3651558096898912,0.6088206664652449,0.6803006561328956,61.39638454639416,51.42426876725061,Medium
SYN-0137,AREA-06,South Ward,Peripheral,REC-01649,3.2234670731063333,203.62595412694185,4592,12904,15.0,0.33644214505959436,27.44495968107286,0.4418994355362697,77.0,2,1,2,0.6653103452045682,0.35673657275270276,0.5964885578751665,0.6815540897612228,89.25857337136851,59.71722800365896,Medium
SYN-0137,AREA-07,North Estate,Residential,REC-01650,1.7773130433928475,188.49547451828636,5789,6129,12.0,0.5898373305418183,19.325061746472088,0.4253549669056846,190.0,1,6,2,0.4153410208579382,0.5172859676202953,0.10582668919117727,0.7295579300847193,71.62332254962253,34.22319559463434,Low
SYN-0137,AREA-08,Canal Quarter,Peripheral,REC-01651,1.494318867636634,143.06323129073417,26437,14419,46.0,0.5831506942475754,16.40681776420947,0.8,227.0,0,7,23,0.052382100037754925,0.18665196192723582,0.3570201530688176,0.8707011222894905,57.683882669233526,55.422611962984426,Medium
SYN-0137,AREA-09,West Park,Residential,REC-01652,0.6790384987249964,28.371450325703044,34473,18958,48.0,0.9340078488423259,16.585337020149584,0.4478501561025733,201.0,0,6,16,0.0,0.27563244065018316,0.7129692930102977,0.9626468054391882,46.11725391893596,30.461001747530965,Low
SYN-0137,AREA-10,Lake Colony,Peripheral,REC-01653,2.1907261055048397,154.15216010770436,32151,7467,73.0,0.5834252061699635,20.98663757302571,0.36371413391300633,317.0,0,3,23,0.6088748243493634,0.26511946801603675,0.7915942795562619,0.652911491873183,70.32404174998577,48.68834528192276,Medium
SYN-0137,AREA-11,Industrial Ward,Central,REC-01654,1.9385817853396974,149.5433343932425,29137,11344,74.0,0.9515798640850275,13.501476887666467,0.06569084009058586,242.0,0,4,7,0.4349605262265337,0.2141282506232971,0.30298777555506495,0.8873029371494587,45.539013916242084,45.81442422752401,Medium
SYN-0137,AREA-12,Outer Settlement,Peripheral,REC-01655,1.1630414028865377,68.45889140669041,18450,18500,23.0,0.7751439898457471,19.240324915822846,0.15936156122138154,179.0,0,0,2,0.04235451321099562,0.10439863587164086,0.45710025776766183,0.8325554805945694,56.027899217789795,25.20311634092294,Low
SYN-0138,AREA-01,Central Market,Central,REC-01656,3.6345198118030644,278.87399815070125,6241,3412,28.0,0.7202673003453351,4.722220055043438,0.30834008010441505,129.0,2,4,5,0.4173076973564286,0.6979107815870873,0.7183934685760821,0.867391695212623,42.440163134623376,52.12540559285774,Medium
SYN-0138,AREA-02,Riverside,Peripheral,REC-01657,2.9121285012616074,236.94067056422696,4452,9386,8.0,0.5581187383021661,27.22909687310888,0.37009735936338634,167.0,3,3,1,0.5102873980834824,0.3605909789628498,0.5771748458869326,0.8915293492025234,73.66856938854687,44.7580363567049,Medium
SYN-0138,AREA-03,Old Town,Central,REC-01658,2.411516039837141,203.9743194156724,8675,14367,21.0,0.7926725636194044,12.426441521096589,0.2301436943700387,379.0,3,3,3,0.2648414929480638,0.5316753076270797,0.38255433591581034,0.8806621954996561,40.64368785649706,40.793401272312934,Medium
SYN-0138,AREA-04,East Gardens,Residential,REC-01659,2.828446882240969,284.4712838387619,45650,6890,132.0,0.5609491638917493,9.438916128339315,0.4272951743903821,336.0,0,4,41,0.43340292715584633,0.6331024498103367,0.8772786176232599,0.94068882012294,53.12116203371685,64.40577576966328,Medium
SYN-0138,AREA-05,Hill Junction,Residential,REC-01660,4.129148437897019,280.17047819695586,51623,2176,181.0,0.29297810469490226,15.181981238794634,0.4219106600547613,216.0,3,3,45,0.6825179035640789,0.6750945865430558,0.5082564083797265,0.6881645534056703,66.29636262110493,73.68842390693194,High
SYN-0138,AREA-06,South Ward,Peripheral,REC-01661,3.754454361757505,269.85007900152846,29692,4130,89.0,0.3005012024578438,18.93861164330546,0.15241078688842807,211.0,3,4,17,0.614889786962485,0.7214659457807033,0.6008593621098322,0.7281871724387787,77.21101024068773,57.31339547236829,Medium
SYN-0138,AREA-07,North Estate,Residential,REC-01662,3.168083957554535,230.113535235987,7338,17724,24.0,0.5550439022610052,18.831293885263772,0.3004456405666356,161.0,2,6,5,0.6631985867396549,0.49800627991847546,0.5029082659517954,0.9455949348760597,61.13686277575732,48.32291174233116,Medium
SYN-0138,AREA-08,Canal Quarter,Peripheral,REC-01663,3.767388821525209,310.51906532651753,28479,5655,101.0,0.2771864989058681,12.849581492894398,0.501826709562198,258.0,1,0,27,0.8480688856159286,0.6435810787949837,0.20285298623699743,0.6749087022421665,58.00007822650917,71.92994648683491,High
SYN-0138,AREA-09,West Park,Residential,REC-01664,2.343375241643936,214.67430824841108,64102,17469,152.0,0.5517903752333467,1.6283465051265504,0.08938591716773861,400.0,1,7,17,0.33309239793413026,0.8860938108734037,0.5366894153136521,0.9931868026871868,29.089620788815413,54.38365787703074,Medium
SYN-0138,AREA-10,Lake Colony,Peripheral,REC-01665,3.2980008873349513,220.44880841993353,18124,15879,52.0,0.4683003988635979,21.957272686649844,0.13892891918213698,121.0,1,2,7,0.4139877148994364,0.8601381493225841,0.32401862169475415,0.8091371855464192,79.4478472505599,57.01447906477224,Medium
SYN-0138,AREA-11,Industrial Ward,Central,REC-01666,3.3899626711425035,303.7025493339781,33194,12689,120.0,0.4047575660963792,6.393717624943312,0.43211438685117093,279.0,0,5,47,0.6116553171217797,0.6430352210270427,0.11917928713615825,0.7737065050800629,44.06453915207796,71.79698723309266,High
SYN-0138,AREA-12,Outer Settlement,Peripheral,REC-01667,2.8962355999543457,201.0151676577239,36114,6999,97.0,0.2905079822321679,12.482481105331113,,363.0,2,5,28,0.6784835470588506,0.36269483723201723,0.2295509198152951,0.8052773799166782,63.38012728661752,61.77940726255091,Medium
SYN-0139,AREA-01,Central Market,Central,REC-01668,1.5974563685417817,169.45151654949615,23121,8641,44.0,0.6417057747364391,1.6369073290028062,0.17914514980926807,67.0,2,7,5,0.21785690932953972,0.5475363027411041,0.8408689154274165,0.7498252163061834,25.582000859538216,39.90244743533481,Low
SYN-0139,AREA-02,Riverside,Peripheral,REC-01669,0.6247429360602863,104.41552098232916,29876,6769,29.0,0.7644133303599701,26.177961792953802,0.24749203194631694,285.0,0,7,7,0.20616688971841995,0.30182968126782583,0.7404513051894164,0.9390073350300365,75.66909783927089,36.63261621906521,Low
SYN-0139,AREA-03,Old Town,Central,REC-01670,1.6569462659967418,159.6412371264139,31983,7883,51.0,0.6491172298287133,21.155938811510683,0.3269168841883707,279.0,0,1,12,0.1757014398953627,0.3385332612947337,0.11769510090187296,0.8656305470175311,58.81900300033891,44.6037817616424,Medium
SYN-0139,AREA-04,East Gardens,Residential,REC-01671,1.690576717000881,140.00600112346382,32124,8053,59.0,0.7359484712216555,13.93073493550851,0.20536521360410528,438.0,0,4,15,0.2843153503388282,0.34957239248821315,0.5876315655800977,0.7508143360632936,48.345259643713035,37.60128913512574,Low
SYN-0139,AREA-05,Hill Junction,Residential,REC-01672,0.05,33.92177868878329,47355,8177,43.0,1.0,17.22514368155056,0.24899997568161,198.0,1,7,12,0.0,0.41954664123980945,0.5708037346866048,0.9229612975511209,43.18961816663928,27.814646837507787,Low
SYN-0139,AREA-06,South Ward,Peripheral,REC-01673,2.2013342625839414,197.52466308893815,38804,6879,78.0,0.6407463688618503,27.607901423395795,0.16071564143553002,349.0,1,0,15,0.3681888910214999,0.46850140095676335,0.47667923873664053,0.8980166473119775,75.5181364937706,44.48740823736647,Medium
SYN-0139,AREA-07,North Estate,Residential,REC-01674,0.05,59.04018886605143,5837,8144,2.0,0.9137008909092826,17.91393632586166,0.07818207028367592,73.0,2,5,0,0.0,0.4182372780149687,0.21523305068697623,0.8554975701081351,55.84609261844527,15.490537876011587,Low
SYN-0139,AREA-08,Canal Quarter,Peripheral,REC-01675,0.7562504793309471,110.4428719220999,2895,10690,1.0,0.6176519424489935,16.861949662963962,0.3895830569082416,285.0,1,6,1,0.19901649445460706,0.2845719647559142,0.8485423920563675,0.8052369975203616,50.82695939698465,26.502651442079177,Low
SYN-0139,AREA-09,West Park,Residential,REC-01676,2.0693681271820514,195.80696270630006,28168,10787,70.0,0.6412136463766078,1.0493792126322035,0.2343335507246169,142.0,1,3,20,0.558262080906418,0.6629515406480044,0.5160657792929876,0.9466811229630105,28.746006229686955,38.95140550469946,Low
SYN-0139,AREA-10,Lake Colony,Peripheral,REC-01677,0.9952603195738948,114.96490150176444,59230,19570,93.0,0.8193409324336807,23.190727546678616,0.5821776697415149,291.0,1,3,29,0.11920926941986126,0.20945809578969538,0.6862867249039758,0.7226194483967364,66.36121829660893,43.03387654457228,Medium
SYN-0139,AREA-11,Industrial Ward,Central,REC-01678,0.07614091380021382,87.3496218315202,4805,3778,4.0,1.0,20.899229742680962,0.17419915244869483,286.0,2,3,1,0.0,0.43249240853917825,0.7796009454024211,0.9672516832397132,50.31450220408834,22.978424280561185,Low
SYN-0139,AREA-12,Outer Settlement,Peripheral,REC-01679,0.3741000504025108,46.31008462405052,6942,18987,7.0,0.8699727834676508,28.638012782983303,0.17921827081304045,176.0,0,5,0,0.03809754169886928,0.45930845506236695,0.8702917026103644,0.8587757003849973,82.68855360033285,13.152659586614428,Low
SYN-0140,AREA-01,Central Market,Central,REC-01680,3.237967173178779,251.74171672490786,44953,17020,129.0,0.6908569218744213,1.0998499401437274,,386.0,1,1,23,0.575579310348408,0.8421158854501891,0.18745799660584528,0.9806944004929803,27.20306292344921,59.72853862818204,Medium
SYN-0140,AREA-02,Riverside,Peripheral,REC-01681,0.8792389516833727,80.40347237566861,30682,18712,37.0,0.9644108011186525,28.988343272107517,0.45512560068799757,222.0,1,1,9,0.17076783587137068,0.26482413045068043,0.4073913622609736,0.9774212173071206,66.2927753932678,40.33362104718458,Medium
SYN-0140,AREA-03,Old Town,Central,REC-01682,3.3196354568918975,329.08462137762604,16914,16138,56.0,0.477263684659591,1.228034997305465,0.22076249137122889,143.0,3,0,19,0.5343818389144188,0.75690785040274,0.5203595525877593,0.6792559445779295,36.91943650162346,52.48703254761838,Medium
SYN-0140,AREA-04,East Gardens,Residential,REC-01683,2.372360896888452,217.13259868765888,15460,12261,34.0,0.8462570649139954,12.159408533669064,0.6403725004570145,316.0,3,6,9,0.5739192757103042,0.7180119338037614,0.5625431806429834,0.7670698523731482,38.59042342310084,46.31195118275613,Medium
SYN-0140,AREA-05,Hill Junction,Residential,REC-01684,1.4625263117683365,165.4651811148628,44062,8813,85.0,0.7639803738574236,18.905767114708006,0.6572832309101234,256.0,3,6,25,0.2601001300788605,0.33110996822119726,0.8282217514855489,0.8793421954302049,55.70686126342442,42.79103252509337,Medium
SYN-0140,AREA-06,South Ward,Peripheral,REC-01685,1.9499505182801304,180.13750285985208,35236,19705,66.0,0.7293887711119894,18.73682736249752,0.6433640004502754,251.0,2,2,19,0.31241620123235236,0.37612118974996944,0.48508184849912916,0.6951256890347596,64.41222915644425,58.452976714070026,Medium
SYN-0140,AREA-07,North Estate,Residential,REC-01686,1.6026631032409704,142.47958736818367,42389,16661,84.0,0.8606558617869955,15.36089573207249,0.5041050765229879,95.0,3,4,16,0.1737857819871118,0.5581967155418973,0.7130635991792982,0.841429982662151,49.48752466351445,36.75736609127702,Low
SYN-0140,AREA-08,Canal Quarter,Peripheral,REC-01687,3.1094227368091065,322.2350269337465,20014,7632,63.0,0.20743380653641008,14.882320266602111,0.6071752560597121,431.0,3,5,17,0.3086318403205742,0.49698769602390314,0.45981870999219154,0.76948137001545,77.31909688814564,49.00280615643408,Medium
SYN-0140,AREA-09,West Park,Residential,REC-01688,3.0023848239325543,271.62000950800774,35398,6070,97.0,0.4637188684582275,21.37273494330291,0.461623565713145,188.0,3,1,32,0.5399053030135782,0.9441501220759354,0.40730793947599897,0.9997987522662988,62.259488417381405,61.59957486784976,Medium
SYN-0140,AREA-10,Lake Colony,Peripheral,REC-01689,1.041113669021446,98.04998869362637,56250,4378,69.0,0.5876895363797546,10.92583632813746,0.2607372313399242,266.0,1,3,18,0.2029690928209904,0.27307496013830895,0.3079955155804597,0.720135348329694,50.619037364856695,33.090186808213794,Low
SYN-0140,AREA-11,Industrial Ward,Central,REC-01690,2.0935688813068163,167.92126430112154,22286,13898,60.0,0.49305471282193924,14.277688903210368,0.18683375461385002,101.0,1,2,8,0.22180848269308862,0.6343994593052461,0.342895445292264,0.6887250228014313,66.9339355213665,40.92579250996299,Medium
SYN-0140,AREA-12,Outer Settlement,Peripheral,REC-01691,1.7258940462468617,158.84285947718453,27272,18156,58.0,0.7438926315329181,10.730225096245285,0.4319823256672897,45.0,1,2,17,0.2823243245615922,0.2565972871920943,0.6090410454432831,0.8094396176230073,36.612274204422214,37.918520076438234,Low
SYN-0141,AREA-01,Central Market,Central,REC-01692,3.462951188452062,248.86704169198038,12733,17721,49.0,0.7634394562311193,1.878073492446028,0.36297882476414756,334.0,2,5,12,0.5598963593854234,0.6794590381491098,0.14434706240632844,0.7353666829287995,24.59669742164509,50.63237069972252,Medium
SYN-0141,AREA-02,Riverside,Peripheral,REC-01693,1.3480639191834287,117.19542755422974,42422,16466,76.0,0.6603503507504336,15.676721028167673,0.5850337694409226,91.0,1,1,35,0.14973725693480372,0.45689204830010033,0.349842620384457,0.933121487793283,54.34512928114658,46.48583720201161,Medium
SYN-0141,AREA-03,Old Town,Central,REC-01694,3.711526497432577,235.65758184470283,4531,17031,21.0,0.5828850902034046,1.3190557700420946,0.32884342032054703,323.0,2,1,8,0.5233904639941881,0.7432382197540462,0.6398075269794605,0.6560833137340433,33.452680344841355,54.408017259814386,Medium
SYN-0141,AREA-04,East Gardens,Residential,REC-01695,2.4015074220710155,124.23599570114567,18054,8086,50.0,0.8419439990329471,5.354030753402549,0.2221051492792026,58.0,0,6,12,0.4488610375444186,0.477149777509079,0.17165178110730006,0.8782967648583584,24.841932767240625,49.79808081069954,Medium
SYN-0141,AREA-05,Hill Junction,Residential,REC-01696,1.4985956885804954,196.71639592469816,47066,16158,,0.8151964076206618,4.232939546467896,0.14960973601740568,173.0,0,1,17,0.22266854391070717,0.7040682923874026,0.5323800602474813,0.792645805911596,30.373764968942854,34.74490929824736,Low
SYN-0141,AREA-06,South Ward,Peripheral,REC-01697,1.8863238664771433,147.42208682876634,3712,5187,7.0,0.6128770909033951,29.15017035620521,0.40374948092671026,410.0,1,3,4,0.24346808010819285,0.7348282834948298,0.4673567207818302,0.9760589281389784,82.88865547533491,38.31247932344907,Low
SYN-0141,AREA-07,North Estate,Residential,REC-01698,1.7868481410698052,147.0251123146382,64318,11435,124.0,0.7203587089211761,1.8703649017699133,0.18230199592808294,265.0,3,5,28,0.1944073804232059,0.25498241591851484,0.15210119224953936,0.9697805484927294,39.067010306871374,43.266959732476955,Medium
SYN-0141,AREA-08,Canal Quarter,Peripheral,REC-01699,1.4084484920721607,133.62025054772926,27759,7713,55.0,0.7473242769744943,22.847950631918806,0.2784663673712605,169.0,1,3,12,0.21914320745385582,0.6113742970843749,0.16115343188665482,0.9302354075253383,68.17808491690602,41.43135423300379,Medium
SYN-0141,AREA-09,West Park,Residential,REC-01700,2.5040047014688662,223.64011730161718,27418,5384,70.0,0.7544026277982684,15.081369619791927,0.1946764137106352,86.0,1,3,17,0.5282721451758501,0.2703008253744562,0.5806556359309137,0.8003641919383174,61.99440041311411,44.49557775312404,Medium
SYN-0141,AREA-10,Lake Colony,Peripheral,REC-01701,1.445810773131091,157.25469010305835,36030,8930,66.0,0.733003080486349,27.24154382782061,0.23966618527966324,382.0,2,0,16,0.2657652710941332,0.23820991847707756,0.5224126917471937,0.7992187658440446,78.9687672774818,39.924201448177094,Low
SYN-0141,AREA-11,Industrial Ward,Central,REC-01702,0.6838502466940144,115.32380969834054,42448,15281,56.0,0.955556534560862,8.714824662914499,0.20066000869074618,274.0,3,3,13,0.08552039847871268,0.229219008174957,0.6765813042563475,0.6574400968666586,27.876387321209734,29.099038737874466,Low
SYN-0141,AREA-12,Outer Settlement,Peripheral,REC-01703,2.124402037006027,195.33262398697048,31221,16777,76.0,0.5764393666742017,13.814053893808511,0.42562786655677454,222.0,0,1,27,0.3910858571158816,0.3934728163299335,0.5994356474780832,0.9746770814422904,55.34675841178378,47.017916409796534,Medium
SYN-0142,AREA-01,Central Market,Central,REC-01704,2.278033497743394,180.03296376464965,57765,12122,145.0,0.48992076730719164,3.5577752590014082,0.16752266023004297,360.0,1,1,26,0.543398451384011,0.5367207262616447,0.49370522385315485,0.9920306994104345,40.02644936573152,58.27437118438227,Medium
SYN-0142,AREA-02,Riverside,Peripheral,REC-01705,3.118589760423684,280.64655879513566,62625,8093,173.0,0.5511234001914758,12.993111999105004,0.694970528632426,417.0,3,2,60,0.5786146442922299,0.4641135059324232,0.4454689854977065,0.7237806729433355,43.03500008345958,74.31325727692251,High
SYN-0142,AREA-03,Old Town,Central,REC-01706,2.9930361439950155,229.19046376915315,15021,12858,38.0,0.42681992548691605,12.00433301335037,0.36729581641020986,315.0,3,5,10,0.5300634751212455,0.49252809057562574,0.3546950611650922,0.8154948210452004,62.31607011536958,49.45848978771723,Medium
SYN-0142,AREA-04,East Gardens,Residential,REC-01707,3.0233455972570487,267.46644824774705,46677,9880,126.0,0.6510578934343118,13.53278562040073,0.3947828448949364,237.0,3,0,35,0.580514473387361,0.7744672388464123,0.13208557522741426,0.8524676873634172,52.43913758903346,61.66406534272735,Medium
SYN-0142,AREA-05,Hill Junction,Residential,REC-01708,5.321088936149824,339.67588961531317,21307,7216,125.0,0.3457359469381791,17.556905409803626,0.2959607389504927,296.0,1,0,24,0.8678865076422904,0.8415473124485446,0.1625571513421579,0.8389273433004071,74.58321124489827,86.2072152212597,Critical
SYN-0142,AREA-06,South Ward,Peripheral,REC-01709,3.765447708613357,323.795590437369,64729,4091,204.0,0.21598546825524284,26.893656614159916,0.21310820387951498,392.0,2,4,29,0.6496627565945688,0.6907668006283113,0.5624606417237632,0.8178753981082799,98.81002914263271,67.97939640094526,Medium
SYN-0142,AREA-07,North Estate,Residential,REC-01710,3.916615262073966,267.8337176529205,18332,9391,73.0,0.3787377684370262,18.698368185142403,0.2757304598371163,156.0,3,4,23,0.5940945594801395,0.7006772085501456,0.563735363397994,0.8622020727548139,66.34459165689448,71.26137877861464,High
SYN-0142,AREA-08,Canal Quarter,Peripheral,REC-01711,2.2991998178038644,145.94722914046247,20941,14775,42.0,0.8126889716742283,13.353312047206767,0.6060016157825874,315.0,1,1,13,0.1971335710737137,0.3090697023605266,0.13614687921286361,0.9262890652143145,45.202863578400894,51.003458119345304,Medium
SYN-0142,AREA-09,West Park,Residential,REC-01712,3.197147947968163,208.84247342546985,47139,11686,129.0,0.5428614187401314,16.6515484866588,0.128430387299377,254.0,3,0,17,0.5739982936145084,0.5443041128423636,0.4478753498330922,0.7949611074328322,62.18885281686275,59.33459855760937,Medium
SYN-0142,AREA-10,Lake Colony,Peripheral,REC-01713,3.89256055883091,299.1021865557835,51815,12725,192.0,0.18861588071153026,11.527243654576496,0.20528686356964698,149.0,2,5,25,0.6903617032707494,0.3569566495619367,0.8595912247822975,0.6760874219216465,59.84812177108452,78.54895937813238,High
SYN-0142,AREA-11,Industrial Ward,Central,REC-01714,2.900695324547295,297.1231725055678,10536,15223,29.0,0.6900081633289435,19.491690187240952,0.21781450889433032,133.0,0,7,5,0.4489236657654519,0.26392278869341773,0.25043790175690506,0.7465029820897006,69.20061670005556,50.96308553907594,Medium
SYN-0142,AREA-12,Outer Settlement,Peripheral,REC-01715,4.446768729692089,323.157735954292,37222,3375,143.0,0.16473135317432586,21.03253042342591,0.27491955797962986,276.0,0,5,30,0.8654266498475601,0.7251415484235222,0.7145119246001098,0.691811263992456,95.39776055755553,79.5239398295039,High
SYN-0143,AREA-01,Central Market,Central,REC-01716,1.7001368026460337,147.139563316003,24104,16693,52.0,0.5315179649350639,14.472116890173261,0.3363798344084984,112.0,2,1,13,0.19676373527094299,0.4292854338132071,0.5065108644538604,0.8613949716514291,56.302685538867486,42.770200260783945,Medium
SYN-0143,AREA-02,Riverside,Peripheral,REC-01717,2.4332011626747176,221.21067287343908,40735,6012,99.0,0.6017241829911155,23.015538256878493,0.3462823136731805,149.0,2,3,29,0.19296739768869056,0.20686164657853148,0.7222936878042657,0.8281706990002939,75.06465403748672,46.197269284277056,Medium
SYN-0143,AREA-03,Old Town,Central,REC-01718,2.193452759386411,165.30044298425187,37295,5849,87.0,0.582922475791927,12.717552557511018,0.4521905141306999,193.0,3,6,23,0.28192155839511157,0.3502205374049474,0.31743301466466467,0.7024337536836844,52.36256791300574,54.311246488786466,Medium
SYN-0143,AREA-04,East Gardens,Residential,REC-01719,2.793750598872391,217.10508008295892,64115,6560,176.0,0.6474175172245579,11.990347857447164,0.04,121.0,1,1,26,0.28071238350582683,0.6555114941224308,0.8875575764241642,0.768930330363186,46.8108173734125,51.68973855816962,Medium
SYN-0143,AREA-05,Hill Junction,Residential,REC-01720,2.1499020138825173,169.28753612787847,60854,15675,116.0,0.6014909134841638,20.36424500739461,0.525610223601528,170.0,2,0,39,0.39888136497263393,0.7605708108657874,0.3879946817610598,0.9695379466099993,64.95647438575169,53.576710480650355,Medium
SYN-0143,AREA-06,South Ward,Peripheral,REC-01721,2.445579169710108,257.98077667078223,43374,12488,106.0,0.622483419552947,17.31583283331862,0.32151395222135926,170.0,3,6,29,0.31734718392034356,0.6614541740097669,0.6014397455425713,0.9550642975329673,53.93909425357477,38.804220874538984,Low
SYN-0143,AREA-07,North Estate,Residential,REC-01722,2.4733899979444693,203.03910030607486,44963,1557,137.0,0.6757451992404866,17.354679847892758,0.25591956215116474,60.0,2,5,25,0.5303943694235715,0.6020321236483577,0.6468525664827142,0.8553583656032036,60.00422761580082,55.47837292192794,Medium
SYN-0143,AREA-08,Canal Quarter,Peripheral,REC-01723,2.074783865453817,197.3203209182265,58676,914,127.0,0.2788252281613879,17.601040744290664,0.4159031122702646,161.0,1,7,45,0.46145316721610474,0.48025444058807826,0.6284612120992958,0.6559837897553076,71.35918967343086,54.68744393124017,Medium
SYN-0143,AREA-09,West Park,Residential,REC-01724,3.050369166164548,216.9077343089274,13968,13775,36.0,0.6187898216215139,1.9636879187658915,0.09086485960618507,311.0,3,3,5,0.397397969838849,0.6360123914870017,0.523746744860413,0.9261333352167027,32.66295775950865,39.59527935289543,Low
SYN-0143,AREA-10,Lake Colony,Peripheral,REC-01725,2.8530047712367983,191.2765507426237,47859,11876,146.0,0.4458115726152014,17.93812834747913,0.4350978079535961,243.0,2,5,51,0.37852797161549534,0.2881026437343534,0.6412277832275892,0.668087016672218,66.27650449281437,58.88329102171803,Medium
SYN-0143,AREA-11,Industrial Ward,Central,REC-01726,2.5914029151643243,228.35794090651103,50754,7162,128.0,0.8072097089398911,4.168617013029978,0.2529907814044158,192.0,1,3,35,0.49603324418275896,0.6206221429483236,0.6434514244261377,0.9704004108697175,20.61796485794275,41.731289383594074,Medium
SYN-0143,AREA-12,Outer Settlement,Peripheral,REC-01727,2.3179274045972913,198.25030016953008,10461,5505,26.0,0.6029151052382814,19.252266395320667,0.43864259583533277,301.0,3,5,9,0.5039020078733074,0.41892051031185995,0.6901555096568324,0.8538606951638867,61.38784963112026,51.19730963094537,Medium
SYN-0144,AREA-01,Central Market,Central,REC-01728,3.0156195934705945,266.91770714657565,57581,15038,190.0,0.6685521981644786,2.7221259749985744,0.16411455586348514,120.0,0,5,32,0.261088792183657,0.7248331983324546,0.6809709242389992,0.7390429095070711,30.895112307606468,64.247348327808,Medium
SYN-0144,AREA-02,Riverside,Peripheral,REC-01729,2.189716974003251,155.72851554386003,46213,18226,96.0,0.48817472751703384,26.494391475727454,0.25399408130921086,436.0,3,1,20,0.39875333340408886,0.7413553265606121,0.6385509293334827,0.6833685658634916,82.12561814853076,47.2407641818173,Medium
SYN-0144,AREA-03,Old Town,Central,REC-01730,2.133026538793847,175.8736645206104,24195,17496,50.0,0.6065681544707058,13.407927420777387,0.05555129019141349,67.0,0,6,3,0.0917935519911161,0.5682663170041498,0.8285356779634319,0.9079102208796466,48.312428350826586,41.71690127116294,Medium
SYN-0144,AREA-04,East Gardens,Residential,REC-01731,2.4621363929650975,161.3896232802507,32769,16532,108.0,0.6522229852576186,1.7950594192080844,0.22061775067643022,232.0,0,3,25,0.3445341323063315,0.823731838743284,0.8186131466887133,0.6965861046651721,35.91542557718996,44.61516847020074,Medium
SYN-0144,AREA-05,Hill Junction,Residential,REC-01732,3.735653715431277,267.984514322075,33099,1130,124.0,0.43373454462435923,14.555939843681331,0.04605359617445441,363.0,0,3,16,0.7538477695194272,0.6959593298728084,0.13409685185935888,0.8130268775020759,55.33594466148192,62.61431351706693,Medium
SYN-0144,AREA-06,South Ward,Peripheral,REC-01733,1.3060994026376334,81.53551642859075,59924,11409,102.0,0.8577071698959412,30.047402307972686,0.8,351.0,2,0,60,0.5788556497832622,0.1903177661485705,0.8848385568813841,0.657515886383979,82.66591239263316,58.80654892645663,Medium
SYN-0144,AREA-07,North Estate,Residential,REC-01734,2.9942698834988803,226.0966203395577,63077,5965,163.0,0.5624039292633574,2.329160715487449,0.4870664519227292,228.0,0,2,55,0.4703861204852706,0.6830187282189617,0.735289124263324,0.969697039206689,38.157444325315154,67.44847779846612,Medium
SYN-0144,AREA-08,Canal Quarter,Peripheral,REC-01735,0.8638474400641123,135.38535689914872,52927,6305,73.0,0.6120827483929769,17.490981310670918,0.29515669625196944,241.0,3,0,18,0.0,0.34807416583910766,0.5747899894879954,0.9203777858994056,65.28363129808154,30.601329827031353,Low
SYN-0144,AREA-09,West Park,Residential,REC-01736,2.5522028956374956,180.14844264781988,43263,17629,113.0,0.5433818849681112,19.790067164103103,0.157235465786996,401.0,0,7,17,0.36374808834310796,0.7540825251970211,0.5866832391384234,0.7053101246396134,72.02425661452632,49.888623295189305,Medium
SYN-0144,AREA-10,Lake Colony,Peripheral,REC-01737,3.6384506311415814,250.37729094271944,9008,5646,24.0,0.4864230417938591,10.702216153883818,0.42079424114585035,217.0,1,3,8,0.6143368010884335,0.36009889268997963,0.4109937054628583,0.8735193812421758,48.44924486542996,67.21556350641814,Medium
SYN-0144,AREA-11,Industrial Ward,Central,REC-01738,2.769319188628442,214.99659167200903,59676,13602,164.0,0.5922244322804668,20.29048802153004,0.12880553616848228,56.0,1,1,30,0.3811242493600752,0.2745340453671113,0.4443282311121467,0.8171285309432732,64.49072216166559,60.71347089743826,Medium
SYN-0144,AREA-12,Outer Settlement,Peripheral,REC-01739,2.514884431886431,197.94449393033608,10869,1645,29.0,0.5014307673819283,30.76369345475658,0.731355700693896,209.0,0,2,12,0.3081685641968286,0.3720925321922216,0.40323186790144083,0.6803665260155982,101.44961557706156,58.66692043792436,Medium
SYN-0145,AREA-01,Central Market,Central,REC-01740,1.333200091293112,149.7601515047873,12925,14716,,0.9405744955250999,9.189487971403455,0.2445351968436599,57.0,3,5,4,0.1709780144388374,0.19305429296423648,0.8593224533273394,0.8130536668374138,36.4056864587879,31.672693292301187,Low
SYN-0145,AREA-02,Riverside,Peripheral,REC-01741,1.8063974267264158,118.44541051721808,6850,7942,12.0,0.5173327775944369,19.764892566325642,0.37989020302921583,399.0,3,5,3,0.34853550973476505,0.6692520003929734,0.5784420516268755,0.7797479354776771,71.7153726419755,37.29319988031865,Low
SYN-0145,AREA-03,Old Town,Central,REC-01742,1.5799094140128873,67.58009117313598,61734,2653,128.0,0.5105915262269161,21.75158305028519,0.22951845059405923,130.0,3,4,36,0.24298916298205303,0.6392274342300306,0.22711592719815032,0.7307369068019406,70.61820861810891,43.99695892574573,Medium
SYN-0145,AREA-04,East Gardens,Residential,REC-01743,1.152778379990488,116.83605223046253,33327,3390,38.0,0.7362670292385345,2.257903898561397,0.21035004396584944,99.0,3,7,5,0.08633739398725077,0.2718468418917884,0.7163091878851092,0.9776295584905592,21.02464736330173,24.94210543995139,Low
SYN-0145,AREA-05,Hill Junction,Residential,REC-01744,1.5496591739556766,191.44789004192876,17248,7649,27.0,0.8120984062717662,7.680918721836686,0.251004354200276,296.0,0,7,8,0.1778690290303175,0.6355190495629949,0.6554647919013654,0.7294866106267116,27.464553341958577,34.78167296577382,Low
SYN-0145,AREA-06,South Ward,Peripheral,REC-01745,1.940264594836724,160.30083184474358,7548,12757,19.0,0.5784215742822879,11.332811794067837,0.2814049884395716,158.0,0,3,4,0.2737144065123354,0.2416004487715085,0.6066419797319655,0.8828299467930113,46.45831339568026,46.91088269044413,Medium
SYN-0145,AREA-07,North Estate,Residential,REC-01746,1.16778601151106,127.78578859872556,28249,16680,42.0,0.6492584039783196,16.67296352238194,0.2888132559951797,342.0,3,5,8,0.07469983420840397,0.6896961851649902,0.3112728427692897,0.9906815111254395,56.44317434609919,34.322193857934614,Low
SYN-0145,AREA-08,Canal Quarter,Peripheral,REC-01747,1.136534209787825,111.48837181030515,47729,17304,,0.8428123543918905,23.675336589024937,0.7516357470718179,335.0,0,1,37,0.10456496873143907,0.5350358803480733,0.5949169192212549,0.6571403260673385,64.88919426338506,46.012491013908246,Medium
SYN-0145,AREA-09,West Park,Residential,REC-01748,0.6933649162618329,107.43478452795321,64660,16471,61.0,0.9225485452534772,19.132442513360257,0.28595875965953843,252.0,2,0,14,0.192797139449421,0.6359110474556348,0.7530751191057709,0.698901604056903,57.799362145005,35.13742064601834,Low
SYN-0145,AREA-10,Lake Colony,Peripheral,REC-01749,2.094139687206689,167.2876311951233,37022,2014,78.0,0.6335022071566825,13.99536039683646,0.5497490109810104,161.0,0,1,22,0.321384765854056,0.4609280411830143,0.2337596017177119,0.8956942304311831,63.76152850133014,41.41832976977761,Medium
SYN-0145,AREA-11,Industrial Ward,Central,REC-01750,2.2178182759092206,181.9476354181386,40445,16030,113.0,0.7398586725467136,12.44720336162882,0.09302606935714033,155.0,2,3,14,0.15921794422812124,0.23554023080214825,0.5378925451918886,0.8422014490249914,53.25264850972327,41.61941002927183,Medium
SYN-0145,AREA-12,Outer Settlement,Peripheral,REC-01751,1.9668880217247864,216.9925210292996,54742,17942,110.0,0.4488127674565424,24.973343102680335,0.48263514033207605,40.0,3,3,43,0.45080851417526135,0.4849243692918481,0.2671779566290152,0.9351331534584759,76.1105555642726,57.30104230424054,Medium
SYN-0146,AREA-01,Central Market,Central,REC-01752,2.7403707965029085,252.4462261330687,58864,12406,138.0,0.6526935584611316,6.918892568959816,0.3287920664150179,402.0,0,7,33,0.5067348444580267,0.42402212514300763,0.5418964392530354,0.8176321865252512,34.37051398019901,49.73801988172862,Medium
SYN-0146,AREA-02,Riverside,Peripheral,REC-01753,2.0385285119845578,151.75186417327274,19987,8374,34.0,0.7035004623064027,28.682984414952426,0.6320387296888212,128.0,3,3,15,0.17377879634776253,0.45981840630993953,0.6136725766667325,0.9705204138333168,74.88831783759898,50.12535726915983,Medium
SYN-0146,AREA-03,Old Town,Central,REC-01754,2.2818431522125815,168.350595513303,64493,16795,143.0,0.8173791863347171,5.155563083010634,0.2961169175364375,231.0,1,3,40,0.3364617113017626,0.617722571911445,0.7486400419923583,0.7241872552526224,33.556399584558235,40.496784960738175,Medium
SYN-0146,AREA-04,East Gardens,Residential,REC-01755,2.211304342830026,165.85345894092185,34946,1052,,0.7769689910053507,3.482312864500504,0.1505952571686299,52.0,1,4,14,0.2734988643180697,0.7761410997579912,0.4987405967922489,0.8203487458749155,30.309311120671637,43.09528073885385,Medium
SYN-0146,AREA-05,Hill Junction,Residential,REC-01756,1.8950023867854096,129.45962514332032,60633,679,121.0,0.7962752248810856,6.900661468307056,0.23479012704125765,248.0,3,0,32,0.3970624162204574,0.3136007596578151,0.8443279038002914,0.9506549139451317,30.019571203840833,48.71528449963478,Medium
SYN-0146,AREA-06,South Ward,Peripheral,REC-01757,1.543576939816258,123.76285056208862,9842,2129,22.0,0.4554086766532741,26.750946772193245,0.5213280769770856,159.0,3,7,7,0.2126645561769911,0.698902049911861,0.8290848765052965,0.6975242809139542,85.28753675258422,39.52057014849318,Low
SYN-0146,AREA-07,North Estate,Residential,REC-01758,3.7395564949535047,279.4263216233541,8589,14208,29.0,0.4746699323732128,15.997632228807754,0.34770813602743694,247.0,2,2,10,0.6145266157592687,0.42098667395465106,0.753506574561068,0.8524086169395333,64.69646562904248,65.32999710336594,Medium
SYN-0146,AREA-08,Canal Quarter,Peripheral,REC-01759,1.606673618437169,121.23114525786399,57788,504,105.0,0.5402767714864227,28.714432683501197,0.6336750316512391,173.0,0,7,48,0.24507560602512396,0.44296117930883755,0.5441349755663044,0.7925627365793002,89.17068109937225,56.475446036704675,Medium
SYN-0146,AREA-09,West Park,Residential,REC-01760,1.4355322334236267,148.6529841362894,44535,2324,92.0,0.9528856331542552,13.952574822161473,0.10807069345193196,355.0,1,5,17,0.061639228670224006,0.5092176692287992,0.2515299566685143,0.8562424149101971,46.61224355430302,35.467947983600496,Low
SYN-0146,AREA-10,Lake Colony,Peripheral,REC-01761,2.3154422610800616,140.29677842050722,13437,12044,32.0,0.6914836225340374,29.281529434834958,0.2636174859066436,430.0,1,5,7,0.5545545836682022,0.21280506491596463,0.6206760716201755,0.7033343775753904,82.5602296218105,50.36610194911305,Medium
SYN-0146,AREA-11,Industrial Ward,Central,REC-01762,2.16971793455598,145.63429668350065,58432,11917,129.0,0.5821760318757396,12.407278526190513,0.06866539687026318,305.0,3,7,17,0.4410992626213524,0.886940938146459,0.6647776766532815,0.8526095356516104,51.1136766729891,40.00575741244092,Medium
SYN-0146,AREA-12,Outer Settlement,Peripheral,REC-01763,0.8444011642317137,114.65975972573492,8897,5764,8.0,0.7562664549628382,29.285295035493824,,,0,1,5,0.05104749524596816,0.608146717434203,0.4957048644445695,0.8550667615890162,81.00580269361544,35.15670436502498,Low
SYN-0147,AREA-01,Central Market,Central,REC-01764,3.412885846793735,318.86524461842487,45143,16936,143.0,0.5520171146697299,19.273816736497952,,229.0,3,5,21,0.5918377383183969,0.5545805511900943,0.8735576846141903,0.8554670964635611,66.04913385055455,65.87902698048481,Medium
SYN-0147,AREA-02,Riverside,Peripheral,REC-01765,2.4393875828620772,206.14635955361288,15315,9635,31.0,0.6465806892979932,19.94227923178523,0.2946316390594174,90.0,3,1,9,0.5234587469253661,0.5878448211340175,0.17763456134815572,0.7124071135536497,66.65446331777886,49.42527884859379,Medium
SYN-0147,AREA-03,Old Town,Central,REC-01766,1.6259983669701674,120.66345457681153,6912,12526,14.0,0.5712860386400822,1.135901957533175,0.28232761295559466,187.0,0,7,4,0.27768864935927223,0.6191720172937412,0.7833617199940761,0.7865030170425109,29.122388896188962,33.667288784850804,Low
SYN-0147,AREA-04,East Gardens,Residential,REC-01767,3.465770534625843,231.881708221588,52889,14718,171.0,0.24963744749186606,21.701040284018035,0.1577850558271345,90.0,0,2,35,0.7644389248378114,0.4570035477522554,0.8230329333465871,0.8089048792081818,90.01017428097681,73.140323991519,High
SYN-0147,AREA-05,Hill Junction,Residential,REC-01768,3.0152837004196673,224.73598072431935,55462,13966,146.0,0.5824381032421452,11.438960048847779,0.05771756195622615,57.0,3,2,21,0.8526893844334146,0.3046767995504548,0.6025221132218385,0.8799267724710289,56.602124818787196,66.36791303312204,Medium
SYN-0147,AREA-06,South Ward,Peripheral,REC-01769,1.5031096495844125,175.69936737461808,9113,8676,,0.3657946303731306,25.55992261936937,0.31837558152475576,448.0,3,5,8,0.23538366662136945,0.6569049180033969,0.810211439526551,0.9822138719540958,86.13258411938055,47.33981271470252,Medium
SYN-0147,AREA-07,North Estate,Residential,REC-01770,3.9364895153489234,311.29859950976413,8320,11529,26.0,0.46792015702859835,10.497896599825392,0.2945495558407715,236.0,1,3,4,0.5861780167265835,0.7617824736496535,0.26968014562126597,0.6787070112292728,63.299326508292864,55.48254545617322,Medium
SYN-0147,AREA-08,Canal Quarter,Peripheral,REC-01771,3.0417811378356983,200.60475235470113,40901,4340,126.0,0.5252155735329312,17.603666059363142,0.2657214055650956,315.0,3,6,35,0.3882344127301295,0.44175564899567715,0.37620124150747625,0.9819456210787496,65.84175834505017,64.85651583109362,Medium
SYN-0147,AREA-09,West Park,Residential,REC-01772,2.506586350642707,213.79849289753113,4294,13480,9.0,0.7974074999093538,8.522811213628657,0.2234320004930611,216.0,3,3,0,0.15213543700235,0.4376673282165824,0.2451106574885718,0.9505417315521247,37.87973354368675,36.981682215820896,Low
SYN-0147,AREA-10,Lake Colony,Peripheral,REC-01773,3.7869182876401677,329.1911674659307,49136,16840,,0.27512324957965734,17.46169825931854,0.25328220381196764,296.0,3,5,34,0.7809304541139852,0.6182545453556678,0.3508435827826272,0.786093837737252,81.73133283583078,63.49229423046261,Medium
SYN-0147,AREA-11,Industrial Ward,Central,REC-01774,2.6421814702064563,247.1666151479855,59728,13644,171.0,0.6494363917073148,13.168123342478061,0.44580485574177725,160.0,1,1,43,0.3979443211601489,0.6453172661171863,0.2322759097732827,0.8458673472592813,61.09582678106866,62.575515624605565,Medium
SYN-0147,AREA-12,Outer Settlement,Peripheral,REC-01775,2.492276783059518,241.9145521282059,49442,4524,124.0,0.6092624311309063,26.963301525499062,0.4211254522331656,281.0,2,6,36,0.5204221535396609,0.5595513365348208,0.23107550723752707,0.7421781515198571,86.06519396292171,66.21119646779363,Medium
SYN-0148,AREA-01,Central Market,Central,REC-01776,1.7502140274639935,177.7720516753804,16917,19476,34.0,0.613883635145318,12.949965755319841,0.656353330388354,257.0,0,0,17,0.42087659841732394,0.16872884691785478,0.12464079166602532,0.8234708687685572,53.610058008750904,55.09932446493204,Medium
SYN-0148,AREA-02,Riverside,Peripheral,REC-01777,2.743934471727248,179.8892299913082,14378,14638,32.0,0.6056909096883771,21.04586680992287,0.5644108503455443,101.0,2,1,13,0.32760598436281874,0.3704114866933398,0.6957553658547897,0.935694619916889,66.59028044843316,54.41527048491842,Medium
SYN-0148,AREA-03,Old Town,Central,REC-01778,2.659736494140769,188.66165004112696,45037,18970,107.0,0.6605579698476103,7.439344818292462,0.1486767402151663,262.0,0,6,19,0.3315917123207054,0.5682279524240619,0.3417134218445108,0.652610748884294,40.65446243326916,51.070942309743224,Medium
SYN-0148,AREA-04,East Gardens,Residential,REC-01779,2.2901982321933536,241.04936810343762,6351,13908,20.0,0.6067186878082332,10.719218914769277,0.12829196661366576,148.0,0,5,3,0.5910621320996109,0.5037640390525291,0.5888566153294946,0.9620277693331191,50.783011251747844,44.01580697207593,Medium
SYN-0148,AREA-05,Hill Junction,Residential,REC-01780,1.6464650371875023,136.81724022519506,36106,13384,70.0,0.7864605634608212,4.775724858580496,0.6903891867025886,,1,1,31,0.2660030215560182,0.3428216865456162,0.6555968111518343,0.8359352454209286,30.79450134257261,51.73967977293872,Medium
SYN-0148,AREA-06,South Ward,Peripheral,REC-01781,2.3823980036144436,137.9599787647125,30550,16121,78.0,0.5297441412724092,25.638231222909674,0.37775629776453556,217.0,0,2,27,0.31783182948149613,0.42201032309902786,0.6368991521108269,0.8647849525733226,79.55904943895771,60.107087416534014,Medium
SYN-0148,AREA-07,North Estate,Residential,REC-01782,2.2226150916718743,202.6611723780988,49037,17098,124.0,0.7824427611956815,17.44672734076061,0.3210360052640282,172.0,1,2,31,0.2450150532234731,0.20643546780401859,0.8445836549538509,0.8166361376827252,50.415728587639805,56.44237325054243,Medium
SYN-0148,AREA-08,Canal Quarter,Peripheral,REC-01783,1.2116746652942239,150.6208958957115,15155,9189,33.0,0.6671103360411768,15.00844573859182,0.604224130633243,223.0,2,5,5,0.18497108390090386,0.9125270204854933,0.6758183092234356,0.7352447450891815,54.936113032747826,31.762000514055604,Low
SYN-0148,AREA-09,West Park,Residential,REC-01784,1.1010042392222361,109.1532532381402,50145,13002,78.0,0.87311026571435,12.90717073432457,0.5472173189803089,70.0,3,2,37,0.3644480370544325,0.5450023663902777,0.5927300484019352,0.7822328972976909,38.152271388206266,43.17693567426113,Medium
SYN-0148,AREA-10,Lake Colony,Peripheral,REC-01785,2.7305768233294003,233.98034755877018,46204,18614,122.0,0.4232074505554865,15.98075272564364,0.32823970122934365,438.0,1,0,33,0.5373486950331419,0.5985148113590757,0.20587116797969288,0.8258026881260118,57.151689095553415,56.693448639353555,Medium
SYN-0148,AREA-11,Industrial Ward,Central,REC-01786,0.19694346824023334,27.95573350822051,17419,15692,12.0,0.8598867738033594,21.525399511441606,0.18422247446113596,279.0,2,3,1,0.05463539293066752,0.48804315858687275,0.11699925571064114,0.7994699698696806,54.70421222214427,20.423873921861635,Low
SYN-0148,AREA-12,Outer Settlement,Peripheral,REC-01787,2.4427825418505926,184.85166433846038,24793,2860,71.0,0.5585943791700988,16.275579194718233,0.5201852927675348,57.0,1,4,29,0.5977529368726913,0.6203136364395403,0.6801373852600265,0.8546610147048339,58.42030295075651,46.35929612950511,Medium
SYN-0149,AREA-01,Central Market,Central,REC-01788,0.6899924646510953,30.58278847817637,6625,18232,9.0,0.7957889349066184,19.14504786872831,0.0558817051451336,97.0,2,3,2,0.28249176390497666,0.2660587361394458,0.7939587602993302,0.6610142174840675,52.95126200270473,32.78459305488548,Low
SYN-0149,AREA-02,Riverside,Peripheral,REC-01789,2.119056196358083,145.53224585738485,30584,10962,70.0,0.679401767483727,24.706742237124217,0.3817125169051318,46.0,0,7,13,0.3932706980130501,0.245636732336818,0.579038917791608,0.8997329672138742,73.72662388185837,46.98206990558795,Medium
SYN-0149,AREA-03,Old Town,Central,REC-01790,0.6776843435310542,127.1507426763383,18787,3940,24.0,0.9761920957669072,21.27765886913354,0.2591264671184867,142.0,2,5,13,0.4460817494928452,0.18991557008897847,0.8925526558174458,0.8415959637355811,47.566687255064686,28.73937105282224,Low
SYN-0149,AREA-04,East Gardens,Residential,REC-01791,1.6000462822556716,44.55936552976378,9592,14280,15.0,0.6841797857229395,16.108787857281524,0.41440707997734366,415.0,2,2,7,0.23698360170472424,0.17129386485927692,0.8103982734740426,0.9693889403551,49.43544271138989,40.37805372404163,Medium
SYN-0149,AREA-05,Hill Junction,Residential,REC-01792,0.7549278378639216,77.44979014153836,37494,19418,46.0,0.9199637545238328,13.792584910242713,0.23210462811914256,338.0,2,5,10,0.2575847259697568,0.5443451083869648,0.8510713913050026,0.8229066259334826,47.39741029864884,22.518745249493676,Low
SYN-0149,AREA-06,South Ward,Peripheral,REC-01793,1.1634574336430696,99.6120693575327,37971,17362,53.0,0.6247519712498882,19.669400213969503,0.4322153178894046,399.0,0,6,18,0.1467499796687897,0.7271568789074786,0.6846589554621941,0.6629026359626934,69.31740139108953,36.7862321887291,Low
SYN-0149,AREA-07,North Estate,Residential,REC-01794,1.661928135590196,165.8597567236255,7871,3630,18.0,0.5748125243211715,10.893828507965956,0.29053693373431466,236.0,3,7,5,0.38532983496869655,0.5804073862566115,0.8708564221853933,0.9342305346113604,50.61705366871108,37.05690998901493,Low
SYN-0149,AREA-08,Canal Quarter,Peripheral,REC-01795,0.7024143377944907,21.65652937822223,14095,13152,12.0,0.7099949726151268,10.026096274671218,0.26323452203907893,158.0,0,0,3,0.08726259427130864,0.21257431963457152,0.5803631038147222,0.9795571115273016,48.93146665716346,35.77445119166276,Low
SYN-0149,AREA-09,West Park,Residential,REC-01796,1.8697028184528781,138.6271146337346,7662,3698,18.0,0.7322035859038718,21.935296402238382,,195.0,0,2,1,0.3669813343188556,0.6202681372530966,0.47505799396416026,0.8647486821074422,61.28288369085293,35.71988249060115,Low
SYN-0149,AREA-10,Lake Colony,Peripheral,REC-01797,0.27750060916896835,40.384460505436984,44936,13400,42.0,0.9037189617059685,21.920146995555875,,171.0,0,5,10,0.33306641071406756,0.37928172531906335,0.13663033070099503,0.7838260288943819,61.633364033865035,30.664886003559673,Low
SYN-0149,AREA-11,Industrial Ward,Central,REC-01798,1.3081331849008582,137.18612227498113,23626,9779,44.0,0.8347989457703205,13.326298462217387,0.6050991492349633,396.0,2,0,12,0.3322444136492293,0.6647901688691579,0.8374542588525086,0.8420748025392797,42.538240374090435,33.71104368233141,Low
SYN-0149,AREA-12,Outer Settlement,Peripheral,REC-01799,1.8105706890844373,157.3974562365891,6948,19260,6.0,0.7354410573315662,13.789336544832025,0.3533687410545305,282.0,0,3,1,0.3589827150368551,0.897238657121121,0.4158478884168878,0.9539583338410184,55.82065408911783,44.60257386015154,Medium
SYN-0150,AREA-01,Central Market,Central,REC-01800,3.9260136543539623,245.51005958182304,14471,949,54.0,0.33261814782045634,10.071925288992066,0.18756953675165633,381.0,3,4,14,0.5613712739975867,0.555015207094996,0.17759812879718445,0.6794113367844837,58.207343739855986,62.0303594823864,Medium
SYN-0150,AREA-02,Riverside,Peripheral,REC-01801,4.9311395623100225,350.36096852490317,63493,8520,276.0,0.14443665472713765,14.600770834446386,0.46298144100844996,122.0,2,0,88,0.8444440382587243,0.500489249250561,0.6698869310077448,0.6695269897095365,69.2200409560318,94.45447895757958,Critical
SYN-0150,AREA-03,Old Town,Central,REC-01802,2.7872322070731657,197.847143084191,18484,15690,41.0,0.8071114952217158,5.595298301921033,0.14994911254652973,409.0,1,0,5,0.3435784009899189,0.5543882670828476,0.3664128010037876,0.9417609327621795,35.922377203358934,36.76480710157453,Low
SYN-0150,AREA-04,East Gardens,Residential,REC-01803,2.2946642598428237,203.05831208052385,45282,10906,89.0,0.44701739726790574,12.49834636800979,0.32056669513820585,398.0,0,5,29,0.4888812050955811,0.44896022875899155,0.5350509161302138,0.7088263550786662,55.323887954885784,57.432347735759095,Medium
SYN-0150,AREA-05,Hill Junction,Residential,REC-01804,2.6025155741255985,201.77905382295373,31777,9966,82.0,0.5814133029112969,6.058815124397353,0.2812149843249542,283.0,0,3,15,0.5371779124503806,0.41063543182294304,0.8971667585460924,0.8964535354733127,33.15767156258144,49.653944276945836,Medium
SYN-0150,AREA-06,South Ward,Peripheral,REC-01805,3.926337714160444,347.66924640212335,13858,13643,49.0,0.20173344628602002,23.998580343683845,0.5540579623336059,150.0,2,1,17,0.6328333655171099,0.6032188957372039,0.6239092527463436,0.9700089170062738,97.72548935403536,78.59384449241294,High
SYN-0150,AREA-07,North Estate,Residential,REC-01806,3.796322008337197,266.8429102160769,21711,6225,68.0,0.4450671103223029,8.90935668944535,0.15608883947554328,284.0,1,0,12,0.8323441731489112,0.7236768256970599,0.12001212817203069,0.7343032659777402,53.38679249509897,63.46695319650909,Medium
SYN-0150,AREA-08,Canal Quarter,Peripheral,REC-01807,3.4797889886396267,249.1501532579746,3380,5737,14.0,0.34069584309811823,17.91062526446408,0.34975243247506765,64.0,2,3,4,0.7627123597643368,0.33608613079393956,0.14453642073829498,0.9776172653580617,68.04313437978858,60.91401772038365,Medium
SYN-0150,AREA-09,West Park,Residential,REC-01808,2.4996180216359902,186.51293901642003,49186,7398,118.0,0.7223121295417714,15.746317112082863,0.5324007443290198,119.0,1,7,40,0.43456059541951275,0.49296328813458506,0.5637466632392745,0.9333175571252599,52.25204053536974,51.83573425750366,Medium
SYN-0150,AREA-10,Lake Colony,Peripheral,REC-01809,4.011477495584943,294.9557708157003,23403,8051,81.0,0.3490556297472485,24.08517424050366,0.69272810648199,258.0,0,1,36,0.7364409171960272,0.7354236090754146,0.14063535540610747,0.8896183642718238,83.71531403902945,76.00932768996392,High
SYN-0150,AREA-11,Industrial Ward,Central,REC-01810,2.418219838801262,222.437916573731,33702,5373,72.0,0.5047751139385896,9.477178940225176,0.12726427247800465,437.0,3,3,10,0.3324217736472781,0.8052962575237629,0.10502177409465414,0.8366920547828649,44.463080743551636,43.24618088990754,Medium
SYN-0150,AREA-12,Outer Settlement,Peripheral,REC-01811,4.3251433268232145,307.86818796074795,12050,13916,51.0,0.20390048546325945,29.531816321771778,0.4529106405438167,340.0,1,0,9,0.6881955578616118,0.6480954770556466,0.3569909070851238,0.7279589725506004,96.78638986970616,73.30877968317485,High
SYN-0151,AREA-01,Central Market,Central,REC-01812,5.8,405.1361634098292,54013,7346,275.0,0.18798595410491759,7.893255333158731,0.7150390412642532,136.0,3,3,120,0.837305740991038,0.754025748885706,0.14538113545166553,0.8538758545143227,57.937377945771836,93.21535247670582,Critical
SYN-0151,AREA-02,Riverside,Peripheral,REC-01813,3.8930655478741665,303.7602313664406,16150,8188,61.0,0.4236965293822983,25.08577388682175,0.6778605391420673,432.0,0,0,27,0.591443819212508,0.518744579456659,0.7855968800082574,0.6660641741986473,88.30514009228264,68.15733498152632,Medium
SYN-0151,AREA-03,Old Town,Central,REC-01814,4.0663911391431204,275.9248740277979,37892,4044,131.0,0.7226599946815542,17.66746528242184,0.3604308653273743,238.0,2,1,28,0.6652051928131564,0.3466561151130404,0.3984359060149001,0.7938611150969981,60.76495832846967,68.27072598663652,Medium
SYN-0151,AREA-04,East Gardens,Residential,REC-01815,3.2056168155004783,267.28645877614906,57046,18219,172.0,0.6355491405045831,5.583571850300039,0.2600771863665499,296.0,1,5,37,0.33502539965147404,0.34377916040501333,0.483936982607878,0.8747447217645394,33.16033384658269,63.09918747682005,Medium
SYN-0151,AREA-05,Hill Junction,Residential,REC-01816,2.1517339737474726,168.52466977537762,47074,3220,108.0,0.5772572532094155,10.958229760718947,0.28522550660632956,371.0,1,3,18,0.42784000595744676,0.703528430913617,0.7070658983114657,0.9608872011144736,53.154809068935535,38.39775795700193,Low
SYN-0151,AREA-06,South Ward,Peripheral,REC-01817,3.117729140192748,215.56820744133017,40200,11590,117.0,0.4322564897251116,10.440238025226765,0.1561648799965769,81.0,3,1,30,0.6422769158286109,0.6729369897202279,0.3648346932898665,0.7182418593234042,61.20608620714539,65.33080088558333,Medium
SYN-0151,AREA-07,North Estate,Residential,REC-01818,2.725588437737926,161.9888075819328,58002,18785,154.0,0.6401347621207474,7.931989839923583,0.1165728343045056,120.0,0,1,27,0.45331461143386875,0.3436421591778671,0.3581075446813359,0.6646268386261247,36.13010942739592,60.53476760844879,Medium
SYN-0151,AREA-08,Canal Quarter,Peripheral,REC-01819,2.442300969484913,165.6872911342473,13528,14040,30.0,0.4757509598308896,15.669507503421826,0.5603419616192062,311.0,2,2,9,0.08338111456819819,0.5431984398926631,0.3148886291139304,0.6512522901561777,66.14364084762752,44.005814233866346,Medium
SYN-0151,AREA-09,West Park,Residential,REC-01820,4.977792584213445,357.35792850246094,62722,19606,270.0,0.359539974922263,17.20113037024846,0.1840239029603452,217.0,1,6,51,0.7992729656390958,0.6412502691386949,0.8810816363428726,0.9354574046238742,70.25658097955714,95.30023770344765,Critical
SYN-0151,AREA-10,Lake Colony,Peripheral,REC-01821,3.8181946450375444,285.4111175222179,37291,3657,124.0,0.07288749908668529,14.63522526851451,0.3316039650844409,77.0,3,1,24,0.46915942868882643,0.32004103995785055,0.26765602006573186,0.776628820556516,75.15366101394056,73.36461818466186,High
SYN-0151,AREA-11,Industrial Ward,Central,REC-01822,3.903654695108113,285.2118775927554,28116,10051,107.0,0.5198662972442241,1.5341479437883445,0.15316765233016627,97.0,0,2,20,0.5774548319469419,0.5769780978069342,0.6473322427682562,0.6907243530521147,32.51556371022171,60.5869686643853,Medium
SYN-0151,AREA-12,Outer Settlement,Peripheral,REC-01823,3.3526867384599264,213.52881739655163,18486,19420,51.0,0.3534573659239536,10.496716387283868,0.21351726675809607,119.0,3,1,9,0.7330134791520774,0.7208281433468431,0.6158570321255952,0.9314990635742335,61.07631330439408,60.42092062466119,Medium
SYN-0152,AREA-01,Central Market,Central,REC-01824,1.2770230012512358,116.65200005396844,49057,1837,73.0,0.808052152021364,17.037998496187893,0.106016981221673,243.0,3,4,11,0.0,0.49763577414063326,0.4691371183408114,0.6849170937408826,45.60567514221087,35.01443349526557,Low
SYN-0152,AREA-02,Riverside,Peripheral,REC-01825,2.186960412997452,135.56128961357948,63512,19889,140.0,0.7497122948635367,13.010789581227867,0.4073871273847202,161.0,0,0,42,0.266529899179759,0.8134937212548091,0.7097769303491278,0.8451296595349658,46.200468680729465,50.898426139456475,Medium
SYN-0152,AREA-03,Old Town,Central,REC-01826,1.3894501722498127,92.21718556739043,45632,2497,93.0,0.6540949148119556,14.524835232113176,0.33123903616798095,412.0,2,1,25,0.33112338213088927,0.3553682259265265,0.2442811860511337,0.8765340524995939,51.21721751936355,38.59973029531325,Low
SYN-0152,AREA-04,East Gardens,Residential,REC-01827,1.8398750176257712,192.1452277247766,4547,13563,16.0,0.7751438109648517,5.232794070371996,0.08953250121148743,62.0,3,3,5,0.22241470192512258,0.49964537834149614,0.1633792570794667,0.9655902767581155,29.72631690347999,27.474901102807337,Low
SYN-0152,AREA-05,Hill Junction,Residential,REC-01828,1.2585164289299722,117.7490992590921,31817,16313,46.0,0.9190782894305776,5.654073356514136,0.18214902339653885,217.0,3,5,7,0.11634111689436435,0.392299733069162,0.6111616934991105,0.8016349715462394,23.78070718074218,32.82034586578987,Low
SYN-0152,AREA-06,South Ward,Peripheral,REC-01829,1.1415975546203472,126.86328935964438,48269,4592,81.0,0.7406167173475076,26.93514946584873,0.30055954502428844,190.0,1,6,28,0.4341549993362945,0.328400202571311,0.30874050752174786,0.8876778413856463,70.64973377067346,47.75563200001216,Medium
SYN-0152,AREA-07,North Estate,Residential,REC-01830,0.2897885347244953,100.84350198912078,27339,16781,15.0,0.7657265284761495,15.322810180846604,0.14200458607027727,92.0,1,5,2,0.09370457633001208,0.15308887992735695,0.799531774311505,0.6551188313977325,59.605033396267714,32.1048223039196,Low
SYN-0152,AREA-08,Canal Quarter,Peripheral,REC-01831,0.05,40.567581675836095,50812,11080,32.0,1.0,23.74491652702193,0.3505153677928528,354.0,1,0,6,0.12044962265717044,0.2846662605200781,0.5566181289568953,0.8319948118373143,44.563724001600505,25.150046939626694,Low
SYN-0152,AREA-09,West Park,Residential,REC-01832,1.2060703463528637,146.25406773000077,46705,12848,65.0,0.8057876654618363,20.502175191384918,0.423269353237969,352.0,1,4,20,0.26037209053705024,0.483277031259323,0.2475082230846093,0.805260902924919,61.78574052140155,41.53758527152551,Medium
SYN-0152,AREA-10,Lake Colony,Peripheral,REC-01833,1.4605172208005712,145.5877632021842,6697,2428,15.0,0.6122226870785565,28.274356790138093,0.43407855883660657,62.0,2,1,3,0.2628232237919486,0.7172923462959805,0.32786091427003267,0.7540149523080104,85.11292291490851,32.46605577716731,Low
SYN-0152,AREA-11,Industrial Ward,Central,REC-01834,0.38641583783895217,42.56852531003753,37372,1758,41.0,0.9086438368393963,18.783351751985816,0.21500438179371095,261.0,3,4,4,0.2160856288364802,0.39860037741185467,0.5776722453243007,0.9718975683329234,51.773403969645145,32.218246472349925,Low
SYN-0152,AREA-12,Outer Settlement,Peripheral,REC-01835,1.3877399751782789,124.8964759829654,13241,1582,28.0,0.6398588365543709,12.858701490613225,0.3959463400240719,243.0,2,7,9,0.4599315883991208,0.7921829855463456,0.8454388535696538,0.8807172938229596,51.673200849046786,34.480431719162986,Low
SYN-0153,AREA-01,Central Market,Central,REC-01836,2.654166505220254,189.00343014790792,32907,7139,98.0,0.48559512853919123,4.485523990793443,0.4769241955148664,60.0,3,0,31,0.24033905325009827,0.5297451194290477,0.4054610130151737,0.8478978533018059,42.88761256047426,52.191694374244776,Medium
SYN-0153,AREA-02,Riverside,Peripheral,REC-01837,0.8863580499803494,114.97354913555924,26519,6408,38.0,0.7757039433320292,30.62385478357398,0.4100090848344059,132.0,3,7,14,0.14348825892094594,0.5239535592093559,0.1477575483244963,0.6958987119700226,77.74971939024059,35.30623550709048,Low
SYN-0153,AREA-03,Old Town,Central,REC-01838,1.8790647272442518,191.06861303664004,52931,12746,107.0,0.6652629772361246,13.107053787006636,0.3410297832559741,191.0,3,7,29,0.3079936047328973,0.38090591384143974,0.651772256160666,0.888246269053293,47.937045649446326,40.635568294471234,Medium
SYN-0153,AREA-04,East Gardens,Residential,REC-01839,2.9369755698162274,188.89951558021616,56759,4847,138.0,0.6693300128837076,12.537354216353181,0.1746163293588127,272.0,3,7,21,0.4379826600652348,0.43069722059960325,0.5451051249502498,0.8100522132714286,46.88563238649044,58.69495622294305,Medium
SYN-0153,AREA-05,Hill Junction,Residential,REC-01840,2.920811438344448,202.48479543170637,31341,9183,77.0,0.6531978578655989,11.61957780867869,0.08697097398432965,228.0,1,0,13,0.6045291819275539,0.8807721079283176,0.7033140278708052,0.895168113087954,49.664907323327604,47.159350085315424,Medium
SYN-0153,AREA-06,South Ward,Peripheral,REC-01841,1.6882245217080443,138.01045810898037,36062,19184,71.0,0.838728896372531,25.45171502251778,0.14479567500490234,241.0,1,5,13,0.31219727552029425,0.43585326393276114,0.5012224761917399,0.907723833482071,70.09334062651669,53.81767889781136,Medium
SYN-0153,AREA-07,North Estate,Residential,REC-01842,2.7379228952276407,192.5109136408882,41630,19363,92.0,0.5912948174634086,13.48773732168527,,338.0,1,2,20,0.6873772262710736,0.35154902670503174,0.41893581279467584,0.9382307641286082,48.24607470845245,53.23506984020507,Medium
SYN-0153,AREA-08,Canal Quarter,Peripheral,REC-01843,3.4290902351162305,254.86086925491978,43456,15083,136.0,0.3035373969583497,13.147708945340167,0.40004941734190624,108.0,3,0,36,0.7035470083015707,0.95,0.4441504838992225,0.8058466392656801,64.02948547617578,64.89789289031619,Medium
SYN-0153,AREA-09,West Park,Residential,REC-01844,3.2328228220205713,260.02327537105555,42210,11656,112.0,0.3710357246987942,3.1515756664020538,0.26296919357333676,68.0,2,0,18,0.7025680962047539,0.5757805238114151,0.7495106853261673,0.956893034608145,38.589449911366536,66.5729100584166,Medium
SYN-0153,AREA-10,Lake Colony,Peripheral,REC-01845,2.534935825216705,242.35377071603034,51438,14418,127.0,0.7883101907986387,16.359379963862896,0.1849592390069099,389.0,3,1,22,0.27858959780443615,0.46809499063589616,0.41186743002262094,0.7778859522546353,46.702559794607126,53.58396630133507,Medium
SYN-0153,AREA-11,Industrial Ward,Central,REC-01846,2.2367834041684187,169.22311784715228,63873,14642,147.0,0.7663032829983574,19.27101022880003,0.11934410372823907,135.0,3,3,29,0.27606692314602344,0.2515279549589386,0.4712388118643642,0.8821687634518045,55.73234797795295,55.06991638570976,Medium
SYN-0153,AREA-12,Outer Settlement,Peripheral,REC-01847,2.107688867360249,159.43251006777484,54257,15349,104.0,0.5018331680279902,18.44676671706467,0.4791944622334812,245.0,2,1,29,0.26443850330900204,0.6113695353082421,0.3003074407091718,0.7754111475014969,61.437627335005956,52.17291980600248,Medium
SYN-0154,AREA-01,Central Market,Central,REC-01848,1.6980397182091576,160.52931613469931,10919,7890,17.0,0.9654530501627743,19.31782109272635,0.2430189063135832,65.0,3,0,2,0.44178087597158017,0.713201822877499,0.11135392099274757,0.9623798366319585,41.2123760052292,27.221257121158892,Low
SYN-0154,AREA-02,Riverside,Peripheral,REC-01849,1.4798670703957422,133.63136063363655,32267,7514,62.0,0.8355580962109199,22.02823235608281,0.4669627553652094,444.0,2,2,19,0.13058335739680665,0.6218095667275357,0.2693217687829097,0.7984021293028774,61.268594507269306,53.44513905556898,Medium
SYN-0154,AREA-03,Old Town,Central,REC-01850,1.8273070967631921,110.98998821028471,31330,11591,73.0,0.5820237061585366,20.519869740169284,0.7026669915184304,332.0,0,3,37,0.1919990608885739,0.5265695592066888,0.74570544584902,0.7234914013740003,72.67990443262616,54.97433815445577,Medium
SYN-0154,AREA-04,East Gardens,Residential,REC-01851,1.4292829423783533,106.00067269477753,34299,19877,66.0,0.7094834030569539,19.573204777649693,0.2594697292402192,,2,2,16,0.10365117364165888,0.3863027884071475,0.8322927298000858,0.9943270952926931,59.44173618973316,39.86970081832962,Low
SYN-0154,AREA-05,Hill Junction,Residential,REC-01852,1.9787950521593853,157.06980246403862,35528,13984,73.0,0.7070897112784417,8.895294132696613,0.19161572214614073,430.0,2,5,16,0.660162441625348,0.5316212088396518,0.6933173342740517,0.7553536190794756,44.334399376545235,49.31523336300964,Medium
SYN-0154,AREA-06,South Ward,Peripheral,REC-01853,1.399457918247592,153.21219007898128,47375,11826,74.0,0.5556656799251016,21.574179493898335,0.36933439945180935,142.0,2,1,25,0.2161751572146638,0.3539511036105139,0.44978570662677375,0.9680823864577613,74.99097915252086,39.236097348778465,Low
SYN-0154,AREA-07,North Estate,Residential,REC-01854,1.951534864786781,199.05320969604185,28813,19410,68.0,0.7151955833805481,15.904069371760851,0.26286555581876253,208.0,1,2,18,0.3888423727848845,0.4986365802090072,0.644008368407461,0.943752932679379,49.06416523674902,41.7743875954104,Medium
SYN-0154,AREA-08,Canal Quarter,Peripheral,REC-01855,2.020442108174743,138.38437553527746,18958,4580,50.0,0.6825735384283106,10.958753449261247,0.4424912385084085,402.0,0,1,12,0.19986627320303288,0.5829182739499226,0.19905824530090552,0.838159120690162,40.69688877426695,37.575666493191775,Low
SYN-0154,AREA-09,West Park,Residential,REC-01856,0.6801625877015809,59.977273547156315,31099,15629,25.0,0.7399859347231035,4.357965928238933,0.257474819204807,255.0,1,1,4,0.22847143927399427,0.43917808857245966,0.17362272580464522,0.7496327300404441,22.154777964579743,29.83940254054919,Low
SYN-0154,AREA-10,Lake Colony,Peripheral,REC-01857,0.05,67.99495437626588,55905,13635,46.0,0.9081600657568725,25.330974392529292,0.743541422608732,335.0,0,7,28,0.0,0.46899135339048836,0.250133257761636,0.6743027298470036,65.72244674922784,28.239541495156686,Low
SYN-0154,AREA-11,Industrial Ward,Central,REC-01858,2.558578176693074,191.2984897355619,21964,5590,47.0,0.7820188123148941,20.205351867186167,0.2182148474593356,228.0,3,5,5,0.3089493666914591,0.31164352182475563,0.5832131551074574,0.738611522841146,61.878914603198865,50.41969832685036,Medium
SYN-0154,AREA-12,Outer Settlement,Peripheral,REC-01859,1.529110876451241,148.94806989505696,3799,11277,7.0,0.7139509060092889,16.37660636877274,0.8,217.0,1,0,3,0.16708694480523356,0.17898328176057055,0.4362782928124508,0.9605485651341817,54.36234430825766,48.37934751664086,Medium
SYN-0155,AREA-01,Central Market,Central,REC-01860,1.5811851524881586,135.8767020661003,63518,10842,,0.7695601160780468,9.27431403201113,0.2690485624045451,207.0,3,1,34,0.2897954433690193,0.6908513571115,0.24637270585371757,0.7491903420118513,34.08373217054188,48.066514005712264,Medium
SYN-0155,AREA-02,Riverside,Peripheral,REC-01861,2.381718271110087,194.58026363403135,14735,12376,38.0,0.466387230895437,28.36291509710103,0.2425158682314266,374.0,3,0,7,0.30178316749455136,0.8361149942475781,0.5365267776664708,0.7316480784795383,87.8480697217408,46.590930733603834,Medium
SYN-0155,AREA-03,Old Town,Central,REC-01862,3.570273302780919,258.4430810584039,40177,18974,151.0,0.5998627622625934,6.589864755919792,0.11971474352805113,243.0,3,6,20,0.7779253225949666,0.6723504940599552,0.8292694861805651,0.6699519535025026,42.82218969413363,61.02124986686797,Medium
SYN-0155,AREA-04,East Gardens,Residential,REC-01863,2.7290324039787417,249.68305160804547,52512,5703,151.0,0.47670504999721186,20.44771960205099,0.3376153705292291,212.0,1,0,45,0.5152255185276279,0.5129983574773622,0.5410323970751001,0.8311227425619683,74.95025359290398,59.47718318449608,Medium
SYN-0155,AREA-05,Hill Junction,Residential,REC-01864,2.5431247334297544,157.5523590953553,19654,8493,58.0,0.673097554651249,3.9632281730943637,0.15972586723371826,247.0,1,0,13,0.3411017111081784,0.5966954354026277,0.5140527461827266,0.8406851255529572,33.73421958075743,45.5792253822852,Medium
SYN-0155,AREA-06,South Ward,Peripheral,REC-01865,4.0734793571354295,291.6674492516248,23766,11908,70.0,0.3127747779674377,15.293914471246268,0.5673115583925964,241.0,0,4,20,0.7986272754374583,0.7657831026714086,0.3839956859490522,0.8907394633226776,69.80639189394526,72.62667250951013,High
SYN-0155,AREA-07,North Estate,Residential,REC-01866,2.1149441517780074,206.9750946215035,20030,2225,39.0,0.8389811418962441,1.7442115638984148,0.11992503793929032,127.0,0,3,9,0.3052965434102343,0.6599546362319979,0.10988929290172181,0.9535160303338228,25.806991416351174,26.420211994380303,Low
SYN-0155,AREA-08,Canal Quarter,Peripheral,REC-01867,2.314251182681189,182.80884289262525,11864,1951,30.0,0.48607498309636676,11.963437010000607,0.19180420903111436,192.0,1,1,8,0.31485613397805134,0.39856587523196507,0.2967207612164964,0.6867570862042084,49.74111523113394,40.63879372254727,Medium
SYN-0155,AREA-09,West Park,Residential,REC-01868,3.12188304892367,238.2127046861915,12059,8590,40.0,0.5032080757235121,6.357095638034761,0.08848799223602144,296.0,1,3,6,0.6278117191867136,0.5135608738728629,0.364130357953773,0.7804654000196005,39.69786043269071,54.12216995070362,Medium
SYN-0155,AREA-10,Lake Colony,Peripheral,REC-01869,3.2651378145281615,279.58206738509284,14172,16398,45.0,0.2738569214902866,23.75804229778894,0.6020535727056926,385.0,1,3,14,0.2498506866481099,0.5574758075254673,0.4634896003006034,0.8653254609433354,82.02240344249877,56.44938395531154,Medium
SYN-0155,AREA-11,Industrial Ward,Central,REC-01870,3.3498482963576413,270.1799377463626,31128,7602,101.0,0.5834953514619793,5.218228880371641,0.08183426234519686,205.0,2,1,15,0.6464860974003853,0.9306032733158713,0.8377644144832141,0.7169055582212387,35.1979532032777,46.812283272346804,Medium
SYN-0155,AREA-12,Outer Settlement,Peripheral,REC-01871,3.6817643045402138,303.19057736707316,35672,12295,120.0,0.31369509620050023,29.725456030215163,0.5307579461457188,411.0,3,3,33,0.5280560087843966,0.8781275530220504,0.3404594280164422,0.7448411554553086,104.35211010095865,69.40127674063453,Medium
SYN-0156,AREA-01,Central Market,Central,REC-01872,1.9816285318399474,203.2055738673236,3499,15359,7.0,0.6191231282700252,8.321970292868262,0.35660163504423786,445.0,0,6,0,0.24451854553503993,0.4958454879586378,0.35043221765042665,0.9283255840378078,38.20586907859713,25.89384167421164,Low
SYN-0156,AREA-02,Riverside,Peripheral,REC-01873,2.214272786445461,139.10149777431994,55386,13429,107.0,0.47798385789636166,20.89189154947752,0.6142205979838905,102.0,1,7,42,0.6040218965983035,0.4205606838716348,0.356796056780473,0.6620235695341131,69.07854099815208,66.86342693248011,Medium
SYN-0156,AREA-03,Old Town,Central,REC-01874,1.6153982278426673,129.72986800370808,44744,12061,86.0,0.8382969076775756,14.964118614185805,0.4780485907708909,124.0,0,4,30,0.20548750536140076,0.2600418937538447,0.2713428943336128,0.9626908582802218,37.995313740837126,49.95359276442463,Medium
SYN-0156,AREA-04,East Gardens,Residential,REC-01875,1.8729242778841053,135.45176153513734,6915,11744,18.0,0.6054353411294575,3.8633653315398013,0.175132049321338,281.0,2,1,3,0.4268638022455045,0.6618123428367606,0.4461635021796563,0.9245729748596057,36.79977563259899,38.94964388776122,Low
SYN-0156,AREA-05,Hill Junction,Residential,REC-01876,1.9087929793376415,172.16622964423564,55169,10805,132.0,0.6110690670951682,15.441794836665963,0.3298416470807603,152.0,0,6,32,0.35164153072274307,0.21829818524480132,0.6981092160628029,0.7636261946738081,56.35812672661221,53.17974106873519,Medium
SYN-0156,AREA-06,South Ward,Peripheral,REC-01877,1.9948441439499627,199.19297837115099,4405,19753,8.0,0.708285190909091,12.531888202662385,0.4904314654112888,87.0,3,2,3,0.3784329470336092,0.8649594778967659,0.6879706756017528,0.7714235981587763,53.76159525237938,33.39365115759194,Low
SYN-0156,AREA-07,North Estate,Residential,REC-01878,2.4407974813609425,121.94534563616865,37532,8256,108.0,0.6383538835099314,18.351922431100622,0.4992887108119317,363.0,2,1,35,0.37673450928757396,0.6010022082802697,0.10317191192739746,0.7351818480269103,68.2309316033461,49.20898542536516,Medium
SYN-0156,AREA-08,Canal Quarter,Peripheral,REC-01879,2.266882180850599,138.1423366212552,31573,2111,68.0,0.677289904999033,20.24962511170426,0.16310670149131018,403.0,3,5,8,0.34148783652728537,0.7379354174717879,0.7147801084417179,0.6525861835661768,57.89043653386571,46.02569150520451,Medium
SYN-0156,AREA-09,West Park,Residential,REC-01880,1.8581392376148804,96.84804493031686,33883,17604,74.0,0.6967378088968169,2.877296625359052,0.10863020242324083,137.0,2,1,13,0.49304847975524047,0.7085918591196011,0.41446541251086355,0.8973135740622773,27.58707064208437,42.337404512411105,Medium
SYN-0156,AREA-10,Lake Colony,Peripheral,REC-01881,1.175464847341902,88.6881080594928,62261,9617,102.0,0.7152998134445379,24.860360110040798,0.28598468675523314,130.0,3,4,23,0.3075660162649049,0.7306054577799501,0.11560868446785806,0.9284770660623523,77.50338923250327,34.546783792282014,Low
SYN-0156,AREA-11,Industrial Ward,Central,REC-01882,1.8769026417449015,161.00580278778935,60441,19631,113.0,0.7559895427880597,2.6081602585956896,0.2391253962613544,376.0,1,4,22,0.2528553919253578,0.4240383866949585,0.8927672671524409,0.7141776236535635,21.345154240749142,38.033497938264034,Low
SYN-0156,AREA-12,Outer Settlement,Peripheral,REC-01883,1.8003514073781388,203.20603543169233,19938,13592,38.0,0.7944251550246794,30.46529078043523,0.6945428379403273,54.0,3,4,17,0.17455343101362508,0.4548677885564352,0.799040047959918,0.7894568965759952,84.10940698647615,47.66810877892308,Medium
SYN-0157,AREA-01,Central Market,Central,REC-01884,3.0702766781101545,197.85505919505698,38728,11837,100.0,0.7268660042098107,10.526039656278108,0.3517675091118007,46.0,1,2,28,0.4415759316793459,0.7790031693719437,0.3860801085639878,0.8090262815511634,29.582853217237272,56.054175611990225,Medium
SYN-0157,AREA-02,Riverside,Peripheral,REC-01885,4.680951659971917,413.5252108285868,62448,12243,268.0,0.3630552121870117,18.041220456107663,0.3416921957882404,345.0,1,3,79,0.8979380424014138,0.7720753316970396,0.6456417934609134,0.6812725632661384,71.30174663834032,90.0426235611268,Critical
SYN-0157,AREA-03,Old Town,Central,REC-01886,2.4967131914266076,215.4068198884098,48053,7501,120.0,0.5750018888080279,7.606137699941886,0.3239540999828111,117.0,1,0,22,0.557561878197737,0.5834945365117294,0.6102080854805427,0.7514904850697118,39.11566227273717,57.33499793550229,Medium
SYN-0157,AREA-04,East Gardens,Residential,REC-01887,3.253562629559884,265.6977597002712,57980,14577,179.0,0.42608168353563014,10.448260145949284,0.35569697486795393,313.0,3,6,27,0.6088536705018924,0.370702985422959,0.8883479539670383,0.7513377249882341,59.207003757481345,66.36555204218814,Medium
SYN-0157,AREA-05,Hill Junction,Residential,REC-01888,3.770501068055035,303.85544940129506,29676,6533,118.0,0.5634248260396039,17.404441998457425,0.2822596418567531,206.0,3,5,27,0.43440433293082903,0.6424002700193996,0.24525781667880528,0.9499308422068415,60.41486132548382,67.83415640204227,Medium
SYN-0157,AREA-06,South Ward,Peripheral,REC-01889,2.9941329455391026,189.50457842744896,20195,19611,67.0,0.6260325519006237,20.923268581154154,0.5383566805363027,208.0,2,0,25,0.589475647253296,0.2958474659361028,0.2705001784287875,0.6871711461171596,70.93817439734953,60.42106929923577,Medium
SYN-0157,AREA-07,North Estate,Residential,REC-01890,4.786007509597328,330.6224814223146,34416,12097,141.0,0.4694971965106225,14.509633386167936,0.17979368900520898,428.0,1,6,19,0.9540973026985697,0.4531958280718675,0.6360327659302909,0.7328040169920214,62.89389488088925,75.25137349793562,High
SYN-0157,AREA-08,Canal Quarter,Peripheral,REC-01891,2.6132999808744146,176.42694913674148,53559,9951,127.0,0.5157039135575924,11.205213745974365,0.5520465395819032,293.0,1,7,45,0.4563767822937669,0.7194031746145674,0.16011095015529309,0.8089670875828039,48.04612278308781,64.83185778282244,Medium
SYN-0157,AREA-09,West Park,Residential,REC-01892,3.1750027921156336,262.91147789496847,60550,5568,,0.6428366344887092,18.88526401339656,0.06901702896907337,144.0,2,6,28,0.7667434986914723,0.6014705508423839,0.7567214154058742,0.698507855919139,66.53737956319223,64.70533460579966,Medium
SYN-0157,AREA-10,Lake Colony,Peripheral,REC-01893,2.2766868183452105,157.9208533493117,45366,16052,107.0,0.650710363801886,21.096469380431063,0.30385930788899485,356.0,2,1,24,0.22093132434846816,0.575616183226692,0.2712610453648375,0.7208282496383415,68.92417699499126,54.410631428200396,Medium
SYN-0157,AREA-11,Industrial Ward,Central,REC-01894,2.6345116261449615,201.87417020940092,46657,9524,121.0,0.6490415073052339,12.001767444552918,0.6467094689326875,99.0,1,5,50,0.5212621734777972,0.6237907856183804,0.713628274137415,0.9841811557307699,40.53213102015228,61.36461878430943,Medium
SYN-0157,AREA-12,Outer Settlement,Peripheral,REC-01895,3.114878542576922,219.50731523440967,34488,10202,90.0,0.4670018390076708,15.299368858306075,0.5690195384418661,109.0,3,1,25,0.3967198607472604,0.859028258793889,0.22286860115072962,0.9539611839553106,64.5727736063568,61.13528115628605,Medium
SYN-0158,AREA-01,Central Market,Central,REC-01896,3.788057685135274,326.0916068563084,22475,3534,83.0,0.4814553644973982,2.622872013200967,0.47090594678656283,203.0,0,6,26,0.7583679765381957,0.6029320993042665,0.6922429500705737,0.6947286475105682,33.66893709104985,62.67551307253284,Medium
SYN-0158,AREA-02,Riverside,Peripheral,REC-01897,3.3662903025079496,237.5354134122959,28932,14934,75.0,0.31414777365541874,17.057359880857522,0.48267324187250793,164.0,0,1,30,0.6345916864402482,0.45774380235829587,0.1642368341730734,0.7451723725342089,73.92014549610984,72.81196224373201,High
SYN-0158,AREA-03,Old Town,Central,REC-01898,4.118306314756879,271.6543282082442,33606,1863,141.0,0.3411108234273226,18.188369573501358,0.4138550333537522,441.0,0,7,41,0.9025470838043406,0.8465369598852124,0.18328128901831953,0.9545482931142197,74.0419940422337,71.79153964435808,High
SYN-0158,AREA-04,East Gardens,Residential,REC-01899,3.035042186814953,248.688296779064,53468,10236,167.0,0.49091525046475,12.487769635888434,0.4936728822034613,239.0,3,5,67,0.5658053953541456,0.36329655280603596,0.1388103044935005,0.77284632272669,60.43853814209216,59.617958316381504,Medium
SYN-0158,AREA-05,Hill Junction,Residential,REC-01900,2.845279611417886,220.0355580671649,37209,15737,103.0,0.40975244118759535,6.53594857614252,0.25088353842351196,206.0,0,6,25,0.4257325464023983,0.6851283730271294,0.6276544884618309,0.8046169914652539,51.46841976053026,52.266578696899494,Medium
SYN-0158,AREA-06,South Ward,Peripheral,REC-01901,5.2742025211126,421.9070527941656,52067,9310,228.0,0.1587548383260451,22.454955527798834,0.2869916650839892,299.0,2,4,53,0.8201053280282434,0.6512325906674868,0.23242466545994722,0.713881663015111,84.68643928074232,85.06966881590385,Critical
SYN-0158,AREA-07,North Estate,Residential,REC-01902,3.426404554842715,268.906942431524,4210,3535,21.0,0.5154345575815128,8.37725930868881,0.1562668296179347,222.0,3,0,4,0.541046156885588,0.4577262286389252,0.3907773667303165,0.8414240363202309,43.602188174988974,37.485974300917114,Low
SYN-0158,AREA-08,Canal Quarter,Peripheral,REC-01903,2.5354291985062525,209.9917797066168,49808,19305,121.0,0.6164756084911689,14.697531873479855,0.5272886381844517,291.0,1,0,43,0.3612846481372731,0.604122565999421,0.8110193141318911,0.7008148417063529,53.51806704796259,55.53421574080845,Medium
SYN-0158,AREA-09,West Park,Residential,REC-01904,2.5556034254906352,229.4552677105728,34191,1203,77.0,0.7935015943888045,16.537645592494528,0.07385206777922239,210.0,3,6,9,0.5875869807501135,0.49485655617411084,0.35381056597381666,0.8333129963061399,56.71238167265413,51.27274892596437,Medium
SYN-0158,AREA-10,Lake Colony,Peripheral,REC-01905,2.356870503664018,203.99123088780271,64890,13867,170.0,0.708953453268621,13.512266666102072,0.48798995166808834,242.0,1,6,64,0.5458883438220763,0.34448970766583364,0.231580428928012,0.9715577832379285,46.69269149010679,64.10573041447252,Medium
SYN-0158,AREA-11,Industrial Ward,Central,REC-01906,3.8602699199745207,311.67679183866977,31982,538,105.0,0.6297780662007372,13.282387774860416,0.5172299695983428,415.0,1,3,24,0.4637902266026714,0.49365560204984943,0.6357260188923812,0.8170237628297556,53.02082662824531,69.8833105464808,Medium
SYN-0158,AREA-12,Outer Settlement,Peripheral,REC-01907,2.819512600974497,241.51319018337617,32407,13807,82.0,0.39441851258888944,25.40721535304833,0.2715366828495066,311.0,1,7,29,0.4745219839990004,0.5471883887766367,0.2271041182931211,0.9374662012330244,89.60079501978167,65.39639457494364,Medium
SYN-0159,AREA-01,Central Market,Central,REC-01908,3.3332812321672174,243.8260164950538,10467,19387,37.0,0.3615055141381299,2.2944878041041665,0.16425813498514458,75.0,1,2,7,0.5630458540438871,0.95,0.6831758329492239,0.850936431648277,40.401759170198076,46.95272628086643,Medium
SYN-0159,AREA-02,Riverside,Peripheral,REC-01909,3.1805843120914137,207.71243883305306,52932,10630,161.0,0.5464074256750541,24.610154953350957,0.47233255866389795,48.0,1,3,64,0.43634195153249133,0.4818677846957169,0.4561921561756348,0.7785317740941501,86.05664506609092,63.286045857330635,Medium
SYN-0159,AREA-03,Old Town,Central,REC-01910,3.8165851779947766,279.7716381098429,46345,664,168.0,0.6315340876648393,1.24050118918101,0.09727817063554513,223.0,0,3,37,0.6886875287146574,0.6297207556199409,0.8474243675124499,0.9797340271226758,24.538910812705627,65.17018290337948,Medium
SYN-0159,AREA-04,East Gardens,Residential,REC-01911,2.5539959773348127,142.82104007234238,56404,1831,150.0,0.8291596568383773,18.048005529055104,0.2921034397634693,172.0,0,0,37,0.600968096761829,0.5731920852993522,0.28577164835167335,0.9989002155707656,55.65213344776189,57.123454727296306,Medium
SYN-0159,AREA-05,Hill Junction,Residential,REC-01912,2.3709334227276164,169.00603108815858,8296,5045,20.0,0.7262688659812188,6.8402890152745695,0.35882546406852145,262.0,1,2,7,0.5021726485289947,0.38541463255676034,0.4892142100421153,0.7638429205769659,36.63111087434909,38.35623988541161,Low
SYN-0159,AREA-06,South Ward,Peripheral,REC-01913,3.410829097387304,246.86547731535788,15725,7491,65.0,0.16287945265334222,13.227094205739794,0.3627905494072161,274.0,0,4,20,0.7301197229042579,0.7896673409299624,0.7810162227237221,0.9960689027073616,70.59383626586894,61.66581905656985,Medium
SYN-0159,AREA-07,North Estate,Residential,REC-01914,3.7121586794019468,317.2393575348193,57311,17730,201.0,0.5241709204957585,3.7375086931087877,0.3841709669979364,393.0,1,0,64,0.5324769715293787,0.5915169650152114,0.6191586362389175,0.9944364313399126,25.85878340848001,73.10020492154675,High
SYN-0159,AREA-08,Canal Quarter,Peripheral,REC-01915,3.4974171021201412,259.8040651027721,5129,1471,14.0,0.45701450985230935,19.149772655674642,0.6104771411481674,165.0,1,4,5,0.5872837830853571,0.5946203837189912,0.2638874622918087,0.7615819743900033,68.66156722097598,62.41944004384154,Medium
SYN-0159,AREA-09,West Park,Residential,REC-01916,2.583828268364167,257.5878361842863,34262,10483,92.0,0.7885130449800473,7.050948795786392,,317.0,2,4,16,0.3387603232154237,0.7186603635082378,0.15658488022922043,0.8095077011116856,23.86534584567707,47.64874299898966,Medium
SYN-0159,AREA-10,Lake Colony,Peripheral,REC-01917,3.773379125315144,296.4369146774992,27796,14934,96.0,0.5232823657338679,19.844500224123742,0.5194900715464456,426.0,0,1,35,0.6576281293555253,0.6123413923511062,0.5488414447859833,0.6643126096755272,66.28931283869126,66.72699230651372,Medium
SYN-0159,AREA-11,Industrial Ward,Central,REC-01918,2.6363025099655215,159.49416751276163,61214,13482,163.0,0.7400736570110671,18.756676881797816,0.21013879708206457,124.0,2,4,37,0.47891786075378995,0.8836175537179813,0.5551046634405932,0.6556164945715924,57.54358724535106,45.406978696015756,Medium
SYN-0159,AREA-12,Outer Settlement,Peripheral,REC-01919,2.814160335812922,254.3720853447948,56046,16040,173.0,0.41554408519068825,12.20440409310708,0.43507242715375677,435.0,0,0,64,0.5842072832835958,0.6169905353820848,0.27173809278360195,0.7053623870820864,69.30892771975702,60.87471533576501,Medium
SYN-0160,AREA-01,Central Market,Central,REC-01920,0.5662085140349392,105.13821144829333,58544,13856,62.0,0.7972367302887895,6.471134618900608,0.12491302177914161,428.0,0,5,7,0.2519871081341246,0.47966123330069277,0.732647386327481,0.743947769629152,34.83365055736339,32.9552802313229,Low
SYN-0160,AREA-02,Riverside,Peripheral,REC-01921,2.3622980127341657,140.27797577553596,20568,1116,56.0,0.6133536164351736,12.37960822875918,0.4297328384150758,192.0,3,3,24,0.4763935951291857,0.95,0.28903953230540125,0.9621058400214431,45.07863768678786,52.64821626950834,Medium
SYN-0160,AREA-03,Old Town,Central,REC-01922,1.8281085666344203,177.6594262348964,39219,17799,66.0,0.6489749874201134,14.378818270783768,0.19344344696160695,362.0,3,2,13,0.201464377564831,0.8579090420895007,0.8776473198483823,0.7645826421985558,53.80201573185778,37.82163628498052,Low
SYN-0160,AREA-04,East Gardens,Residential,REC-01923,1.8053660343556397,197.74116074082548,46250,10227,88.0,0.924265208011295,14.084305671935784,0.306738637272862,134.0,2,6,17,0.1386336133403671,0.18783363119292096,0.6692516462107967,0.9009616016476538,43.307763428205384,51.11168926066678,Medium
SYN-0160,AREA-05,Hill Junction,Residential,REC-01924,2.3191404707265013,123.51948487418659,62966,10105,156.0,0.47077326161605926,18.818284524253585,0.23154733922676018,53.0,0,6,32,0.44892581547238986,0.5369999665268796,0.5845623204706335,0.9813529858385203,69.30969541820285,54.09730085454706,Medium
SYN-0160,AREA-06,South Ward,Peripheral,REC-01925,3.57149073240352,236.8994173602251,2959,18069,8.0,0.4480176909508672,25.32005692760157,0.42377944679928037,131.0,3,1,1,0.7753109884639322,0.7020024319647795,0.624061177216196,0.834205777922002,82.81175369576064,56.350644527976705,Medium
SYN-0160,AREA-07,North Estate,Residential,REC-01926,0.05,68.84364457579451,63564,15510,42.0,1.0,15.688587341055575,0.462382801774084,88.0,3,4,13,0.005358308085144243,0.020506436795651853,0.10522673771662544,0.9437817305527737,38.60512880164593,24.16611823351623,Low
SYN-0160,AREA-08,Canal Quarter,Peripheral,REC-01927,0.7306700691108545,79.29480297133844,24710,2569,24.0,0.7528941902207409,13.370789809816676,0.5806027263046402,222.0,2,2,5,0.0,0.1532825797564608,0.38867280775032687,0.7954913911730722,48.430587923770474,34.8337119306016,Low
SYN-0160,AREA-09,West Park,Residential,REC-01928,0.8284312664729219,135.47060123378213,10517,6356,10.0,0.773005669777222,18.20278082969937,0.40531838559350236,146.0,1,6,1,0.3882425925504488,0.19224793779769855,0.7934378741797071,0.739323260720387,56.79215369995468,38.46129213213468,Low
SYN-0160,AREA-10,Lake Colony,Peripheral,REC-01929,0.6407156359063867,107.36225246491466,40969,7469,52.0,0.5428866546799384,10.15346686242868,0.37913476279180053,432.0,1,7,10,0.16551448533710444,0.15889053707792308,0.8372940538772426,0.9203376542485124,51.9890378067264,43.23415148941013,Medium
SYN-0160,AREA-11,Industrial Ward,Central,REC-01930,0.45930473572957087,92.2113436560853,51346,19037,43.0,0.8719258946691381,16.01358921895577,0.24448599021257567,245.0,0,6,9,0.09708777121415706,0.3975388607244335,0.25307032344713487,0.8752101889086698,51.346808945474,34.225898880345426,Low
SYN-0160,AREA-12,Outer Settlement,Peripheral,REC-01931,1.0816488825682486,142.83014638357912,10609,2817,18.0,0.6669031746923668,27.10595028845244,,136.0,3,4,5,0.040118275640609546,0.4280300453238407,0.8187231639110671,0.8814194596201942,81.56941356175764,31.459427304899442,Low
SYN-0161,AREA-01,Central Market,Central,REC-01932,2.6839912602161626,187.3906255075133,5048,9767,16.0,0.7576496226315519,5.758499466533986,0.2085566680943422,159.0,3,7,2,0.44927782345014805,0.6785405501094176,0.39853825698541434,0.7655122244766513,31.747133336536958,48.04670808366593,Medium
SYN-0161,AREA-02,Riverside,Peripheral,REC-01933,3.925308126477617,283.3543653618625,58537,10219,226.0,0.23651418569951843,16.547606264708232,0.5574930896841483,175.0,2,4,83,0.7366441205430692,0.6387366945569833,0.6567344624408515,0.8237423350469014,72.82464379399548,78.12091389034899,High
SYN-0161,AREA-03,Old Town,Central,REC-01934,3.698632889590578,336.30202828305937,60856,4057,223.0,0.5365238690849741,6.084100633254352,0.5300394575795981,80.0,2,5,69,0.6768013013981886,0.4935244287005098,0.8002398255084336,0.786464505968451,44.41490456031253,81.68970593673126,High
SYN-0161,AREA-04,East Gardens,Residential,REC-01935,4.04209716425861,289.73534175537753,12267,10887,49.0,0.2790376205907791,18.21008394449513,0.4367366523052197,269.0,2,2,16,0.5920964053314764,0.7628633684864917,0.2778482341234999,0.966222152007524,71.14896936988653,68.07351720208288,Medium
SYN-0161,AREA-05,Hill Junction,Residential,REC-01936,4.0634569937582885,334.46342458922055,59003,5029,242.0,0.48874580416387015,9.838325484062418,0.07334213883085686,49.0,1,5,41,0.6703949983381481,0.6762191574133125,0.20879023033188188,0.9760237021661817,37.76313025919837,69.06710831592024,Medium
SYN-0161,AREA-06,South Ward,Peripheral,REC-01937,4.139679715189028,300.65494538266285,59362,8141,230.0,0.03192079761137584,17.632722458050495,0.22134852027884439,273.0,0,7,50,0.6160258149537595,0.624621733083395,0.47817830653735527,0.6896032652796886,75.30102462428687,70.36928682581635,High
SYN-0161,AREA-07,North Estate,Residential,REC-01938,3.3585470829885806,232.83221032152846,64839,15878,209.0,0.7812389497332821,11.54749369817675,0.1933462199939457,335.0,1,4,35,0.7594572371123305,0.8191013221745163,0.5983117432519247,0.8979389984860413,32.47382077812409,62.302670260180896,Medium
SYN-0161,AREA-08,Canal Quarter,Peripheral,REC-01939,5.354188954554621,355.9242928114966,16024,16827,86.0,0.11348544314661078,25.341246803224788,0.7641509867685401,311.0,0,5,40,0.999749703195437,0.6598668951289621,0.5542834395209414,0.7418904544422947,98.95474689724419,99.91188608208532,Critical
SYN-0161,AREA-09,West Park,Residential,REC-01940,3.844819125633365,304.02106507424355,38674,1157,141.0,0.12638523548344788,14.870221712681953,0.06871510011814709,42.0,3,2,17,0.5778830033736038,0.5695478453506179,0.6438698704370163,0.9002577445484599,75.3481764441379,55.31843756481512,Medium
SYN-0161,AREA-10,Lake Colony,Peripheral,REC-01941,2.1672864303478505,217.5166242506082,64642,8489,153.0,0.4904499626841157,24.86278427766427,0.48567694001945,338.0,0,0,43,0.22099804599537076,0.4918596205681446,0.8349728860917977,0.7394979099689715,84.04477594507091,61.80368111040209,Medium
SYN-0161,AREA-11,Industrial Ward,Central,REC-01942,2.8553736358347126,237.80130036625636,58915,881,156.0,0.4951682230128363,20.89649427832008,0.24937905573579142,242.0,3,3,36,0.5092334158402034,0.5210021947922309,0.19169676590571225,0.8057613771130578,74.57399860261867,49.305137355958564,Medium
SYN-0161,AREA-12,Outer Settlement,Peripheral,REC-01943,2.264871841225434,192.37507537071892,40296,2634,95.0,0.4842197664044831,15.357798921008566,0.4084077208326581,364.0,0,0,27,0.31834055343816564,0.6798347580301527,0.8708412896128443,0.7935181969535355,66.53588042589487,44.78901417233955,Medium
SYN-0162,AREA-01,Central Market,Central,REC-01944,1.6891861370072516,112.87776830123249,14819,988,31.0,0.7197569733231236,5.344809326140979,0.33381541039609103,213.0,2,7,11,0.23133422319022928,0.34144277579649174,0.2286246180908326,0.9358376180953869,37.55076912874448,37.644445772200534,Low
SYN-0162,AREA-02,Riverside,Peripheral,REC-01945,1.5778742544435387,140.12797270491836,7771,16041,17.0,0.5795835459788334,23.647198455711766,0.2218567871005371,241.0,3,4,5,0.12675334638000335,0.7413473355868295,0.8461078815950436,0.7732416759893036,78.83752094739,40.03770753378371,Medium
SYN-0162,AREA-03,Old Town,Central,REC-01946,1.3005778753666395,127.49057433985733,18698,10805,33.0,0.7199496482004849,4.0671690429444745,0.15188048169355275,220.0,1,5,10,0.09539393228516417,0.39828601105652134,0.7068522491077003,0.9696740316533391,34.16920767472745,29.832989520658426,Low
SYN-0162,AREA-04,East Gardens,Residential,REC-01947,3.284059323606617,224.6086387529484,6579,4651,23.0,0.4011897404552124,14.512741331210098,0.32367073135191493,69.0,3,2,3,0.5668636389083658,0.874460183508573,0.7490778737272481,0.6863753335831614,71.16903417668189,54.54779680920097,Medium
SYN-0162,AREA-05,Hill Junction,Residential,REC-01948,2.1145047329477347,188.01128511891253,14704,9717,37.0,0.8025840682592875,21.07639890079887,0.2544394441213805,,0,4,12,0.3203920417502463,0.26324636916698463,0.799640900130631,0.7321813977672832,70.45972138382298,38.59392149309697,Low
SYN-0162,AREA-06,South Ward,Peripheral,REC-01949,2.2561971228432736,163.53138838804452,7182,14607,18.0,0.7082686766302912,19.627524884509036,0.52828107421846,317.0,0,0,3,0.6756145801296956,0.6695059861330215,0.19020700259116038,0.7326795259077266,61.29797437431144,45.829960601822634,Medium
SYN-0162,AREA-07,North Estate,Residential,REC-01950,0.9304596433325231,86.25588738576172,50139,5977,61.0,0.8391867911450922,5.508850116700691,0.21318109968500754,377.0,3,7,12,0.22638701914222475,0.5738123865409673,0.6310983728507157,0.73950964068187,35.13368837206152,31.28443800188264,Low
SYN-0162,AREA-08,Canal Quarter,Peripheral,REC-01951,0.8760025206213958,117.7039492043294,39368,8973,,0.7552432491091314,30.89236964583343,0.7424811089405405,282.0,0,5,15,0.007796998334124394,0.3576654078202757,0.37681261114874764,0.8593554239169754,78.65992580598339,50.94608798213433,Medium
SYN-0162,AREA-09,West Park,Residential,REC-01952,1.7047628329637696,196.34382688748525,34867,3269,63.0,0.6261735001619629,9.041470648520479,0.2515930264858248,193.0,2,2,11,0.09985078966524136,0.23841751675242479,0.40422403419221575,0.7863377630497683,40.395630806158586,37.6947501662249,Low
SYN-0162,AREA-10,Lake Colony,Peripheral,REC-01953,1.8137241454079864,200.81268755653366,53098,4758,111.0,0.6346011034432529,12.39128470742493,0.5396094850893771,127.0,1,6,31,0.35006792420696975,0.42541805502921304,0.52089749089522,0.8102040671074198,57.68931059110989,48.93183090932266,Medium
SYN-0162,AREA-11,Industrial Ward,Central,REC-01954,0.1902691799946401,45.70730746507692,28175,4778,21.0,1.0,9.738479332973615,0.12822550677481853,368.0,0,4,6,0.0,0.49724555376834506,0.5791020954251168,0.9960659057330701,29.98610194395732,23.044612158459696,Low
SYN-0162,AREA-12,Outer Settlement,Peripheral,REC-01955,1.5310728154065785,153.58773639661962,27685,2439,40.0,0.6393219726774201,11.840875495360496,0.28945794738837505,390.0,1,3,7,0.4149557965083217,0.3725249198063746,0.6621219499155233,0.9387952234982854,39.780594657809694,39.838497399685934,Low
SYN-0163,AREA-01,Central Market,Central,REC-01956,1.1293799536479634,130.0737932870536,15432,16312,32.0,0.8894158038216189,2.74715938139864,0.3882533923662935,154.0,2,4,11,0.2220536528898533,0.2428635647209238,0.5884720778246119,0.8013987523969133,13.925793786756358,33.412194968150054,Low
SYN-0163,AREA-02,Riverside,Peripheral,REC-01957,0.9460029547322564,117.97786259930929,30302,16621,39.0,0.7846046401836071,10.997825867572631,0.3603750905374068,344.0,2,2,9,0.0,0.38540017085850325,0.28154469284436767,0.9119081064890142,36.74660508055544,34.37972646894704,Low
SYN-0163,AREA-03,Old Town,Central,REC-01958,0.46740995747181835,71.85798221906099,13407,10777,16.0,0.8080658792630759,10.538479347017772,0.29370033172607973,383.0,3,3,3,0.0,0.5685307127566286,0.3896943258491674,0.6952309516582548,32.879526700515015,18.025472712434336,Low
SYN-0163,AREA-04,East Gardens,Residential,REC-01959,0.6864941418122474,121.17846521908245,39330,4767,53.0,1.0,10.639145099734908,0.8,212.0,0,1,26,0.03338184358118579,0.12910508889561542,0.789037553147363,0.7628155848361556,33.957091758271005,29.976767178577454,Low
SYN-0163,AREA-05,Hill Junction,Residential,REC-01960,0.9766349324909227,82.77706990978945,64841,1384,100.0,0.8383535582717218,16.401903106281324,0.332262178085896,274.0,1,0,28,0.21581692135267577,0.2696103271720612,0.6711927981389437,0.976507005871708,44.95327613781424,45.78080367751836,Medium
SYN-0163,AREA-06,South Ward,Peripheral,REC-01961,1.1907623062371977,80.86513061441636,35815,19770,51.0,0.9143618693568305,21.42724921047555,0.35739961978784995,437.0,1,5,9,0.07213009279101676,0.47635432010557566,0.4679381435463791,0.9926373810160001,54.882057016708366,35.58151968469982,Low
SYN-0163,AREA-07,North Estate,Residential,REC-01962,1.601955553389614,152.45138095007968,21189,9097,39.0,0.826176693255761,19.0633883462099,0.4392037063601281,294.0,0,5,15,0.2853307035066315,0.286298348891601,0.2901505779656957,0.9511676357970327,52.04373082730339,35.97748994337276,Low
SYN-0163,AREA-08,Canal Quarter,Peripheral,REC-01963,1.9828072513098567,157.25442306332545,45503,10691,93.0,0.8389189604612399,28.33080666434275,0.4680485529254327,317.0,3,0,19,0.1701298966728198,0.49366758787696385,0.765723128056042,0.8755788503978218,66.27814776295565,52.27802337011227,Medium
SYN-0163,AREA-09,West Park,Residential,REC-01964,0.8826441085273596,152.6025353820177,53750,10286,86.0,1.0,4.589324080573221,0.3863866469254742,410.0,1,2,30,0.14784960169864103,0.8781372348009588,0.29961383733768276,0.9340880470840032,12.594275174075971,41.22911643659411,Medium
SYN-0163,AREA-10,Lake Colony,Peripheral,REC-01965,0.7531973304568732,72.72303557615643,31986,14681,43.0,0.8018151291129411,10.866649958786155,0.3337605973487357,421.0,1,5,10,0.1699360065432645,0.9222339751682681,0.8233014900515884,0.6997645778167649,44.217948111513365,33.36163678031633,Low
SYN-0163,AREA-11,Industrial Ward,Central,REC-01966,1.4682468261766046,164.18556796603957,18145,8994,26.0,0.7076726203409205,15.832907433181886,0.19247090850402812,361.0,2,1,5,0.42008904244572265,0.550116515320313,0.4518710717557842,0.7909714133625072,54.993377237527135,45.75273059970945,Medium
SYN-0163,AREA-12,Outer Settlement,Peripheral,REC-01967,1.606798220477843,156.38323379910702,47116,11542,90.0,0.5708601521607625,10.209619992838503,0.20884740336536395,338.0,3,7,12,0.29726875424559374,0.44594255457449056,0.6299915749542639,0.8589701893228485,31.595374589282482,36.03213587971354,Low
SYN-0164,AREA-01,Central Market,Central,REC-01968,2.266163289934278,143.06722105699617,14204,15444,37.0,0.7467012536071036,9.271394322566751,0.16393505706884323,128.0,0,2,4,0.27968569074561905,0.7965581861830868,0.27803109378468394,0.8581953241869427,35.50057894357319,37.883924020148164,Low
SYN-0164,AREA-02,Riverside,Peripheral,REC-01969,3.2458384181143245,266.53356582435515,64831,19965,200.0,0.4427577515189046,11.134045330324483,0.4236749655879709,331.0,2,3,61,0.7201336801206998,0.5745040338786764,0.22263233020371231,0.7453389424126784,59.021566297521204,72.5487847273656,High
SYN-0164,AREA-03,Old Town,Central,REC-01970,3.397191909466165,239.0192896028806,22363,14184,74.0,0.45370998435580656,10.636389560342156,0.42999583170562916,188.0,0,4,23,0.5442172872327583,0.6456189566750609,0.28962616282628273,0.8709787167272945,55.948651379493654,60.88969922955039,Medium
SYN-0164,AREA-04,East Gardens,Residential,REC-01971,3.6468728090683253,346.8839345396417,24393,5170,90.0,0.5894050004436393,10.44330059967573,0.5282454105886678,129.0,1,5,23,0.7006401470168945,0.3170690983397116,0.545819411027147,0.7494457111977466,57.93629958130128,66.77326506589709,Medium
SYN-0164,AREA-05,Hill Junction,Residential,REC-01972,4.0361803619172445,276.43452098735474,47933,4253,187.0,0.4395873089743096,18.760725182789542,0.04,445.0,3,2,27,0.59914923444579,0.9328789602504668,0.6503048641021604,0.9134610230189943,68.64922905520696,48.96289594001818,Medium
SYN-0164,AREA-06,South Ward,Peripheral,REC-01973,1.9203907256138355,134.91269039072398,3263,8133,7.0,0.71182647625015,23.55757979978953,0.174349355135146,211.0,2,0,2,0.3309585121227289,0.3583824993342898,0.48527643399366827,0.8175767167214363,70.51998556643156,44.404491149376376,Medium
SYN-0164,AREA-07,North Estate,Residential,REC-01974,2.6246422040073956,142.9030280387551,15179,16448,46.0,0.5154936834347776,9.452628281271448,0.05883332376658243,301.0,3,4,6,0.3412882151852125,0.8143056429363595,0.7298306514315992,0.839218133230675,43.87044376303262,33.15512761799241,Low
SYN-0164,AREA-08,Canal Quarter,Peripheral,REC-01975,2.6225457938363146,185.26247403047438,10351,17712,27.0,0.6327801890238961,20.69637796703201,0.5712022330611302,300.0,2,2,14,0.4757621602812908,0.37104336966361706,0.22131840445106096,0.9804565159876133,58.34854785123413,58.8244306414604,Medium
SYN-0164,AREA-09,West Park,Residential,REC-01976,2.5350647817153806,224.34363983706174,26941,9454,66.0,0.7052103988815203,12.531753519341644,0.3654732483650027,292.0,1,1,13,0.5189701683721976,0.44934648731074933,0.8497092494055203,0.9917242211500956,48.677590986924166,51.62154959657911,Medium
SYN-0164,AREA-10,Lake Colony,Peripheral,REC-01977,2.0941133008532775,142.9481407114042,37094,4234,82.0,0.7305324976159695,14.749301240013843,0.3764763319297739,379.0,3,3,21,0.2896429704125999,0.3678278404988389,0.5799365286972678,0.9320194815100631,48.312767435273074,48.41079067795803,Medium
SYN-0164,AREA-11,Industrial Ward,Central,REC-01978,1.4250740339565293,145.85198156309812,13725,13277,25.0,0.9177812953320464,17.28335984570337,0.1892227330072353,375.0,2,1,8,0.171391388666354,0.2635315522849122,0.36574149937671663,0.8021470370030174,61.182323278238734,31.24917501374553,Low
SYN-0164,AREA-12,Outer Settlement,Peripheral,REC-01979,2.6876671933645895,220.21837382689245,24016,12765,62.0,0.4935321848440079,19.811261962720263,0.43024073382295197,413.0,0,5,19,0.49076271844310704,0.5222129720676312,0.5378482845801841,0.8077981629227947,66.94034354449163,57.234854014380396,Medium
SYN-0165,AREA-01,Central Market,Central,REC-01980,1.467280872724118,103.88464097325603,50762,3145,106.0,0.7747357329414257,14.394727522562798,0.17910183152232279,403.0,3,5,28,0.14554489572311166,0.6995056815184103,0.45364044791892066,0.8307166708464857,45.69491293492481,40.49429772823513,Medium
SYN-0165,AREA-02,Riverside,Peripheral,REC-01981,2.1507601849605478,174.00959848857508,61248,17988,140.0,0.7928572932164364,10.668801669791225,,73.0,2,2,27,0.17630678834649982,0.23594814647596501,0.7464932008975195,0.9190710426945314,40.0284923331519,52.81120957089266,Medium
SYN-0165,AREA-03,Old Town,Central,REC-01982,1.4467305670033652,103.57119275780798,3392,18993,8.0,0.7625895042936938,3.32847214369813,0.6193640138343575,204.0,3,3,3,0.2835053313753758,0.3945398620051146,0.3291645384704076,0.9056892294528662,30.856228139030183,35.11144438965709,Low
SYN-0165,AREA-04,East Gardens,Residential,REC-01983,1.2022387236869747,141.6940911524948,41715,19839,70.0,0.9214986225443649,13.380599656210533,0.2671545485467677,333.0,2,5,18,0.18744945942010366,0.5158715041917061,0.5992617195144134,0.747363923976896,44.18094034183157,28.764059020652795,Low
SYN-0165,AREA-05,Hill Junction,Residential,REC-01984,2.269404088663966,130.63413794519607,4105,10893,6.0,0.6365169885242756,16.628929937306953,0.12995558677604477,385.0,0,6,0,0.36277088780445826,0.48901539420219,0.6842577061578428,0.8090448680925703,49.49307504055693,31.48161590205448,Low
SYN-0165,AREA-06,South Ward,Peripheral,REC-01985,2.202702621807645,203.07012988698057,35022,16100,78.0,0.3481956633304118,16.73677257834639,0.3297316413477267,149.0,1,5,17,0.4296455533843562,0.4681752687450772,0.8778415372279468,0.8869968734926478,76.08171708920251,57.82968053368812,Medium
SYN-0165,AREA-07,North Estate,Residential,REC-01986,2.5453909774191943,181.5734306492337,57466,1099,155.0,0.49636457142459833,20.86030222671849,0.41247971088191066,378.0,3,7,45,0.5035218718615151,0.642036326402347,0.1725350455823273,0.6762439138184854,71.04923059099036,59.0033283137734,Medium
SYN-0165,AREA-08,Canal Quarter,Peripheral,REC-01987,3.830656413496548,290.26959182147476,52377,1865,191.0,0.3924186082939212,27.8353700153932,0.4968288017628762,331.0,2,1,62,0.6191225085922941,0.4830565880484544,0.5972724345692422,0.6874787537778796,76.58065235454391,73.48546367715512,High
SYN-0165,AREA-09,West Park,Residential,REC-01988,2.3037970253311255,201.50250489105662,17045,649,40.0,0.761604220406255,12.01428803726597,0.1435440803124807,252.0,0,2,11,0.24924584225372667,0.2726128949814821,0.39037642945933304,0.9384792326783155,43.57760322232898,38.31315039338418,Low
SYN-0165,AREA-10,Lake Colony,Peripheral,REC-01989,2.470030814013752,202.56554763300022,18661,11572,60.0,0.5833012951444939,23.437899859034495,0.2955354697350575,170.0,0,6,13,0.3350413859550878,0.7970804439553387,0.41424205640099065,0.9752943084002348,68.4521075058634,45.89085774750738,Medium
SYN-0165,AREA-11,Industrial Ward,Central,REC-01990,1.2199163372685877,178.92728325399406,51469,9121,93.0,0.966725652949618,13.45650641201015,0.5282484405664621,280.0,1,1,28,0.2735150612006113,0.5641785741368106,0.44048626151731063,0.7126167970224012,44.160258925427435,34.85403696594192,Low
SYN-0165,AREA-12,Outer Settlement,Peripheral,REC-01991,1.0524394479333483,93.65605149173446,53733,13898,74.0,0.7796096959174267,16.418835258339787,0.43821368951274625,274.0,1,5,20,0.1917748942689559,0.149392467465995,0.3692131962182674,0.9708597340895994,53.37789168867812,42.38359011552103,Medium
SYN-0166,AREA-01,Central Market,Central,REC-01992,4.674355915071342,300.5555417701273,20056,4735,80.0,0.25256200712992194,2.314971756795814,0.3610914777687359,157.0,2,0,16,0.7130881952876593,0.5080867682391229,0.5232205840518352,0.9494258906316064,49.90698586069263,80.62120282052115,High
SYN-0166,AREA-02,Riverside,Peripheral,REC-01993,2.669308533706031,276.4702183817799,2691,6461,7.0,0.5776130670580073,26.895953312055756,0.2840661776452417,255.0,1,7,2,0.35075837731745696,0.5163369063246046,0.29512410986063076,0.7013710117046965,86.65697686959612,44.34680946435188,Medium
SYN-0166,AREA-03,Old Town,Central,REC-01994,2.5729371004777604,216.16351100757095,30278,7161,76.0,0.660141761244709,10.671704150101059,0.06619100439670796,269.0,1,2,16,0.5029615873103379,0.5397844435446111,0.7799092243670337,0.7012274705801773,42.6534967865246,38.13070284363857,Low
SYN-0166,AREA-04,East Gardens,Residential,REC-01995,3.3768132206794315,261.899670258476,41229,13706,161.0,0.45817918851093486,18.67898045155229,0.21918078501356802,397.0,1,6,30,0.5362039147791253,0.3509758179023165,0.7685326419140516,0.8218014423468402,70.27971108502555,68.63632900357278,Medium
SYN-0166,AREA-05,Hill Junction,Residential,REC-01996,3.3359384269507633,321.9221411982517,30234,6910,98.0,0.5896709364029165,8.865264582949521,0.28742732992578957,113.0,0,6,20,0.6463157512777835,0.8516278276421393,0.1746030494924649,0.9254608406956675,49.82720001436021,62.78436744925071,Medium
SYN-0166,AREA-06,South Ward,Peripheral,REC-01997,2.6860871524980405,173.24055159140613,60922,18256,145.0,0.5134722185723678,10.29997032241748,0.4959752259959936,308.0,2,6,44,0.553201487775634,0.3308806526018917,0.16021213937826487,0.821953758008314,51.17351864424776,70.56797032357439,High
SYN-0166,AREA-07,North Estate,Residential,REC-01998,3.164113782682194,241.10020442920631,53350,5309,162.0,0.484424004318011,3.665251728331821,0.24156895506789197,72.0,0,2,27,0.48981152707947684,0.33051420998714115,0.43407579304423727,0.9376802198918889,33.83531119678678,61.74497515101653,Medium
SYN-0166,AREA-08,Canal Quarter,Peripheral,REC-01999,4.391592931772758,290.85194114890254,51741,13104,197.0,0.24383309672425624,13.30184825790045,0.1501349561062794,139.0,3,0,44,0.8458898534757915,0.5591610406154313,0.6348633401144996,0.6964669697035478,74.07229166159742,88.91381134940602,Critical
SYN-0166,AREA-09,West Park,Residential,REC-02000,2.763297470587236,214.3297186983893,3768,5271,8.0,0.7827664103828439,16.35048561250084,0.3345906001652627,382.0,3,7,3,0.47715874896663796,0.48176245106791726,0.581170515156887,0.7365675929053653,51.516506704577715,49.00087380177426,Medium
SYN-0166,AREA-10,Lake Colony,Peripheral,REC-02001,2.293154370159737,144.1279307319702,55852,10126,145.0,0.7246649261059944,10.673450764428388,0.4397165302109759,297.0,0,3,44,0.4143233835367076,0.6808437608270961,0.2657796466361828,0.9049939813703138,38.42402599046356,68.64783430267047,Medium
SYN-0166,AREA-11,Industrial Ward,Central,REC-02002,4.162167254372508,311.29990916197625,49702,12071,181.0,0.4398738811003137,18.205790163245766,0.10942503293750519,133.0,2,5,32,0.43104465098198325,0.8088280809791666,0.5406455363941866,0.8281798355957287,78.39445334063376,72.8731015089433,High
SYN-0166,AREA-12,Outer Settlement,Peripheral,REC-02003,3.8019298872031033,285.7232417703219,27309,15297,93.0,0.3546018747380398,24.504211136043534,0.42831630818570815,302.0,1,2,19,0.5171444254017027,0.8264606628143945,0.11630731313675931,0.7934063509927816,75.29790891422257,72.53830588763036,High
SYN-0167,AREA-01,Central Market,Central,REC-02004,2.8494318577469024,222.28769797802255,39346,18792,114.0,0.42911402144377275,7.790126729702692,0.6643783736795574,435.0,2,7,48,0.36490198595919093,0.5311998210269054,0.23227638813709534,0.9425056472753078,45.08256991444075,61.40187236716657,Medium
SYN-0167,AREA-02,Riverside,Peripheral,REC-02005,2.0801131413642975,105.27131362006357,54014,6286,101.0,0.7951079738129524,20.961348045609284,0.6308383495061202,189.0,1,6,51,0.3084469568722879,0.5005037794581951,0.32358088138003416,0.6989684147031164,57.24994589772292,51.77063337425853,Medium
SYN-0167,AREA-03,Old Town,Central,REC-02006,2.7501480691149816,239.9511763758992,59138,15668,174.0,0.7393402968080586,20.57561805704563,0.5513620117911844,344.0,1,5,59,0.472080132437617,0.5593220012478252,0.6846602953136112,0.7928604170029356,65.96536172630056,64.46297279325425,Medium
SYN-0167,AREA-04,East Gardens,Residential,REC-02007,3.302083204786415,245.8968056009163,36926,13532,114.0,0.6279425398144212,2.464595660209626,0.15152171328840192,147.0,3,5,23,0.5689772398026527,0.5426109552673064,0.7019105801841542,0.9661679175403708,28.059063631608947,55.47413452313436,Medium
SYN-0167,AREA-05,Hill Junction,Residential,REC-02008,4.278384426172887,395.1458044281764,5084,15432,15.0,0.12805849428491906,8.630369350084326,0.37313633759408993,192.0,0,0,2,0.7473537046437648,0.5140069581059632,0.19828394738163724,0.9686022427982859,58.713747220581304,65.17635514509688,Medium
SYN-0167,AREA-06,South Ward,Peripheral,REC-02009,2.5165811743701063,187.70478920666645,41158,10381,108.0,0.5325893536668806,18.211042922659807,0.16024907788935439,412.0,2,4,25,0.3372368447764105,0.23553871647160707,0.23475207933261555,0.778471881514087,70.33595505163231,52.77698142221698,Medium
SYN-0167,AREA-07,North Estate,Residential,REC-02010,3.278230849056653,232.27009141045986,45001,5032,139.0,0.525792236133778,21.226494912982464,0.22411093737302126,90.0,2,2,34,0.6293353638290895,0.8812772067568686,0.2568859346605915,0.7993236098100951,75.32949232511963,59.515413846779275,Medium
SYN-0167,AREA-08,Canal Quarter,Peripheral,REC-02011,3.88596248218175,295.7153530118041,6182,12414,17.0,0.4179031050906267,30.479771804159924,0.3824583186606553,103.0,3,2,3,0.8647750269231492,0.45357678885969954,0.5565768662110221,0.6766705092174471,92.8051798163953,63.06557255566708,Medium
SYN-0167,AREA-09,West Park,Residential,REC-02012,1.4408328821682952,94.94340209288788,53581,8110,96.0,0.7441596988709431,18.668477838328794,0.3250126726801347,61.0,1,4,22,0.19773982720082067,0.4554968903203571,0.16824530502586788,0.7249181885378367,58.73715280191303,45.79135014964663,Medium
SYN-0167,AREA-10,Lake Colony,Peripheral,REC-02013,4.172875688616951,346.3290428680426,15096,10064,56.0,0.26799217761920446,18.021929632791803,0.5176636719299836,98.0,2,0,21,0.6158391013441208,0.6468759632952339,0.7300681903450486,0.6561840526736342,69.68790186135635,67.85876694340521,Medium
SYN-0167,AREA-11,Industrial Ward,Central,REC-02014,2.399886296500682,166.32168388810976,58153,3815,144.0,0.7383454711644689,19.677373763199178,0.3366376146182695,359.0,3,6,41,0.3177412305474756,0.5085185859408712,0.6414233626367081,0.8366974456050871,58.67587666718503,54.080459668864,Medium
SYN-0167,AREA-12,Outer Settlement,Peripheral,REC-02015,3.6114431490313796,248.31386813373723,36935,8590,,0.28156855508496537,20.165373551526883,0.2787772845926695,281.0,2,2,39,0.612163330688889,0.5182923213704683,0.6690935227253958,0.9958938332802594,78.71759530232404,62.92456048482215,Medium
SYN-0168,AREA-01,Central Market,Central,REC-02016,2.1238779199462425,201.73563505035486,22632,12511,44.0,0.6337719691984076,14.525197621997975,0.2113701876563663,91.0,1,3,11,0.29088808017081325,0.5642196576001005,0.33568354330510464,0.7012559476271253,47.22547515475192,42.804412440126576,Medium
SYN-0168,AREA-02,Riverside,Peripheral,REC-02017,2.794200513428723,227.9784142520652,6175,1510,15.0,0.5120111248912942,29.485909364084133,0.35855531449644434,166.0,3,4,2,0.25806067600146865,0.8353898897745327,0.5406967965086782,0.9825184526056832,80.22367081099922,47.37275770104912,Medium
SYN-0168,AREA-03,Old Town,Central,REC-02018,2.3672709049724796,199.6544697193457,3616,7364,11.0,0.8292003577058016,6.209614490296339,0.28187868913642317,369.0,3,0,2,0.21973492613454595,0.6219854993326086,0.3442722840519584,0.7924953675393354,27.25771279080653,30.777575572950408,Low
SYN-0168,AREA-04,East Gardens,Residential,REC-02019,0.05,2.457494314960897,48840,12623,26.0,1.0,19.07637295534162,0.7878038255176737,246.0,0,2,8,0.13075615006942667,0.45644173147832356,0.44502784556966524,0.6676091053640772,53.429377200747226,33.36287968339452,Low
SYN-0168,AREA-05,Hill Junction,Residential,REC-02020,1.2987080025328541,153.55543822745358,26072,9692,29.0,0.9472293679173002,9.38416547454543,0.4663427144448328,329.0,0,1,7,0.3702666185702807,0.19803954054135992,0.17126969690912636,0.7061160884771014,33.78026896735172,38.85658122962569,Low
SYN-0168,AREA-06,South Ward,Peripheral,REC-02021,2.0370955037402716,141.47301122896744,55003,19555,121.0,0.6024046462221968,28.29597757319737,0.2861637043995734,149.0,3,0,18,0.5315026678450022,0.822148354168668,0.2567748879297175,0.8085982973512611,79.49849631694738,47.32373172775915,Medium
SYN-0168,AREA-07,North Estate,Residential,REC-02022,1.7705474913618175,103.33423119385742,16907,18510,34.0,0.9315327140633025,12.516831851427048,0.376046836695144,420.0,3,5,14,0.32224778121382813,0.5283487662426364,0.16590529988856098,0.7216788298143735,50.74366671744942,36.13007953874071,Low
SYN-0168,AREA-08,Canal Quarter,Peripheral,REC-02023,2.3086199840630637,201.15063394504438,60022,7407,148.0,0.347851311291014,15.193422591925476,0.16015243175224375,190.0,1,0,30,0.2658613363893866,0.6921998599350888,0.5954116816050604,0.884018753010774,61.11260983504411,53.316341540826365,Medium
SYN-0168,AREA-09,West Park,Residential,REC-02024,2.5580246447934116,199.82519963806482,61348,19548,150.0,0.884545255937084,17.07598847350017,0.23140743743584472,431.0,1,1,31,0.37377550290004014,0.4841947397590811,0.7432395024146572,0.7327936846846019,51.51914062451156,52.371823578541715,Medium
SYN-0168,AREA-10,Lake Colony,Peripheral,REC-02025,2.4132927894013907,189.6885784946234,8860,12681,15.0,0.8003500865054096,12.41817516034232,0.25121573832693556,207.0,3,7,3,0.22324894870265002,0.95,0.8835481412698376,0.9212097192159837,40.17831011812628,40.751184780105795,Medium
SYN-0168,AREA-11,Industrial Ward,Central,REC-02026,1.755111446214075,174.1565173337106,42933,6881,79.0,0.8090783594744564,4.0107288323086285,0.2675137005353276,343.0,0,5,16,0.10893153562397562,0.5482435492330073,0.6483892922401556,0.7233147309037162,31.727101430790373,33.58550225082889,Low
SYN-0168,AREA-12,Outer Settlement,Peripheral,REC-02027,0.44946179136126285,59.623849769761506,61232,14610,75.0,0.9169468657016847,13.11149641631061,0.41967217199907386,270.0,0,1,21,0.10554182382773769,0.2119799075146654,0.7870783290696332,0.8555632872196972,38.976443091949704,33.56986418074147,Low
SYN-0169,AREA-01,Central Market,Central,REC-02028,3.399494252667709,208.49099222164554,22693,2681,66.0,0.5195108209458873,18.647027565293747,0.3400562482135264,293.0,2,6,19,0.6312637613734604,0.3864017521773987,0.37633808091106125,0.8328917677130827,65.31901538486099,59.75450706824425,Medium
SYN-0169,AREA-02,Riverside,Peripheral,REC-02029,4.096973770262727,296.11211166262524,6726,12272,26.0,0.2812754685944178,28.296291836461304,0.47901208976903764,72.0,0,7,3,0.9178337883976037,0.38413125535513215,0.7418112641087848,0.9312231858665372,100.16071025308817,72.444830761158,High
SYN-0169,AREA-03,Old Town,Central,REC-02030,2.8915214497111807,236.58479694872153,57217,18387,172.0,0.5218825519967142,13.024722207033538,0.04,364.0,0,3,25,0.4719490124762106,0.6778572361133139,0.28100102079654343,0.862826519532836,54.3477547601771,54.90044238074152,Medium
SYN-0169,AREA-04,East Gardens,Residential,REC-02031,4.268899035848824,322.8257768830315,32128,18054,142.0,0.3964726930294339,6.866858428819178,0.06656572488141904,217.0,0,0,14,0.5485429953447984,0.5959100646702287,0.543430034036133,0.8302926326510158,51.568290096199995,58.5598148200054,Medium
SYN-0169,AREA-05,Hill Junction,Residential,REC-02032,4.490593889565407,326.51598455118483,4192,2620,14.0,0.43802887253352746,9.27838272887086,0.2044756285352785,146.0,3,4,3,0.7338018688769639,0.8692508225866564,0.4018968849967821,0.9669098768403016,50.48741816489796,63.61039880667008,Medium
SYN-0169,AREA-06,South Ward,Peripheral,REC-02033,3.865372832788237,363.58060131516254,55015,18673,186.0,0.38923386506925745,13.85567677236051,0.4081740672159747,321.0,0,3,49,0.610333701571098,0.8669105704919587,0.6500031970045583,0.9584625639032387,49.00894814805726,82.51152949396234,High
SYN-0169,AREA-07,North Estate,Residential,REC-02034,1.312855358701646,175.12529413307612,44928,7980,67.0,1.0,1.0801043317013215,0.21007457908156038,351.0,3,1,17,0.15986142523446073,0.3573051507728483,0.5690110254207233,0.9588126083278581,22.940359708371528,34.7006200394211,Low
SYN-0169,AREA-08,Canal Quarter,Peripheral,REC-02035,2.74140856158212,182.16754300476353,6894,17488,22.0,0.5082357468748093,27.632348193336124,0.37824912584746173,330.0,0,3,7,0.4981513750273383,0.317225823005374,0.7222962655220103,0.7329003258560927,87.5270364555571,48.71916626291044,Medium
SYN-0169,AREA-09,West Park,Residential,REC-02036,5.2728305785964285,341.6519331341074,18667,10938,,0.08314429163509623,5.087245531066593,0.21044618308727134,420.0,3,2,22,0.7330683929400148,0.95,0.2849526343143509,0.9014631622212337,55.304675862644345,74.64871944849783,High
SYN-0169,AREA-10,Lake Colony,Peripheral,REC-02037,3.3266490173288603,296.01300349138984,3639,8702,11.0,0.6115864121207694,11.660975097993472,0.3794466347497889,151.0,1,3,1,0.5701280748272588,0.528137922047196,0.8146125840215732,0.8740562366840544,55.67984807416319,50.91116728272868,Medium
SYN-0169,AREA-11,Industrial Ward,Central,REC-02038,2.1765646732483663,213.43799461263694,62179,9426,158.0,0.5487664323540564,3.767941315439553,0.23176141445821305,117.0,1,2,20,0.4409483707610652,0.6936339185382392,0.35131869641009084,0.9471609445024802,30.750655022569763,45.235941623507195,Medium
SYN-0169,AREA-12,Outer Settlement,Peripheral,REC-02039,4.752077162399781,393.27095027834275,4059,3230,15.0,0.1475822862033798,29.44728588931959,0.13443908741109445,262.0,0,0,2,0.962381392827799,0.5798653372844385,0.1545750664311316,0.8711601865781934,98.43469475125306,74.97220196949328,High
SYN-0170,AREA-01,Central Market,Central,REC-02040,1.8614370254598809,147.66851958333552,52240,14250,107.0,0.7720079933977251,8.62781068485511,0.5480493313173603,179.0,1,2,29,0.34748460612762616,0.25331179214714356,0.41604811863535873,0.7171894118956752,29.301825363668673,42.95061781157578,Medium
SYN-0170,AREA-02,Riverside,Peripheral,REC-02041,2.7347049433911232,212.94505239106263,34454,8310,106.0,0.5472023177968297,23.609845032670982,0.2781334233427902,197.0,0,7,20,0.5809586112941671,0.6023676543782143,0.12656811695344913,0.7505208580044631,74.32995601421504,57.22504450129808,Medium
SYN-0170,AREA-03,Old Town,Central,REC-02042,2.072319492400435,121.35240373082732,38920,6404,96.0,0.5364226727922728,1.65701257504365,0.15950965453590782,303.0,0,7,21,0.2921190572300078,0.47726320189785254,0.625410352788322,0.8196703915606518,28.550386543327683,50.87612275888055,Medium
SYN-0170,AREA-04,East Gardens,Residential,REC-02043,2.2175998611946777,188.46185203333522,53224,10698,129.0,0.5999593510679108,12.111438273211832,0.5421000290435996,55.0,1,7,40,0.33308514397627254,0.5635561674243252,0.250755530202049,0.8437430960071903,48.77252354256394,61.91179529614312,Medium
SYN-0170,AREA-05,Hill Junction,Residential,REC-02044,2.141159950396556,160.01348648485776,58435,6730,133.0,0.5225437115917779,16.680077407278944,0.10809454864444185,216.0,1,2,16,0.5186016366786363,0.34258658849669166,0.6918863494143264,0.7994274061048541,55.11148983493033,55.91326902213823,Medium
SYN-0170,AREA-06,South Ward,Peripheral,REC-02045,2.4087432017617427,173.1489925004437,10464,1327,35.0,0.6173815193520633,11.37729533867633,0.22332522028626992,217.0,2,6,6,0.23686706929796592,0.4090199043060566,0.8270574455462045,0.9516290164621213,44.629413551822644,39.06227940054373,Low
SYN-0170,AREA-07,North Estate,Residential,REC-02046,3.672696911069821,306.43759005034633,3617,15616,13.0,0.6278280186145713,7.277475748767901,0.3428501551726141,49.0,3,0,1,0.563739315575499,0.95,0.5717662442068604,0.948279520433468,41.71804793228614,58.18152377792441,Medium
SYN-0170,AREA-08,Canal Quarter,Peripheral,REC-02047,2.627557620992293,206.11360281779932,10288,16847,26.0,0.36552136775149724,16.762398673666425,0.27779264584059854,316.0,0,0,5,0.5733398269724981,0.8697852254844552,0.6314667103484808,0.9122063932298254,75.73189026787428,49.45633887850614,Medium
SYN-0170,AREA-09,West Park,Residential,REC-02048,0.5864810979485147,102.86546199631326,45156,17307,,1.0,19.63302368181513,0.2631882805314802,381.0,1,6,18,0.07241344388778449,0.3433417289003638,0.4421058595460363,0.8058823155315217,49.489244596028975,36.9952837420736,Low
SYN-0170,AREA-10,Lake Colony,Peripheral,REC-02049,2.2080817644480653,180.2879043877135,38034,17770,74.0,0.6825620022962304,23.968372054556344,0.3617604635504553,427.0,2,2,16,0.3337413835834604,0.2542039542515167,0.17078735795275052,0.9168096584524379,68.14445123645497,57.3070421429001,Medium
SYN-0170,AREA-11,Industrial Ward,Central,REC-02050,2.763937166707517,236.10091837542572,7742,1633,18.0,0.5339603018715672,19.1726094499799,0.43936922609449786,427.0,1,6,6,0.4288163404632714,0.43963206536138555,0.44439269307291507,0.9505847145901996,70.136705860935,53.20018424702473,Medium
SYN-0170,AREA-12,Outer Settlement,Peripheral,REC-02051,2.8129131974538595,183.46384942229167,17143,12827,46.0,0.2482826680523204,17.88638786847325,0.21390170321472912,85.0,2,2,4,0.4828770792239793,0.5478787458421193,0.42810731373108146,0.8620893717513521,81.72875000973876,51.706542000654274,Medium
SYN-0171,AREA-01,Central Market,Central,REC-02052,2.1572311170323752,150.61047904731163,36077,4337,73.0,0.5694369213121,13.413731953333073,0.3993437616121464,141.0,1,5,18,0.4898685805357048,0.7016299670066135,0.40883628483431733,0.8620295325377259,59.66374176477304,61.521889871493556,Medium
SYN-0171,AREA-02,Riverside,Peripheral,REC-02053,3.4304706596301573,276.5813864436059,48138,11813,156.0,0.3283031972227228,20.872592918782313,0.42059418646739244,215.0,1,7,35,0.6826528921371453,0.5590242572260555,0.5997768188797366,0.7321452996823895,81.17037523069496,61.72972882849097,Medium
SYN-0171,AREA-03,Old Town,Central,REC-02054,3.240709023120619,301.42043993292737,23962,19291,76.0,0.7313012383802165,6.798174809633854,0.16038092280716015,279.0,2,4,15,0.5414930394999784,0.6338946466948309,0.5099494886077295,0.7742809146803178,30.57550936197958,51.01653581146594,Medium
SYN-0171,AREA-04,East Gardens,Residential,REC-02055,4.556529053055439,350.1641867825359,61852,8053,231.0,0.3478896235702919,9.870820985539584,0.04,425.0,0,6,27,0.8905081369414687,0.6014707657225402,0.8275256645353747,0.8898133005622197,55.55032966056017,67.8322693276427,Medium
SYN-0171,AREA-05,Hill Junction,Residential,REC-02056,1.898513714480846,163.86615920799807,64515,10305,128.0,0.613388722853845,6.144470633837935,0.09621750921397604,150.0,0,7,31,0.3574341080130427,0.3265498044260894,0.7057609139857787,0.9657208327368874,38.96641657817629,47.35573216411278,Medium
SYN-0171,AREA-06,South Ward,Peripheral,REC-02057,2.092594642359315,221.0877537478604,50377,19570,113.0,0.6047785766639288,10.340106838801361,0.15018544170964415,232.0,2,3,30,0.45186019386505233,0.7301360390267352,0.6702276461664255,0.8905963075413926,34.21800528923508,48.07689382892673,Medium
SYN-0171,AREA-07,North Estate,Residential,REC-02058,2.253619864711692,179.94282280259026,30891,12895,74.0,0.5290514984364931,21.33155186486,0.3905337523234242,,2,3,20,0.25219897389412227,0.95,0.8238664696229643,0.7697250585218177,71.63831562473959,43.8960194827538,Medium
SYN-0171,AREA-08,Canal Quarter,Peripheral,REC-02059,2.106337383448635,153.01509981829912,57323,9005,109.0,0.6468335723419529,30.119584827001525,0.4352905984217941,406.0,3,4,33,0.5596825585867401,0.8285580243335128,0.48362298725288067,0.9252902042417661,92.98880831481495,51.484581000320304,Medium
SYN-0171,AREA-09,West Park,Residential,REC-02060,1.7864985036687726,156.3289351385743,47993,19320,105.0,0.6325705223737601,18.308490464615865,0.6312900098312939,325.0,2,5,39,0.3241753171089135,0.4525625954487078,0.8352218741102491,0.8183101152518552,58.114919140615996,47.43217999684632,Medium
SYN-0171,AREA-10,Lake Colony,Peripheral,REC-02061,0.28837469894066037,69.9271745765329,34974,4520,32.0,0.7397246933254384,13.665936461155537,0.38518900197425426,319.0,1,6,15,0.0,0.4607299484433921,0.4316160441435878,0.775991469211908,38.667597340700624,30.330969216170573,Low
SYN-0171,AREA-11,Industrial Ward,Central,REC-02062,2.1507555245011476,141.81191524676282,30236,9241,51.0,0.7439532723816663,1.4234706985575802,0.09917360528949506,441.0,1,1,7,0.5576025148998474,0.2613100966282679,0.3306083633513775,0.7731802794308069,19.75968775058963,41.35338583015677,Medium
SYN-0171,AREA-12,Outer Settlement,Peripheral,REC-02063,2.7940015512395786,225.48279445934858,54519,19238,136.0,0.6988678247627252,14.115031468167231,0.42577228451814675,395.0,2,0,32,0.46627351695187585,0.4772533827748988,0.7328207525218835,0.9299119574362329,46.76674536782337,61.64601593720499,Medium
SYN-0172,AREA-01,Central Market,Central,REC-02064,1.3551616353356435,76.35697022867794,37317,14188,58.0,1.0,19.3028161780115,0.28857049284138314,394.0,0,3,13,0.17840099721777342,0.3009357591329046,0.7406785562074606,0.9495039622001751,54.114765203647,34.493473365541135,Low
SYN-0172,AREA-02,Riverside,Peripheral,REC-02065,3.29804405856366,245.35767001937688,13931,16789,37.0,0.2934899711075425,13.217073688106169,0.4704846718780336,350.0,0,3,12,0.4769920419381461,0.6836218216250756,0.4287718272412111,0.7644149944043571,77.86300052314441,60.70711957542073,Medium
SYN-0172,AREA-03,Old Town,Central,REC-02066,1.760439761913062,149.7299484097642,64988,5624,130.0,0.681945674126333,5.903898806769883,0.25092514836808805,175.0,3,4,34,0.34614685120963457,0.3693718227706176,0.6072877729483142,0.7218760754371287,35.3086634555778,51.005382083841596,Medium
SYN-0172,AREA-04,East Gardens,Residential,REC-02067,2.7825623558876806,219.89943429705568,6771,6881,25.0,0.6723051443802077,15.516386154935995,0.42474592432267405,69.0,3,0,9,0.35715372237547205,0.5242756869243406,0.7933777132452543,0.8377816810850699,49.87753946578155,50.727736881820945,Medium
SYN-0172,AREA-05,Hill Junction,Residential,REC-02068,1.9588754419243468,108.58656631525159,45938,9346,84.0,0.866012159927636,11.026083976462342,0.17938409228763855,361.0,3,1,22,0.25725046480023656,0.4854356209938204,0.12295327836306624,0.9452783042271635,31.35976952863286,43.1373846829445,Medium
SYN-0172,AREA-06,South Ward,Peripheral,REC-02069,2.4108649596549783,199.72135961865519,43497,11387,104.0,0.28278886289777627,23.734094633496518,0.4273200653475032,352.0,2,7,26,0.3354654541517605,0.268991559738766,0.7114542100901179,0.687154714664665,91.3125820509806,59.73488906304043,Medium
SYN-0172,AREA-07,North Estate,Residential,REC-02070,1.973132354887222,194.47124973008275,39135,11965,96.0,0.7342418885845448,12.824303212308088,0.18529558320212808,296.0,3,4,21,0.2937857472369352,0.4384919362124633,0.37893330761484256,0.8206771471136779,49.89662753932801,46.06868828790226,Medium
SYN-0172,AREA-08,Canal Quarter,Peripheral,REC-02071,2.8447668172632223,267.15182850266575,5747,11911,21.0,0.42327548839548146,22.021975978644853,0.3525180656615019,92.0,1,3,11,0.4123028129093804,0.36226990272403115,0.8443601875484973,0.6501593055831361,82.97103886646569,49.51902384417036,Medium
SYN-0172,AREA-09,West Park,Residential,REC-02072,1.7944905918462926,200.23008615557063,33287,4564,79.0,0.5178887732578817,19.32738988926518,0.19028710488116116,436.0,0,4,16,0.4014194611062989,0.42623047720150053,0.21116735301143041,0.8572983340392891,65.29735797481591,43.9823597410927,Medium
SYN-0172,AREA-10,Lake Colony,Peripheral,REC-02073,2.1466356782114007,180.29279703901597,58280,17603,130.0,0.41901087145131943,14.57286088476456,0.41905306894469074,346.0,2,1,27,0.3903000896109574,0.6687105484050941,0.6151026916964858,0.7405945950106452,70.54267644195185,55.854403670757456,Medium
SYN-0172,AREA-11,Industrial Ward,Central,REC-02074,2.042805458660407,247.1387734133325,17471,16537,37.0,0.6458743006306293,3.9234511760095643,0.329538808361913,309.0,0,2,16,0.3876319850447152,0.39369091459998695,0.7072314196139555,0.7803146395552188,32.883300923739775,51.52792435499928,Medium
SYN-0172,AREA-12,Outer Settlement,Peripheral,REC-02075,1.519110745238517,115.93976485585785,45722,11177,78.0,0.6743822980645022,18.50283180486028,0.47139426038818383,211.0,3,7,22,0.32645738982849404,0.4961074241420511,0.21597249213403524,0.762397761986279,56.465878654539566,43.35829980923202,Medium
SYN-0173,AREA-01,Central Market,Central,REC-02076,4.039151772581246,280.6936994805224,56172,2980,211.0,0.5554910950703229,12.226958762268092,0.161252093384042,62.0,2,1,51,0.6620206496769901,0.5497392869061368,0.8001724377927396,0.8220949903051951,41.97001308214834,66.06823791619469,Medium
SYN-0173,AREA-02,Riverside,Peripheral,REC-02077,5.50267491439965,398.21648041088406,62012,8653,296.0,0.15214728579389666,20.2990326662974,,320.0,2,7,78,0.7946753662384163,0.5172142864244449,0.42397698313709975,0.8881831156791299,81.94204210945789,98.2339427348851,Critical
SYN-0173,AREA-03,Old Town,Central,REC-02078,3.49884836376515,292.24069689254,34758,7329,114.0,0.6238659615329973,12.336874814004616,0.20308468122144582,195.0,2,1,20,0.7997620914860842,0.582810240630636,0.124582119773613,0.684912800746525,47.09158163266576,67.54695538771693,Medium
SYN-0173,AREA-04,East Gardens,Residential,REC-02079,4.050737831724103,322.59612682484686,22117,12040,86.0,0.436103623860297,11.209792106333893,0.1210813043503741,64.0,1,4,17,0.7864271305095466,0.49964332278355095,0.6254347907884233,0.8789971576118886,49.62072263653198,69.16950530156909,Medium
SYN-0173,AREA-05,Hill Junction,Residential,REC-02080,4.721389078137058,275.84064951696075,46226,7822,204.0,0.25441201542837205,11.875317516762003,0.15268541857435186,63.0,2,6,32,0.9804374213617798,0.5221155176047713,0.10365974787116006,0.7475044352341758,65.81028634726447,79.96611718192518,High
SYN-0173,AREA-06,South Ward,Peripheral,REC-02081,4.627368542196928,311.85074721833985,32884,19460,138.0,0.21011840962796113,29.57031174834331,0.44735014341100515,86.0,1,7,34,0.8953727008815286,0.48246219239120264,0.850102728359102,0.9125220675679167,97.2730006251503,90.82081735154188,Critical
SYN-0173,AREA-07,North Estate,Residential,REC-02082,3.724539051616996,305.1106713602565,41692,12526,138.0,0.5620266144699259,2.047518241095484,0.5259937226409407,150.0,0,1,40,0.5655119401389749,0.6700621222372656,0.5101947526442489,0.6873229907549901,26.856051739291303,59.22283476831217,Medium
SYN-0173,AREA-08,Canal Quarter,Peripheral,REC-02083,1.8084549550756144,130.89044316804504,48855,1519,96.0,0.7507237666086279,29.77468196166886,0.24246395652453145,83.0,0,1,21,0.019651806579805198,0.7859561778785348,0.8020233725742822,0.9287877622971007,74.93509319794471,45.93508003876789,Medium
SYN-0173,AREA-09,West Park,Residential,REC-02084,4.1285281723602765,304.4922756161004,46892,5557,181.0,0.4042610937362996,13.331476711094014,0.21288253465278492,93.0,0,3,37,0.5405964576633833,0.95,0.6342099400786801,0.8918463037190671,53.39637035861764,65.78877404262887,Medium
SYN-0173,AREA-10,Lake Colony,Peripheral,REC-02085,1.9395865105430616,176.8462202606711,17673,13119,27.0,0.49696405703800683,11.00446090067481,0.620110462214668,193.0,3,6,13,0.399647064028832,0.3474898226504929,0.8505908214909629,0.6843372954111548,49.27510377601164,53.59312979481802,Medium
SYN-0173,AREA-11,Industrial Ward,Central,REC-02086,4.891115702194488,372.4320974469785,49737,3709,,0.3555227808312399,2.122597878964067,0.10366274822114274,52.0,1,0,35,0.802976200045368,0.5382693854328363,0.533439794447373,0.9605901098025631,37.29772788786922,82.31652589397572,High
SYN-0173,AREA-12,Outer Settlement,Peripheral,REC-02087,3.8507450143961126,316.1188458417123,36365,2106,129.0,0.3982534136456107,22.001886652133365,0.28454178125168,109.0,2,6,28,0.5914088526627961,0.7532784066464766,0.3603755558616898,0.6762950162611261,76.84924217320241,68.14038877877212,Medium
SYN-0174,AREA-01,Central Market,Central,REC-02088,2.2854558087096235,226.68821794912793,60672,10525,164.0,0.8279624771070269,15.470602601647055,0.31578743713759744,200.0,0,4,61,0.08144288125344229,0.5700290543311022,0.1642910136534278,0.6979197348616133,49.732954151056425,51.260580256887124,Medium
SYN-0174,AREA-02,Riverside,Peripheral,REC-02089,0.7640276822671914,108.63893502151109,43716,5624,53.0,0.6915845797274406,20.925899021094388,0.4297567930482001,43.0,1,4,18,0.12576267533521812,0.41460515016154986,0.30292380205202163,0.715582925234306,71.84328651154286,35.34168288582373,Low
SYN-0174,AREA-03,Old Town,Central,REC-02090,0.24371061417198892,19.017413541588276,58237,899,40.0,0.8857448435040391,10.426145723336287,0.6760026391949023,126.0,1,5,9,0.0,0.5606414903342728,0.8244323388830865,0.7168473373710313,40.474096373493325,40.38390840638888,Medium
SYN-0174,AREA-04,East Gardens,Residential,REC-02091,1.6943201001249661,167.7239528218099,63675,14067,142.0,0.8535344096872538,6.818161720799085,0.24506790969087278,400.0,3,3,36,0.19546077366225034,0.6806724317314216,0.8866933039246732,0.9704692585064526,21.677335586740362,42.956476513395614,Medium
SYN-0174,AREA-05,Hill Junction,Residential,REC-02092,1.4588338408471189,167.27670515447306,64656,14660,109.0,0.7468712337603103,13.738262406804987,0.26967699610944806,204.0,3,3,31,0.34515146510217626,0.4078740360599289,0.12951530182017956,0.7933372537546565,52.06948659988032,45.700813943433275,Medium
SYN-0174,AREA-06,South Ward,Peripheral,REC-02093,1.0924839318862998,124.61622717125483,49043,14347,63.0,0.6730901476144255,28.849378269017244,0.38789646766888036,348.0,2,2,17,0.05858362082430213,0.3877031714212132,0.3053930810349794,0.706441421807272,86.1890707108914,48.31454550959974,Medium
SYN-0174,AREA-07,North Estate,Residential,REC-02094,1.5534456173982434,179.66580423286297,39830,2325,66.0,0.9330143979810751,9.870679756542103,0.2912858401463532,224.0,1,0,16,0.14686488625492417,0.3408412541415701,0.2624553571961622,0.8418110975466117,36.2090363420993,35.945918347770316,Low
SYN-0174,AREA-08,Canal Quarter,Peripheral,REC-02095,3.6996653064378404,287.60479122370674,9883,16756,39.0,0.1975261843449616,24.609539431900878,0.16341420074478902,273.0,0,5,4,0.6388805236955211,0.4600094763702034,0.5123258486066797,0.9101715199486716,89.06022410210315,60.35756696027639,Medium
SYN-0174,AREA-09,West Park,Residential,REC-02096,2.1533370307072786,176.15711778041205,26632,2241,62.0,0.9452771924740422,1.364800701490433,0.29677732584769567,92.0,3,5,10,0.46357295611147686,0.8438339370308152,0.4669829423050873,0.9924561370944534,22.240750324822713,43.93491100439672,Medium
SYN-0174,AREA-10,Lake Colony,Peripheral,REC-02097,2.3253154775026874,165.73485724326065,32208,11041,65.0,0.48093958357668454,19.448598013389535,0.3705334908072838,336.0,2,2,14,0.3392278721349657,0.562045664295293,0.8851911985580145,0.8593477458024632,65.17028320766758,60.07995386415155,Medium
SYN-0174,AREA-11,Industrial Ward,Central,REC-02098,2.160866106054717,241.48654781301082,51282,19152,133.0,0.8014861534884251,16.99613088133109,0.5233982121149523,151.0,1,7,48,0.5362101996118683,0.4454479499162882,0.3831495341032779,0.6914506117808747,57.2666491345505,57.05261965321001,Medium
SYN-0174,AREA-12,Outer Settlement,Peripheral,REC-02099,2.6692863078937865,182.14435874595088,39298,16138,115.0,0.4932439574638249,27.6801153862201,0.28986513707320216,163.0,3,1,32,0.2914407499646119,0.5519761815084823,0.5742554322730186,0.6942251450042615,90.81323629688569,57.93232771609537,Medium
SYN-0175,AREA-01,Central Market,Central,REC-02100,0.9877343517232349,104.05917759633809,29945,18858,28.0,0.8942806649434034,12.278380401687128,0.1903061825136388,146.0,2,6,9,0.0,0.48493615808240426,0.7364828377740293,0.9741017124950437,41.282880221764955,19.95329657297333,Low
SYN-0175,AREA-02,Riverside,Peripheral,REC-02101,0.05,32.561275679893384,11663,10312,12.0,0.8414656200285885,21.896804694285002,0.5076538471821646,329.0,3,6,3,0.0,0.25949057561430244,0.11206609765244471,0.9181213829810566,51.14470737775224,30.53633967428209,Low
SYN-0175,AREA-03,Old Town,Central,REC-02102,0.9889227836390229,64.25397603161085,47237,8796,84.0,0.9643400085344936,3.907204053969709,0.41304146497297994,308.0,1,0,24,0.0,0.2514619862030521,0.7323523622458357,0.7017480786510804,20.251281200545296,29.94766998055253,Low
SYN-0175,AREA-04,East Gardens,Residential,REC-02103,1.789180258041032,182.9418434448227,29497,4431,69.0,0.7078358989919075,7.205274027396207,0.5236949078773261,253.0,1,6,20,0.3385825854927193,0.2203404163109447,0.6542610808238962,0.9271598092659932,40.25961952856841,45.4208966578545,Medium
SYN-0175,AREA-05,Hill Junction,Residential,REC-02104,0.3639513739517718,78.62544556664054,4758,19808,4.0,0.8802932310253399,15.015356305248245,0.7242763489663678,176.0,1,1,3,0.0,0.2497985570090946,0.8271704179598681,0.6840820361828226,45.05999471451637,28.13600117660205,Low
SYN-0175,AREA-06,South Ward,Peripheral,REC-02105,0.9986989296523665,112.23476810067424,20250,9185,23.0,0.9577831689530677,26.104152880313848,0.4898651900068509,76.0,3,2,5,0.0,0.2493898882443751,0.8711557625378882,0.7810625335698067,63.48603878390871,30.72184122888085,Low
SYN-0175,AREA-07,North Estate,Residential,REC-02106,0.5863758956419802,59.29311385544369,57466,12355,66.0,0.9214332982517658,2.7202347610569575,0.11796468294879497,381.0,3,5,9,0.1433049193566027,0.4629921895179929,0.5532508408130087,0.6573732302318762,16.71322807854282,16.547311645685582,Low
SYN-0175,AREA-08,Canal Quarter,Peripheral,REC-02107,2.341415091518335,209.09343736848874,9926,3865,23.0,0.4711184198650883,30.179831500125985,0.3885862913040981,312.0,1,0,5,0.4891097582492753,0.516782303570801,0.687231948252038,0.9912222202079157,88.87882893859037,43.264927985428805,Medium
SYN-0175,AREA-09,West Park,Residential,REC-02108,1.7393573023690818,145.22482899635878,27884,6484,52.0,0.5776555868789006,21.024912193314623,0.07675713797630314,275.0,2,1,6,0.41599589135802817,0.837656961452018,0.889378697229694,0.768967690422433,68.46768562676563,37.77211427387171,Low
SYN-0175,AREA-10,Lake Colony,Peripheral,REC-02109,1.6610241865589979,162.3974248965355,34502,11144,82.0,0.8713259776060579,13.939528992274225,0.19395817879118,447.0,1,1,15,0.38187150018687255,0.6527583929738887,0.7747046284852933,0.6936395110373984,49.0176334746344,45.20987252103739,Medium
SYN-0175,AREA-11,Industrial Ward,Central,REC-02110,1.6370727405406078,189.49387049582668,7733,16700,14.0,0.7045787711496847,1.94927854346263,0.5287320580570352,,1,0,9,0.16267304083165726,0.33116981834738535,0.5653951750968677,0.9339902834850985,22.198563486192654,45.05098507028696,Medium
SYN-0175,AREA-12,Outer Settlement,Peripheral,REC-02111,1.1099922880021291,38.84195745074962,12852,10563,17.0,0.9720216682998396,17.16178426739407,0.2698677714893284,144.0,2,4,6,0.21812963040098615,0.5616990375030801,0.2173533801119133,0.7960604688303797,47.40503851746274,29.79527932661975,Low
SYN-0176,AREA-01,Central Market,Central,REC-02112,2.4254755294307824,227.7197409702946,61266,4299,157.0,0.7082959480492363,21.1326002211341,0.3068328453671632,409.0,3,5,37,0.463870510858888,0.7346067705240211,0.3970298036366089,0.8672155766072349,50.48602810696492,54.69297887636132,Medium
SYN-0176,AREA-02,Riverside,Peripheral,REC-02113,1.3192828389829256,196.95744028041784,39408,5594,54.0,0.7124466265786846,19.303262053861634,0.40213741284415844,41.0,0,5,17,0.16289448375312984,0.45825452129007654,0.801379140003746,0.9516964260229945,57.481426012174545,44.80522905949926,Medium
SYN-0176,AREA-03,Old Town,Central,REC-02114,0.5182769204083255,125.31331976132259,15646,12051,24.0,0.9478224886221941,7.587546241567445,0.35000927686874217,169.0,1,5,10,0.10614973920328671,0.4211811320947238,0.16665155787131897,0.7412299073008524,30.830227350426455,30.81196286896333,Low
SYN-0176,AREA-04,East Gardens,Residential,REC-02115,2.3874954076847987,218.37682288702854,13106,9981,38.0,0.9316647556373315,19.78841422657085,0.22386928631413194,347.0,1,3,9,0.2477217136853978,0.43490948508307126,0.8095073568486205,0.8384055896074285,57.33805702059876,41.52176451048944,Medium
SYN-0176,AREA-05,Hill Junction,Residential,REC-02116,2.526622708426495,240.93353159086035,29108,4738,72.0,0.38320659248978733,3.8197126985263963,,272.0,2,3,11,0.34579176360644504,0.36702845312301724,0.6046917954146074,0.7080642855113342,36.74808937989369,51.434505442274784,Medium
SYN-0176,AREA-06,South Ward,Peripheral,REC-02117,3.234842158149082,224.7766230834999,47724,12271,154.0,0.4528430802000291,29.762901302862616,0.6303502696833694,154.0,2,6,53,0.5837548363620836,0.3654133165742513,0.747763997219066,0.9478266242657989,92.82762139116281,75.50941034447544,High
SYN-0176,AREA-07,North Estate,Residential,REC-02118,3.5244991562746737,276.30239031132754,48149,13542,169.0,0.47474568521793875,17.988960010829153,0.5383586775892997,181.0,3,0,56,0.7683216445674423,0.4461148681298847,0.42172642509180447,0.7621539703131115,70.88214796764646,80.2803489050293,High
SYN-0176,AREA-08,Canal Quarter,Peripheral,REC-02119,3.523429291407937,264.52346949237574,14702,8977,,0.3611486929929212,18.05513660937079,0.4103425917987334,206.0,0,2,12,0.7254109688332768,0.41444565819323465,0.3453704232640957,0.8204704123162256,67.61533161691648,58.118353396962874,Medium
SYN-0176,AREA-09,West Park,Residential,REC-02120,1.4690116287736772,121.47101431441513,47851,18048,80.0,0.8122557942287136,17.53477957678121,0.16349648518790544,143.0,2,2,10,0.3241382887903978,0.25791226814466095,0.8756520332395604,0.9034400186498184,44.19493111195335,40.3497584708534,Medium
SYN-0176,AREA-10,Lake Colony,Peripheral,REC-02121,1.985618475448964,198.71416155535516,58517,4859,137.0,0.5700629154976098,25.8784591569979,0.43346545988084684,43.0,1,7,41,0.3405004172278005,0.32171241767319503,0.5716903765866765,0.9662916116332085,72.18261018073316,58.375051883762595,Medium
SYN-0176,AREA-11,Industrial Ward,Central,REC-02122,2.651697940113883,206.43553014273527,16646,7769,50.0,0.651337968446653,13.177128194800687,0.09806649600430303,291.0,0,1,10,0.43292199512860896,0.376268738965866,0.6483003753531028,0.7717809256792042,42.29189500517985,36.800417943404746,Low
SYN-0176,AREA-12,Outer Settlement,Peripheral,REC-02123,4.292954245602521,263.41258430246563,4138,19099,17.0,0.2761571101570404,26.410387964713998,0.44536947335752436,66.0,3,5,4,0.5417803798005687,0.3766013359319693,0.8417618881188726,0.679724144416316,95.28597470681771,73.50213973463713,High
SYN-0177,AREA-01,Central Market,Central,REC-02124,5.0620447430925015,382.18681763012603,62430,1902,277.0,0.1336867545848918,11.501986349691705,0.5531202617668072,332.0,0,2,92,0.7434133397820096,0.6139332319461924,0.47979719506135343,0.8333089109486119,68.1228619248288,100.0,Critical
SYN-0177,AREA-02,Riverside,Peripheral,REC-02125,4.773483109720074,349.44429857538967,35124,16149,132.0,0.2574762891764951,27.690685659977657,0.3369868018412174,330.0,3,5,27,0.699237935735436,0.5651681087473226,0.1657247046538572,0.6546206305971869,92.88286109468413,70.95047175168685,High
SYN-0177,AREA-03,Old Town,Central,REC-02126,3.5677350156819365,292.69673306194585,51028,3797,202.0,0.5864436320084785,17.659000073622483,0.6626311631228375,428.0,1,3,77,0.663593620478534,0.4816226763651802,0.2986892122019129,0.7873979004718956,57.35387293460065,75.46404345062773,High
SYN-0177,AREA-04,East Gardens,Residential,REC-02127,3.1714056751972697,233.84992397706466,22506,4652,77.0,0.49095533137141223,20.03293486590373,0.2877519377213056,435.0,0,4,14,0.6419613451111775,0.799556949744677,0.5986782113454842,0.7928687008644535,75.88161926480619,54.742669821384936,Medium
SYN-0177,AREA-05,Hill Junction,Residential,REC-02128,4.509091686827961,281.40650977703376,21198,3715,85.0,0.5928746932309737,17.748233973013843,0.38734048871242943,427.0,1,1,23,0.8399040914811691,0.5825805679048243,0.7103774826500888,0.8130911774026132,60.66107187791799,68.71850145677453,Medium
SYN-0177,AREA-06,South Ward,Peripheral,REC-02129,2.997436368733881,205.6024457850197,16567,9795,53.0,0.6206275178569478,29.339872448582145,0.5424415081869711,282.0,3,7,22,0.6414927006906893,0.6899888612878737,0.5048183877734459,0.7929238571797218,85.38718608807349,55.854214359645944,Medium
SYN-0177,AREA-07,North Estate,Residential,REC-02130,3.687216299337127,252.2092785148148,16063,4698,57.0,0.5850639939933426,4.741640364200657,0.2588816742899355,77.0,3,0,12,0.6232069560726987,0.4120483757441656,0.6131635322160858,0.9083366724547606,31.467024137163648,56.832298786584616,Medium
SYN-0177,AREA-08,Canal Quarter,Peripheral,REC-02131,3.7861430209198312,255.27015437656098,31975,7874,93.0,0.4497584663545853,15.823553599786955,0.21102700194312113,385.0,1,1,23,0.5130722149087056,0.6999315120948284,0.6452392087079256,0.7329281703255441,57.69407790302747,65.80883762024649,Medium
SYN-0177,AREA-09,West Park,Residential,REC-02132,5.152295051419616,358.0192534460751,9111,4140,36.0,0.2822903271144402,10.50181807458903,0.22389133264646213,411.0,1,3,5,0.8527238943413584,0.95,0.13341272663409898,0.8317732030871333,64.71229964158525,77.26187506627873,High
SYN-0177,AREA-10,Lake Colony,Peripheral,REC-02133,3.5942075377536273,295.44075764259094,55126,19933,189.0,0.5137755972826226,15.099174640498287,0.4376633428173961,124.0,0,3,46,0.512054138773707,0.36274312302380396,0.4804001239034631,0.7637362253002449,59.99675361685558,74.31036932164413,High
SYN-0177,AREA-11,Industrial Ward,Central,REC-02134,1.9265656692632767,123.7896399026374,34451,12934,83.0,0.9187713597505934,19.830762609394984,0.5378690276018012,188.0,2,3,32,0.4000374772212777,0.6105168651985406,0.8016695988473946,0.8674430966587527,53.694738965123946,43.65256323398254,Medium
SYN-0177,AREA-12,Outer Settlement,Peripheral,REC-02135,4.281521098251344,344.7899026377105,59704,14569,239.0,0.3775499277822456,13.77506421746078,0.31765671934395634,67.0,3,2,61,0.6704963613368701,0.6125038795132413,0.1477449104775774,0.7976859897226836,64.00638282682583,82.04099304102034,High
SYN-0178,AREA-01,Central Market,Central,REC-02136,3.02772981699356,198.7103975109899,33886,1638,89.0,0.5076838246034178,10.636684665746571,0.31080987002957816,173.0,0,1,15,0.4927978420974589,0.745895506378621,0.6397718854770966,0.7221968597172888,55.83868619095047,58.44496517016469,Medium
SYN-0178,AREA-02,Riverside,Peripheral,REC-02137,3.6210521190268983,263.93471788484976,21453,13155,86.0,0.36829093074184216,20.954355340401822,0.6039243141789551,182.0,0,2,41,0.6867433540650131,0.7286528481808275,0.5412021350048908,0.8578257532012376,82.93437010677681,55.939129919673135,Medium
SYN-0178,AREA-03,Old Town,Central,REC-02138,3.5175835388030023,267.5738777179743,34682,15468,108.0,0.5763787085247104,19.334146294051536,0.25052088323952726,395.0,3,3,25,0.49733260838284576,0.8196076604976948,0.6754061911765304,0.7367140025353189,59.95714343878022,65.82399148766827,Medium
SYN-0178,AREA-04,East Gardens,Residential,REC-02139,3.3679841028224864,249.92847557386915,12140,3368,33.0,0.6290116140903891,6.442021180224621,0.6027055473606693,125.0,2,6,7,0.6770078741024177,0.7945643289354667,0.8130398370863074,0.7887623459134518,36.35621220043231,58.84378300557342,Medium
SYN-0178,AREA-05,Hill Junction,Residential,REC-02140,4.219219764904464,332.9054901245828,54005,18732,185.0,0.40001196716814885,21.36159466859636,0.1994123421772935,99.0,1,1,31,0.5414917319155903,0.5930945760049477,0.8106634777306202,0.7955161069519758,71.50172973954636,72.83647527156894,High
SYN-0178,AREA-06,South Ward,Peripheral,REC-02141,2.3606553967945354,190.1904455321167,47508,4209,128.0,0.4814912187959164,16.131084757145175,0.19598994398127673,292.0,2,4,32,0.4302286822850816,0.49194980052913606,0.7581529141580864,0.964434803450986,63.82690542231264,44.296486420837496,Medium
SYN-0178,AREA-07,North Estate,Residential,REC-02142,3.173335919513213,241.55997045344483,11697,18493,26.0,0.74583780975349,4.42283235808312,0.2868153649148439,333.0,2,3,9,0.5179814402401559,0.3376180824541333,0.44614476964544914,0.9087725191508043,27.00121677500482,59.99625531661707,Medium
SYN-0178,AREA-08,Canal Quarter,Peripheral,REC-02143,4.134177629970607,237.42992349080168,38874,18661,137.0,0.17253676606184018,15.325226266283085,0.26938553914911817,432.0,2,0,26,0.7883106205659787,0.6399799519664123,0.2424647809347402,0.8702709643800957,72.1252368772483,75.42054733324524,High
SYN-0178,AREA-09,West Park,Residential,REC-02144,3.0956794792012063,253.24177069475778,36124,5596,,0.45364506223588097,19.50264795980612,0.1275190322041304,363.0,0,3,18,0.3510217044431896,0.8370053315385464,0.6748850506386181,0.6893379829346945,69.6742290666712,56.96400840226602,Medium
SYN-0178,AREA-10,Lake Colony,Peripheral,REC-02145,2.2999019320607235,245.85333836905525,15063,9255,41.0,0.3987583923713291,13.200650613209621,0.41017399655932446,134.0,3,7,16,0.19962205394184193,0.7831668787264194,0.7028927795635045,0.758187172962151,59.004575046641996,39.133733047644725,Low
SYN-0178,AREA-11,Industrial Ward,Central,REC-02146,4.12179157408209,293.1585388722056,10130,3336,34.0,0.30972308127358844,1.670333413120281,0.24243347825161396,323.0,3,1,6,0.7769705886503515,0.6519800829986946,0.2189812453655014,0.667416383034591,53.50598160860182,65.39424030576504,Medium
SYN-0178,AREA-12,Outer Settlement,Peripheral,REC-02147,4.485423003829933,351.3671097755316,50018,792,224.0,0.40172216471808975,16.123415293018574,0.7214712524474963,409.0,3,1,93,0.7006598436524196,0.95,0.6926581688422089,0.8386745655223283,56.44914636572926,89.0382396730484,Critical
SYN-0179,AREA-01,Central Market,Central,REC-02148,3.137481010116178,219.22177497588126,19002,9506,53.0,0.7144525893653194,12.435600481363394,0.11003897435344119,380.0,0,7,6,0.5120172492338451,0.6708299579640971,0.6928501181334957,0.6912369400383808,45.47207028811834,47.8481237491347,Medium
SYN-0179,AREA-02,Riverside,Peripheral,REC-02149,1.604800697454957,173.8740530825507,34933,10187,66.0,0.6464424382204856,17.48969070989725,0.24780660626110243,260.0,1,5,6,0.18829688360006291,0.28943297016513325,0.5337748393097598,0.6601675551646589,51.577531973318514,34.7591172098198,Low
SYN-0179,AREA-03,Old Town,Central,REC-02150,3.738252973589636,298.5549497052295,17981,3792,67.0,0.5362023111642645,4.375039677679032,0.4573434855779476,160.0,1,3,25,0.7325794078442078,0.4557333208048651,0.7849691510396387,0.7748632885314414,38.06818240147969,65.6458434780023,Medium
SYN-0179,AREA-04,East Gardens,Residential,REC-02151,1.8455668710948325,148.96428199780993,43337,12554,94.0,0.7403600887318534,8.647900270486215,0.09173105949618608,81.0,2,5,10,0.3435004237650101,0.7484169380323588,0.821786988755428,0.9104338329237773,30.545395856496363,33.07681527493351,Low
SYN-0179,AREA-05,Hill Junction,Residential,REC-02152,3.4205165977091156,249.3597458064545,5561,18278,5.0,0.37809045720636913,15.54398691386943,0.3304622431747795,180.0,1,4,1,0.5989657901850312,0.343372989913138,0.24270793322810943,0.7990197397204769,65.58532601656171,54.38259285086272,Medium
SYN-0179,AREA-06,South Ward,Peripheral,REC-02153,2.4635061164368555,219.4882558171361,24958,6169,61.0,0.8012819846197723,19.158185423917523,0.22024286350232158,259.0,1,6,13,0.27022989655849255,0.7133278871335654,0.24066092299125277,0.6803148163201453,52.55332428557934,49.406835686163156,Medium
SYN-0179,AREA-07,North Estate,Residential,REC-02154,2.245605747617011,187.19192859474376,36691,15370,87.0,0.8505839911420157,13.027184722082088,0.4423558569430657,437.0,3,3,26,0.43444829098736343,0.5745379824915583,0.17408570546207996,0.8389974904538657,47.360265055445396,50.12118744059764,Medium
SYN-0179,AREA-08,Canal Quarter,Peripheral,REC-02155,2.819949162566831,186.35553220458078,29943,8796,90.0,0.5277374458802087,29.888099781254798,0.320742871245543,231.0,2,5,21,0.3509259768435743,0.4065551704911592,0.8360931734465442,0.8073240004941155,81.17756439863741,56.842105355033866,Medium
SYN-0179,AREA-09,West Park,Residential,REC-02156,3.0268391310887752,190.90288694348752,40774,9150,,0.4735357309604991,16.713022504117927,0.19490918505240296,332.0,3,1,21,0.4254468251930429,0.95,0.23162571340425642,0.986332426043149,57.6524062411548,47.81577989304679,Medium
SYN-0179,AREA-10,Lake Colony,Peripheral,REC-02157,2.6581105759214245,230.42452111499847,13771,5884,34.0,0.480872394110627,26.880474989369446,0.3283285222732318,347.0,2,3,9,0.27917670954601936,0.5160632076692008,0.527975476463161,0.6980323251112326,78.74497145534937,50.08188258618095,Medium
SYN-0179,AREA-11,Industrial Ward,Central,REC-02158,3.6444397988027037,253.99593018134374,30112,19791,105.0,0.4066873619972251,7.048265415426756,0.2513636761060478,230.0,2,1,27,0.5886216561836546,0.5405155659149888,0.17425672700144715,0.8889805031259308,49.6438256385158,62.83915707396685,Medium
SYN-0179,AREA-12,Outer Settlement,Peripheral,REC-02159,2.816621673463516,224.13871578206843,49782,9118,148.0,0.49738283462652394,20.73909141974906,0.20210479097259526,,1,1,26,0.5971737367853299,0.5176723420747579,0.5732448358799482,0.9021970384794429,72.55814473400436,53.69395789631338,Medium
SYN-0180,AREA-01,Central Market,Central,REC-02160,4.368542995976394,341.59811359412606,23350,18491,95.0,0.4255947615152265,8.236570616697215,0.1670389716606415,394.0,1,6,14,0.7552938980289807,0.7691394769971667,0.43849733037046,0.9469701948560414,47.89280492298605,71.44537586623699,High
SYN-0180,AREA-02,Riverside,Peripheral,REC-02161,3.809328831153721,251.5324213152023,12313,19692,49.0,0.30575890438123554,20.175078019136105,0.18191570410063765,302.0,1,4,6,0.5818696297460397,0.95,0.28642784839903945,0.9463170305606403,81.24017068272343,62.917922135007004,Medium
SYN-0180,AREA-03,Old Town,Central,REC-02162,3.0263445333618906,206.28597032327286,55484,4165,157.0,0.40178223498049503,3.3493927962605334,0.10649354702796268,330.0,3,0,23,0.5174883137324577,0.3703178477583663,0.6444487608116916,0.7914875417158641,29.216194566069667,54.59930162491994,Medium
SYN-0180,AREA-04,East Gardens,Residential,REC-02163,2.8916383915731085,276.6355431818065,51143,9453,142.0,0.8510177034656708,11.887891448848725,,313.0,2,0,35,0.4943734085849575,0.5594748224822138,0.47566901318854493,0.9116243741108951,38.432697688028796,56.462256302327795,Medium
SYN-0180,AREA-05,Hill Junction,Residential,REC-02164,2.266393259400986,174.9469125436718,45025,1963,112.0,0.711208153303624,12.042115219189839,0.21326781941017114,448.0,1,7,12,0.3856604519713434,0.559713784423584,0.49128906002350803,0.7870724263189572,45.4580796126197,37.39691227378777,Low
SYN-0180,AREA-06,South Ward,Peripheral,REC-02165,3.816976840932395,318.67352375468636,52375,16226,158.0,0.40041428229279585,22.074522633536617,0.6838655359195174,288.0,3,4,67,0.6574429384532446,0.4473567702375433,0.8740382368963834,0.9631458474248294,78.93764922434016,83.56611188173886,High
SYN-0180,AREA-07,North Estate,Residential,REC-02166,3.3007202608378505,329.76487150719294,51176,7485,167.0,0.48721003715370254,5.926807409105219,0.09159116969506483,90.0,3,2,30,0.42532072099957186,0.6442651652900461,0.35182768907953743,0.896730826188749,42.60746320196055,61.250156413486245,Medium
SYN-0180,AREA-08,Canal Quarter,Peripheral,REC-02167,1.6866338761881257,156.80694785962515,49162,3009,93.0,0.45642992349415673,14.650483175978067,0.6956369476846198,,0,1,40,0.2938902492349796,0.3730272643602385,0.8941513285610035,0.66481195411548,62.2173400427761,50.51236477207044,Medium
SYN-0180,AREA-09,West Park,Residential,REC-02168,3.155818400423417,219.2672244488178,34339,4821,108.0,0.5481893602329811,8.722221066442263,0.2854023625482064,155.0,1,1,31,0.31533992908785613,0.3997185861628603,0.770939743494001,0.715965499647422,47.67728905924333,58.26006149853047,Medium
SYN-0180,AREA-10,Lake Colony,Peripheral,REC-02169,2.8635630752349757,229.94247816918528,3713,15903,11.0,0.4403145283886753,21.291670846176412,0.5831745932635874,419.0,2,5,4,0.5463353455476401,0.8271917645641861,0.2286139536383428,0.9664531066098104,84.62694252110094,53.0299649304453,Medium
SYN-0180,AREA-11,Industrial Ward,Central,REC-02170,4.844932372375466,349.25710469030435,39817,2337,173.0,0.406853593553784,8.072311047519008,0.25869624899603366,40.0,3,0,45,0.6751588256999986,0.9211955403758939,0.3815662378816298,0.8471722819121045,53.36885104874257,89.73949467849717,Critical
SYN-0180,AREA-12,Outer Settlement,Peripheral,REC-02171,2.2221674091242893,186.4549863770968,19570,10376,35.0,0.6776258715277399,24.828944869639137,0.6324265643807335,126.0,3,3,12,0.5116729744731181,0.493873898518564,0.35152159196803345,0.92198305947811,64.94714103480747,66.09714731189275,Medium
SYN-0181,AREA-01,Central Market,Central,REC-02172,2.4389801489395815,220.0464126033321,50831,19133,133.0,0.7503463167135831,13.287585760383953,0.4238805354720642,325.0,0,6,35,0.11306833985051379,0.38765690378746404,0.6846959219886486,0.9478437375903613,50.68215428344933,54.75687944469352,Medium
SYN-0181,AREA-02,Riverside,Peripheral,REC-02173,4.480036503211384,356.1506923000593,31771,7648,126.0,0.37138756986046406,12.36982756315296,0.32703468391441115,284.0,1,6,29,0.9476037436384364,0.6649604677088881,0.31266492506605337,0.6667371945777414,59.06607367196975,72.72840943082167,High
SYN-0181,AREA-03,Old Town,Central,REC-02174,4.6774713146979945,283.8927423422398,59079,4241,246.0,0.5615939128394725,5.701905339232145,0.07533473007870739,46.0,0,3,27,0.582872071236316,0.42887086222469656,0.3236468485599451,0.6881998620007727,36.01112575844015,73.50938825124953,High
SYN-0181,AREA-04,East Gardens,Residential,REC-02175,2.9960744377463113,270.44338799481,39721,11740,105.0,0.6273317874597831,13.696774523363525,0.045001011000035576,357.0,0,4,15,0.35535358412792944,0.8438093943791783,0.6889349970247303,0.9781566521499434,44.988863555973666,54.15207288642951,Medium
SYN-0181,AREA-05,Hill Junction,Residential,REC-02176,3.0863921304796955,248.82465332708853,36908,12819,92.0,0.6998110002300227,12.171022316904438,0.28563442794737154,53.0,1,5,17,0.5502855329662028,0.38721301748226367,0.7204504321232145,0.8630327742400439,44.806692940847846,49.38439448464385,Medium
SYN-0181,AREA-06,South Ward,Peripheral,REC-02177,4.085049105969475,288.32143123714707,59951,7338,207.0,0.3673563940245609,17.12313603595512,0.3044177212083073,,3,3,45,0.7550873157925286,0.5904515207148664,0.687839212136346,0.9017909343077586,70.47041222737188,65.65799522650516,Medium
SYN-0181,AREA-07,North Estate,Residential,REC-02178,1.730380951170576,174.49926778997985,32191,14616,60.0,0.5297424188387693,4.609536539076628,0.360446553215484,377.0,1,5,14,0.25439057401316995,0.49788252582704084,0.49687611259661046,0.7881190741962054,41.7079230249756,37.43110295566351,Low
SYN-0181,AREA-08,Canal Quarter,Peripheral,REC-02179,2.103105841122379,145.18792190693864,25975,16289,56.0,0.5670227483203418,29.329068801737215,0.7265463528288327,224.0,0,5,21,0.45763036645800775,0.9011935277118843,0.6950143625721379,0.7346695969246438,80.39830101408077,57.420788896670494,Medium
SYN-0181,AREA-09,West Park,Residential,REC-02180,3.367474068046255,228.76976065689183,25719,13040,95.0,0.4244282496450703,10.43822629867358,0.3668148058396769,265.0,0,2,23,0.465659167676982,0.7104966512875608,0.572843793124447,0.6849580340503684,51.747412153751846,63.87015704137061,Medium
SYN-0181,AREA-10,Lake Colony,Peripheral,REC-02181,4.831973241630125,385.8475680393814,57188,15888,,0.23129574585630566,14.463464939048242,0.2307770788525441,52.0,2,1,56,0.757365839991176,0.8249099574966545,0.7859414399866699,0.7249352328140968,67.127829307028,83.73157053810183,High
SYN-0181,AREA-11,Industrial Ward,Central,REC-02182,3.2434767181934325,252.8367318829137,49767,7284,159.0,0.450992040335283,16.13879981280135,0.15432117466279938,106.0,2,2,21,0.5043300999343542,0.8684274323265466,0.6657508407352544,0.6859397831397668,61.320594181817135,63.004026907096645,Medium
SYN-0181,AREA-12,Outer Settlement,Peripheral,REC-02183,3.672810222114948,325.7633464629555,12714,4984,39.0,0.43848827570754767,15.374323539772153,,132.0,1,7,12,0.5475275340377679,0.5783154469345094,0.5904623668525734,0.9746617946343235,55.528701250087956,60.54981151580503,Medium
SYN-0182,AREA-01,Central Market,Central,REC-02184,3.4165320795680474,241.49035120747058,33280,17869,86.0,0.6394088806372247,6.578431229658457,0.48490976529630275,183.0,1,0,27,0.33732058433439444,0.6650904124911936,0.5951360823056555,0.9549432853468878,32.198648002492234,58.96861450025504,Medium
SYN-0182,AREA-02,Riverside,Peripheral,REC-02185,4.195008448139355,321.4156918597893,25705,8924,88.0,0.4371272227829094,27.36817413734115,0.39086397581341276,300.0,3,0,29,0.696208026708873,0.6188318104963857,0.33435919339452846,0.9141429716868371,85.67444901709986,74.79961521430135,High
SYN-0182,AREA-03,Old Town,Central,REC-02186,2.0480218829981878,184.74368841854925,42918,2607,103.0,0.9075883237631658,20.064810651210532,0.45279648197288624,198.0,0,5,25,0.3275361220553702,0.4669810259604771,0.5733304535857671,0.6577359685887665,56.89887673589338,57.47699052933493,Medium
SYN-0182,AREA-04,East Gardens,Residential,REC-02187,2.496031282530097,214.41866263199054,5767,3199,11.0,0.44943273035727926,10.829804256423788,0.09884083288568694,414.0,3,2,0,0.5453871454002567,0.5570624247341351,0.8800753803200602,0.8325377405156411,52.45698464048034,44.1895404247651,Medium
SYN-0182,AREA-05,Hill Junction,Residential,REC-02188,3.967144838591112,316.48701329056604,47132,19578,183.0,0.300719718403626,14.278083415370382,0.17173359919003953,127.0,3,6,31,0.5068774765473847,0.5921186624135466,0.8570289019614072,0.7339018682137346,60.47814122574286,67.92283693468728,Medium
SYN-0182,AREA-06,South Ward,Peripheral,REC-02189,1.291741241363695,137.75157313967776,48905,608,83.0,1.0,17.581125748873944,0.6241775232171546,164.0,3,0,25,0.13856132800558624,0.4195419237594715,0.19660115166464395,0.6763962831446586,43.7881655535094,45.141352925703366,Medium
SYN-0182,AREA-07,North Estate,Residential,REC-02190,3.3315655179598953,257.1270967102476,16661,17279,40.0,0.6547236738687598,14.306117843739392,0.19285452086060095,76.0,2,6,6,0.699679866722808,0.5730325414375104,0.41501251284707963,0.6573256686351833,46.14989519541798,61.683025403337034,Medium
SYN-0182,AREA-08,Canal Quarter,Peripheral,REC-02191,1.6948482356278312,91.91690340076784,11915,6281,21.0,0.6696550035377451,25.288322796976832,0.42617825485211586,382.0,2,4,13,0.3176693692920941,0.5218661499481168,0.2818222590201819,0.9008692145440019,77.44052208599621,39.59922731430328,Low
SYN-0182,AREA-09,West Park,Residential,REC-02192,2.5914785551993633,234.37125967752587,41720,19931,90.0,0.6410375035095165,16.14117778927143,0.49566757507794335,288.0,3,0,22,0.49783865487199186,0.40998406057044035,0.7178175657988184,0.7826494294558131,64.06434970601178,56.07682014592556,Medium
SYN-0182,AREA-10,Lake Colony,Peripheral,REC-02193,2.3154054235966184,119.28710808476936,18563,11431,48.0,0.5490200230450831,10.854799629708157,0.2796262024549514,255.0,0,3,15,0.44031293873351346,0.34789329540441805,0.548109915345773,0.8560693067197542,50.15524646522518,45.861317144899374,Medium
SYN-0182,AREA-11,Industrial Ward,Central,REC-02194,1.7430913809558544,116.28975763712216,61348,15139,126.0,0.52391761976193,3.07084412207036,0.2079484828459772,375.0,3,0,32,0.34545982785145557,0.30766928664795645,0.8097131597648535,0.9210561926088507,38.488921051767946,51.74631804396075,Medium
SYN-0182,AREA-12,Outer Settlement,Peripheral,REC-02195,1.7230191193902176,130.85561894087348,50952,15306,107.0,0.5460978307305504,24.867128752217912,0.24219107932065967,351.0,0,0,31,0.5056958526134248,0.22848546539495795,0.2027323097252774,0.8069028944309982,74.25295119414248,47.60962358135931,Medium
SYN-0183,AREA-01,Central Market,Central,REC-02196,2.1441664511939953,206.46657745123414,62188,9213,151.0,0.6863949854922816,12.168616478757073,0.2676446349208155,206.0,0,0,39,0.3683459541566373,0.4813618251564941,0.5968584536996947,0.6952271180187978,47.963555112895584,54.48140913853983,Medium
SYN-0183,AREA-02,Riverside,Peripheral,REC-02197,2.7194664223211378,210.09864865637857,35919,19023,83.0,0.41337151581979426,29.80991548812902,0.2968696312411214,372.0,0,5,12,0.331883210499061,0.4554362486634902,0.4876903480980379,0.980173109254806,92.7052863619899,49.17916336569692,Medium
SYN-0183,AREA-03,Old Town,Central,REC-02198,1.8192459972401893,214.49955719603855,61155,14551,120.0,0.6750892415204436,3.1747766394384986,0.4218756906138857,148.0,0,3,36,0.3798633645540452,0.3244955673492978,0.5687580670296214,0.8763852396814471,34.098031776110034,49.713152040691924,Medium
SYN-0183,AREA-04,East Gardens,Residential,REC-02199,1.9791254867775652,127.03927240252928,3373,8745,2.0,1.0,21.783172220190306,0.3078096231392809,300.0,2,7,1,0.26186804688900794,0.35044830243874736,0.7530730884398549,0.7196538296180883,50.35918079146595,34.754734846224366,Low
SYN-0183,AREA-05,Hill Junction,Residential,REC-02200,2.3799742128238295,161.70879355596801,20620,7448,64.0,0.6366052452166957,3.8041159327130973,0.26802681269974854,220.0,0,5,19,0.3834699316337767,0.44328917041191174,0.7759347764608681,0.888966209182093,31.491721659597644,55.33537172919962,Medium
SYN-0183,AREA-06,South Ward,Peripheral,REC-02201,1.145739941380624,46.95977360441083,2639,566,4.0,0.7529708091987204,10.660147509087892,0.3394468919433473,213.0,2,0,0,0.23537837710745693,0.50026177388606,0.10012548663171597,0.7999198424098224,35.43498081657488,32.20478348183491,Low
SYN-0183,AREA-07,North Estate,Residential,REC-02202,2.5147889665213303,169.05805149313926,44847,4971,110.0,0.6770338988874604,19.87880667491122,0.08284120292082507,299.0,0,7,18,0.3205689765939591,0.36383185544107544,0.7836640733386504,0.9273690915367064,65.6167579186315,47.68302496084059,Medium
SYN-0183,AREA-08,Canal Quarter,Peripheral,REC-02203,2.5785094374387896,188.6242547028286,34416,13173,94.0,0.5897438185933394,20.584901596379932,0.5322322561766282,279.0,0,1,40,0.36851620316809275,0.5264624488184845,0.8843291518123174,0.9020087998258712,64.1268920510298,55.885370384503005,Medium
SYN-0183,AREA-09,West Park,Residential,REC-02204,4.00593599879132,344.33393423231996,20479,13910,60.0,0.38189502826480287,7.020345088037872,0.30375548576517003,425.0,1,2,10,0.7247578283270026,0.6598117438576527,0.7130114757000489,0.7413932778926966,46.88434169909514,61.70076830192895,Medium
SYN-0183,AREA-10,Lake Colony,Peripheral,REC-02205,1.622151607343326,176.8132904672537,21559,4531,46.0,0.8025365247365763,22.007824363413064,0.3291399786040403,323.0,3,2,13,0.20452120467879903,0.44327118953046185,0.25710377415927665,0.9091978624460317,57.15548503075193,33.55935057774776,Low
SYN-0183,AREA-11,Industrial Ward,Central,REC-02206,1.5565695184564898,148.33053628073387,42734,9447,85.0,0.8353077306488996,8.928101911157125,0.32186841558357104,208.0,0,3,23,0.3762344909949245,0.5901650316140538,0.3374272648075392,0.842660103724046,33.19104800968763,48.988670462687736,Medium
SYN-0183,AREA-12,Outer Settlement,Peripheral,REC-02207,2.5382076570499885,195.64619871390389,13769,11732,32.0,0.3701912031660416,30.760887655275255,0.26266830273626074,393.0,1,5,10,0.30469569776481564,0.8463517552911868,0.17890962324052495,0.8854783191774112,99.98371930755998,43.58455235137556,Medium
SYN-0184,AREA-01,Central Market,Central,REC-02208,3.8963992639304657,316.2076573436194,34659,4327,114.0,0.4416036231421793,17.253657362556556,0.31591216479138834,437.0,0,1,37,0.5306569521523561,0.41097260004175157,0.89125546010241,0.7883319056286673,68.31353800641396,78.49373420353525,High
SYN-0184,AREA-02,Riverside,Peripheral,REC-02209,2.8130462060993855,261.03073536436983,40849,9311,118.0,0.4655157326654712,23.77473074582437,0.6083246996783217,264.0,0,3,35,0.6975677382405363,0.9148850231748077,0.4315282385778284,0.686239953181487,85.00336057624335,64.2198396539145,Medium
SYN-0184,AREA-03,Old Town,Central,REC-02210,2.918585787256716,210.305766372113,17498,16180,33.0,0.565218135144385,7.763954992587568,0.27338371779715537,146.0,2,6,6,0.30280379155163173,0.42966273895564844,0.8220370395955142,0.6625844904516314,39.333766635017966,49.67894636162152,Medium
SYN-0184,AREA-04,East Gardens,Residential,REC-02211,3.6740205993751873,262.3945477217852,16777,5924,53.0,0.5467527323542438,1.5427330865529876,0.21345776918260814,398.0,3,6,14,0.6091307830827364,0.5963649456594948,0.715861056398884,0.927140991047007,30.94117326892863,57.78154203740249,Medium
SYN-0184,AREA-05,Hill Junction,Residential,REC-02212,2.579048536213026,194.69420515564482,24639,15482,72.0,0.7151002276316828,17.744716339111314,0.2288124136983976,304.0,2,2,23,0.652019484409719,0.30614906808919756,0.38361708486317725,0.7483628567480521,62.32051726559955,59.07289085694255,Medium
SYN-0184,AREA-06,South Ward,Peripheral,REC-02213,2.912688738388743,177.2898779845813,39512,6326,115.0,0.5342219465632542,11.003910066117989,0.64004499380823,199.0,2,3,48,0.48201714931687784,0.4407866876881784,0.3073497704758412,0.8562254679140046,45.641133630532934,61.530837798828024,Medium
SYN-0184,AREA-07,North Estate,Residential,REC-02214,3.312790142695503,291.6593717985647,18399,2373,66.0,0.5768792229919371,3.375842695444456,0.15751520344471243,210.0,1,5,13,0.7137441707369303,0.7583850384731254,0.46431356651465294,0.9443559060409189,39.383862686247895,55.45937163431978,Medium
SYN-0184,AREA-08,Canal Quarter,Peripheral,REC-02215,4.037866876658562,284.95899982644556,26204,7172,81.0,0.32497516218654227,22.368919421707183,0.3403942494912234,351.0,0,0,22,0.7512747965050288,0.7112184903037013,0.3676741334894138,0.9825742230450145,89.08152329747367,70.13925160018185,High
SYN-0184,AREA-09,West Park,Residential,REC-02216,2.7574370358571225,210.55303508280662,36465,8670,103.0,0.35581397448652596,16.895372000812973,0.2697092908931367,304.0,2,6,25,0.45870861320134426,0.532311936873632,0.5453597641846126,0.9894653276990102,63.769601411042544,59.22434101769123,Medium
SYN-0184,AREA-10,Lake Colony,Peripheral,REC-02217,1.7672083591762175,198.54800470948658,14171,3905,29.0,0.7259379451879103,18.587832273092463,0.17507588338829672,289.0,3,1,6,0.2788572951538247,0.2772274659270242,0.1236834965073828,0.9319587832379002,70.05457790885585,36.957361844486506,Low
SYN-0184,AREA-11,Industrial Ward,Central,REC-02218,1.7078379547861864,134.8214653568026,38058,14693,59.0,0.819505177742711,13.370071070627798,0.22815626711167622,,2,3,10,0.030321569433901796,0.5114245467561632,0.598521702584889,0.8327012257511747,42.323337302885946,35.354095264050336,Low
SYN-0184,AREA-12,Outer Settlement,Peripheral,REC-02219,2.2335854754358486,223.16518177775487,11131,14261,,0.4491266802384322,30.446539782298995,0.6132417810713795,71.0,0,2,11,0.3339708467197313,0.95,0.8099853086107897,0.7431818515411017,84.22479433946361,51.2005981491483,Medium
SYN-0185,AREA-01,Central Market,Central,REC-02220,1.8716668759948796,109.21293902591691,11408,11276,25.0,0.7716365107683137,6.907140447224885,0.058693319426531096,182.0,3,0,4,0.33981070003222325,0.4201719138818236,0.27993290429403195,0.6560949219074101,27.195188002865656,26.67639245899638,Low
SYN-0185,AREA-02,Riverside,Peripheral,REC-02221,2.798512443658902,238.74663868736286,17303,8193,61.0,0.5659608756173805,10.923398872544386,0.2719110450798115,245.0,0,5,12,0.49421828977292603,0.5312672978699862,0.375096087722558,0.7289738991139761,48.16299112356369,57.73425114857585,Medium
SYN-0185,AREA-03,Old Town,Central,REC-02222,1.9710969276767454,154.75728433261537,20406,1633,40.0,0.8645960779522629,5.659346592022796,0.17025196308459448,148.0,2,2,11,0.6244192054712584,0.6944043012852843,0.8297095975032179,0.7327708764482443,24.41892604138165,38.93394994806165,Low
SYN-0185,AREA-04,East Gardens,Residential,REC-02223,2.3599970826978662,146.017879471201,4364,14503,8.0,0.7308365816031651,10.375895213191892,0.13222162081554606,353.0,3,5,2,0.4270478150542517,0.3280386905537115,0.6573604688983072,0.8341657177947966,37.31383892405259,36.24903735248749,Low
SYN-0185,AREA-05,Hill Junction,Residential,REC-02224,2.3029323425691897,155.62533283069354,62600,7069,147.0,0.7161816888582775,17.324645623245498,0.1265990307260882,147.0,3,2,15,0.4594394955901263,0.8010858893736814,0.11086147252583585,0.8695983376185197,49.54073037884808,48.60923423482883,Medium
SYN-0185,AREA-06,South Ward,Peripheral,REC-02225,2.5697947618764347,211.24868930678815,21757,11856,59.0,0.6338414114373883,18.804338693141688,0.3014958287787642,315.0,2,5,17,0.5680947070685939,0.4986967767809162,0.4284835226041305,0.9930481424487194,54.96764318113136,48.28560792949601,Medium
SYN-0185,AREA-07,North Estate,Residential,REC-02226,3.9802045157733277,269.91446710542107,52788,6710,204.0,0.40598656536844013,13.367204263316369,0.509706846642888,221.0,3,7,65,0.7282275766788896,0.3726787269949627,0.19706225969097738,0.7867427903432079,68.49812816703273,80.87095972093564,High
SYN-0185,AREA-08,Canal Quarter,Peripheral,REC-02227,3.4517591220992427,275.85450744765694,58872,4928,195.0,0.4461941092575123,21.88198035026584,0.23059306682104763,271.0,1,0,42,0.5649672990081376,0.6164686444758715,0.2885163186930879,0.9784640580149855,77.43482182876164,67.08585924790198,Medium
SYN-0185,AREA-09,West Park,Residential,REC-02228,2.9351045827756326,208.42175933125714,52540,11988,133.0,0.5145517751069527,11.244382986778524,0.11442476070224526,41.0,0,0,28,0.4794416150645437,0.7125033478522902,0.7140792759804352,0.9325347872053723,56.66243852975279,60.99001091859089,Medium
SYN-0185,AREA-10,Lake Colony,Peripheral,REC-02229,2.553380026090159,157.38660480548373,54460,6764,140.0,0.6557624012619342,13.339349668840379,0.2836381882792197,365.0,0,2,40,0.3834847998133395,0.6098532494325801,0.1699732391338068,0.8974411748787611,45.513801009547734,55.592878197077106,Medium
SYN-0185,AREA-11,Industrial Ward,Central,REC-02230,2.5756149252564127,236.50921825151062,8754,8789,29.0,0.44624857675330143,2.428422104030552,0.6168401061338583,143.0,3,6,10,0.4825744777057917,0.9255406665170217,0.3656572766201459,0.7112412729399814,34.78343596039497,43.50953332046663,Medium
SYN-0185,AREA-12,Outer Settlement,Peripheral,REC-02231,3.184398226516389,255.81776135908578,25750,18516,64.0,0.5321927091857445,14.262451684932042,0.45566907711153376,410.0,0,5,22,0.510294551235146,0.830038008105763,0.22712431401964095,0.8662847746860693,51.91663068630882,61.277657270780566,Medium
SYN-0186,AREA-01,Central Market,Central,REC-02232,2.5572060951268543,152.1281095847618,49136,5456,121.0,0.6441162221040012,6.674141998375887,0.31021856020754907,434.0,3,7,35,0.5011933827182683,0.6415385423744979,0.7149603473187968,0.8575027635341727,34.85080219994105,57.44533375346655,Medium
SYN-0186,AREA-02,Riverside,Peripheral,REC-02233,1.3637768315645418,148.23685524843532,38489,8724,72.0,0.8049177232681193,13.938918631763544,0.6127445369899576,98.0,1,5,33,0.10620566135452637,0.46508389260756455,0.4106625424308462,0.9266533006682628,50.76762817185733,35.93056489844888,Low
SYN-0186,AREA-03,Old Town,Central,REC-02234,2.1190554409364073,181.4044220168411,2853,6997,7.0,0.6096669138219472,5.0415144941712935,0.17821091548109383,58.0,3,6,2,0.3707977218317718,0.35491307575414976,0.48569180360299447,0.852722072342984,33.29698103826893,30.85228531603162,Low
SYN-0186,AREA-04,East Gardens,Residential,REC-02235,0.4645751815146004,57.24990734294917,37960,2707,35.0,0.9457575040459114,13.776220041980936,0.22420128589997346,144.0,3,4,7,0.26367727548798436,0.48761143972528764,0.20859302196765503,0.9872141443319333,38.9809526497761,36.74621278052146,Low
SYN-0186,AREA-05,Hill Junction,Residential,REC-02236,2.2592418637815,175.0928204006226,52782,8758,113.0,0.6909817498383434,10.544567279339812,0.0433105888082832,166.0,0,1,11,0.3495854909488723,0.6575667869020188,0.826129815565359,0.7196703721366422,39.87644290546413,41.66473569033596,Medium
SYN-0186,AREA-06,South Ward,Peripheral,REC-02237,2.699590230011971,255.68600809583202,54296,13042,165.0,0.5541233950043788,15.254331576164482,0.39369895748033107,445.0,2,3,44,0.6710919002380085,0.39683296610808094,0.7946441134868928,0.7079256445262833,61.983708106948704,61.728079256319305,Medium
SYN-0186,AREA-07,North Estate,Residential,REC-02238,1.8658159349403216,170.85149369943062,26492,6884,60.0,0.6130783350305974,5.951665323486202,0.24152976441601995,75.0,0,5,7,0.330609896169525,0.19531272861090998,0.731175225182392,0.904301946504863,34.332457336954626,43.11704055956925,Medium
SYN-0186,AREA-08,Canal Quarter,Peripheral,REC-02239,3.5430924333571063,311.9758106734512,17268,7173,65.0,0.4603128699001275,13.00793706702581,0.5469805005606506,139.0,1,0,29,0.5837344225019977,0.7494549426792623,0.7652674690310398,0.9985126433547863,63.73826153533864,60.82693952377536,Medium
SYN-0186,AREA-09,West Park,Residential,REC-02240,1.3848800784961817,144.29057193274048,21847,13618,40.0,0.5846094936418517,15.527850304711974,0.11775465192984924,115.0,3,3,8,0.24480756669249423,0.4358674926152065,0.8964892563472229,0.7332840102456676,55.72179359423383,26.006807650879104,Low
SYN-0186,AREA-10,Lake Colony,Peripheral,REC-02241,2.2638231686876313,194.19372954324626,21024,9580,39.0,0.4829237095296479,19.994645020840778,0.7128979143451237,379.0,3,4,6,0.33993307214828417,0.7445544249437374,0.5312715927017403,0.6688440254948451,82.78780256456723,46.88858833054443,Medium
SYN-0186,AREA-11,Industrial Ward,Central,REC-02242,2.0612110391122576,151.2599879418382,24161,11865,58.0,0.5239028536675802,14.955461942287515,0.630365327357777,323.0,0,3,28,0.10586844465260659,0.7685148768406944,0.7943769400050565,0.8800639160546135,64.9444221116301,45.323657233687,Medium
SYN-0186,AREA-12,Outer Settlement,Peripheral,REC-02243,2.009632702490295,175.3598981759431,21361,4525,43.0,0.6980377496136339,17.947776886281876,0.3080811713142232,258.0,3,2,19,0.4405597667351606,0.41014866513915205,0.8013317098025142,0.911550039909327,57.71215883579925,43.234293310300366,Medium
SYN-0187,AREA-01,Central Market,Central,REC-02244,1.191550936293981,148.0808324480991,31074,9449,52.0,0.881198562219927,2.7851879836784166,0.0648500340667907,381.0,0,3,8,0.46171740238931713,0.2992208008173322,0.4839555024820238,0.8286444894632083,20.66423691000668,28.460059780278392,Low
SYN-0187,AREA-02,Riverside,Peripheral,REC-02245,1.3686926947053566,131.4015838286498,5054,748,11.0,0.7431076603690985,27.283766274216863,0.3402337103291233,197.0,1,2,3,0.28576696152147973,0.33705228115899954,0.24130889773094832,0.7297567190957969,81.69689729670499,27.085510419628772,Low
SYN-0187,AREA-03,Old Town,Central,REC-02246,1.961375665468739,225.58111530315335,19699,11599,37.0,0.9021901343842037,1.8731656637883396,0.4566045693186454,143.0,2,5,17,0.391854459607565,0.5872403803158757,0.5542646578352247,0.8236850532102861,19.287977798826905,38.739784667060285,Low
SYN-0187,AREA-04,East Gardens,Residential,REC-02247,2.3851976597175746,225.62302863740746,22167,11900,53.0,0.6281593273401233,8.717205391249717,0.5374756258501461,338.0,0,4,18,0.3756218210193029,0.4693553855069136,0.7279516148997159,0.7576829075282316,45.30738388047756,57.20052417875928,Medium
SYN-0187,AREA-05,Hill Junction,Residential,REC-02248,1.2812084750944532,87.33127639518717,12083,3829,18.0,0.8937810952562958,13.287764036753241,0.48259847592809957,406.0,0,7,4,0.3524694377087526,0.2703491017317986,0.63697686755779,0.7261840233480139,51.3948791720305,33.15491167099446,Low
SYN-0187,AREA-06,South Ward,Peripheral,REC-02249,1.9352615284350856,151.24489153114735,57369,8967,127.0,0.6169860676802651,23.95439743756347,0.6442788242692707,348.0,0,3,55,0.31783099385734126,0.33590718415834814,0.6736724291421465,0.8254076445476226,74.26133589520268,58.732048391704936,Medium
SYN-0187,AREA-07,North Estate,Residential,REC-02250,0.7215951136843531,107.10372881260996,44717,13886,63.0,0.8886285375239575,11.116751273624038,0.10753076875998178,44.0,0,5,10,0.15233226406435313,0.19272310343920027,0.2505145007441767,0.666704605713185,26.18292808323806,36.91608724501724,Low
SYN-0187,AREA-08,Canal Quarter,Peripheral,REC-02251,1.8957730328787656,117.41685416186729,59499,8406,116.0,0.7713868752464403,26.77698425083969,0.20088807830656774,151.0,2,3,20,0.12813619605075413,0.8056161746664627,0.1835532103390447,0.900894035773806,73.56146575165629,38.68011369504335,Low
SYN-0187,AREA-09,West Park,Residential,REC-02252,0.6734154516361869,80.27834270566555,37598,19284,41.0,1.0,11.071345181727443,0.13301000448451394,449.0,2,5,6,0.048714884176697296,0.7571042266967851,0.3458586380139105,0.9179621868857123,38.006192707503615,37.21885359292292,Low
SYN-0187,AREA-10,Lake Colony,Peripheral,REC-02253,2.155536619568285,152.1304157131342,9352,18499,22.0,0.5264488737168304,27.552179274553573,0.5486921342594806,44.0,1,3,5,0.4033384810431293,0.38626513254050043,0.5336393446072629,0.9948418404444295,85.61920432294093,54.18035718979187,Medium
SYN-0187,AREA-11,Industrial Ward,Central,REC-02254,3.051521372612371,239.56996930736142,59038,3402,174.0,0.6728333588166541,6.183985313769147,0.4568720712344079,233.0,3,6,45,0.6174523035854741,0.7438357291646712,0.27170530710928287,0.9575583407040864,29.664270186087982,62.87938815627152,Medium
SYN-0187,AREA-12,Outer Settlement,Peripheral,REC-02255,1.1853415603206656,89.30809138449429,31128,5593,44.0,0.752346211072724,19.923278748446485,0.5424288674860904,359.0,3,6,19,0.3097496957756515,0.23565788413518407,0.25397773477201624,0.7531398604506298,59.327030312452486,42.61351213184971,Medium
SYN-0188,AREA-01,Central Market,Central,REC-02256,1.4141871841527585,163.524669826118,45277,6689,64.0,0.8417472849126668,1.6496792714390964,0.2689008356815717,396.0,1,1,14,0.04619615418732978,0.4194969619960822,0.8882842158278431,0.7564705087771824,27.049076519287194,42.36835198723045,Medium
SYN-0188,AREA-02,Riverside,Peripheral,REC-02257,2.729763630202827,202.15891896350567,26334,11934,68.0,0.5274944192556227,22.141379912619605,0.18580138990881717,322.0,1,3,10,0.2776270320040347,0.6594138082578862,0.7044167198120987,0.8053443302996901,66.08984823477563,45.506902502967336,Medium
SYN-0188,AREA-03,Old Town,Central,REC-02258,4.153722084230128,329.9312006486658,33392,12179,120.0,0.37850954923244307,9.453691647666657,0.16234919219463478,404.0,1,6,35,0.7623834661649803,0.8344533349509815,0.3879166612158994,0.9034768498331929,45.16368743610359,65.47128463584917,Medium
SYN-0188,AREA-04,East Gardens,Residential,REC-02259,3.6106834064188815,229.88811637513993,33084,16623,127.0,0.06430665579075223,15.3049552623451,0.40547569840120284,89.0,2,4,42,0.5121635611759003,0.6668351212508137,0.19827007053910028,0.6643411994981214,73.85184985771092,78.43733288694834,High
SYN-0188,AREA-05,Hill Junction,Residential,REC-02260,3.367352855738709,249.73748876108417,20293,7503,70.0,0.7127477191483993,16.58900715671879,0.13752843751371507,158.0,3,5,14,0.6685765886814646,0.4374127872610424,0.22044391062002688,0.9866093463074197,60.40059864947138,54.057680024672266,Medium
SYN-0188,AREA-06,South Ward,Peripheral,REC-02261,3.975156661562557,259.998559036468,37169,9371,145.0,0.2401101568605541,19.09320520289152,,55.0,0,0,37,0.46690592517058405,0.915888959804683,0.4174361535552956,0.8959289454426197,68.34377502252327,66.2699812510583,Medium
SYN-0188,AREA-07,North Estate,Residential,REC-02262,3.5557847281974233,306.9273263790188,48358,10038,173.0,0.4732032806582877,13.777054969968084,,369.0,1,7,47,0.5808215947848903,0.4054924755053092,0.2687399893652189,0.947725949049633,59.23038231684982,66.99179601045336,Medium
SYN-0188,AREA-08,Canal Quarter,Peripheral,REC-02263,4.1424021267595945,286.02438003661905,3766,15187,17.0,0.2736285542514862,25.372673282863133,0.4539218149172397,310.0,1,4,4,0.6862919363907585,0.72503542967604,0.1190921970218863,0.8915271786230408,92.28159703869198,56.29890744157171,Medium
SYN-0188,AREA-09,West Park,Residential,REC-02264,3.903760918116274,291.12666288381286,10681,9367,40.0,0.3594170642733163,18.572349807938384,0.33012662004530063,410.0,1,0,14,0.7082828713264351,0.95,0.7459500413766648,0.9722921132717223,72.77675941278912,66.84899966071055,Medium
SYN-0188,AREA-10,Lake Colony,Peripheral,REC-02265,4.385582338988253,335.6201735801761,55140,11409,213.0,0.29484728958111917,12.207682863352478,0.4517891740240134,,2,0,51,0.6071911902938132,0.5615006676315843,0.30833876956929374,0.9359625712834506,55.216623191781714,80.25860165092786,High
SYN-0188,AREA-11,Industrial Ward,Central,REC-02266,3.455258843923689,242.19816209318685,38102,2331,131.0,0.5109462696000334,12.506106095675497,0.3199816547508863,292.0,0,1,31,0.33986478662823144,0.7183220194389648,0.7885315370033459,0.802585165900093,55.22807185990045,65.80320855083843,Medium
SYN-0188,AREA-12,Outer Settlement,Peripheral,REC-02267,3.892429497993849,256.99841616330013,63354,7344,253.0,0.24907555282131646,29.421293646261287,0.5256671602716234,352.0,3,6,80,0.6692909810511233,0.6865278827729135,0.8527948019045457,0.8981054414640455,93.42954625660701,81.85121406549047,High
SYN-0189,AREA-01,Central Market,Central,REC-02268,1.5228092325484504,144.550513817305,40292,9355,71.0,0.8047229494413795,6.964629603567781,0.14944844412479077,215.0,1,5,15,0.31697317146353243,0.552210469466333,0.4870903224072406,0.9797415814763355,32.46888882546409,34.400656144530124,Low
SYN-0189,AREA-02,Riverside,Peripheral,REC-02269,1.287342241769874,65.70912823442585,43337,18187,69.0,0.6958064829972139,23.200805788108337,0.37002190814403163,398.0,1,0,25,0.33545163581094356,0.4838868474335568,0.3019880491683663,0.9807561807986949,64.11557881683474,39.82760289684083,Low
SYN-0189,AREA-03,Old Town,Central,REC-02270,3.1339250033522577,283.9588919383011,58688,2728,145.0,0.6725911280852562,6.928617553404887,0.13560485553494078,,1,2,26,0.4792946354859449,0.6992515532783181,0.6131312362387419,0.9650748154632249,38.612654202321636,58.65757326181819,Medium
SYN-0189,AREA-04,East Gardens,Residential,REC-02271,1.9414746320752292,162.09543293182273,43778,7847,82.0,0.56734761698766,17.880783193394556,0.05006975271647322,312.0,3,5,11,0.41666090226772523,0.4736524579800766,0.8591101886285183,0.9125359894942451,62.81912748682667,39.82005646026329,Low
SYN-0189,AREA-05,Hill Junction,Residential,REC-02272,2.412415343706982,152.58229373950357,23101,12983,69.0,0.5656151333740085,16.610757224438284,0.2573534333946346,,0,1,18,0.46036207693777514,0.5755692930048465,0.7020914699505777,0.8721469899719325,54.27899948196449,50.686974937805694,Medium
SYN-0189,AREA-06,South Ward,Peripheral,REC-02273,1.867502902546191,153.4484332263653,35498,9447,83.0,0.7055853069440218,29.939690564156837,0.8,300.0,2,4,46,0.4699390930834188,0.6406595271018465,0.22299139880986482,0.8424458109831499,84.41837544902712,57.46971536408827,Medium
SYN-0189,AREA-07,North Estate,Residential,REC-02274,1.2992983702811074,141.78830346458966,17225,6411,45.0,0.7413290749468582,15.678129403422687,0.27455078329184995,424.0,2,6,16,0.2099031784548784,0.8233391436583292,0.7588387575467244,0.7165381341835397,50.96902573545017,26.367749663036253,Low
SYN-0189,AREA-08,Canal Quarter,Peripheral,REC-02275,1.7772972050829998,131.01242955599767,23392,13131,46.0,0.52277011978297,20.271521334125126,0.2983095244224506,253.0,3,5,12,0.08862828451187721,0.5847883858053651,0.5505259890313207,0.8105290063880253,71.22229319669043,38.46422115490003,Low
SYN-0189,AREA-09,West Park,Residential,REC-02276,2.9173061052312503,171.36492598029037,45017,1122,120.0,0.5207422323465916,12.363451236416626,0.15636620977292054,351.0,2,7,30,0.4780985233708987,0.45917095483386405,0.4660352920716736,0.6971598721907116,54.87682634636651,56.80035759036547,Medium
SYN-0189,AREA-10,Lake Colony,Peripheral,REC-02277,2.212702950440618,180.12476503423875,11811,12075,21.0,0.5581041409355876,26.36771315237388,0.6965919601893468,272.0,2,1,7,0.37939791488896174,0.4775848725355091,0.24569845825517486,0.7037543199663356,85.42036920580391,50.689896006103105,Medium
SYN-0189,AREA-11,Industrial Ward,Central,REC-02278,0.3993323632327115,88.79198281565878,44498,17582,45.0,0.9324319968193754,16.495574478425496,0.21467694959654748,,1,4,12,0.1287387029599379,0.41841235529809245,0.5317770717333009,0.7052055262409658,48.57046671804231,36.43982236354595,Low
SYN-0189,AREA-12,Outer Settlement,Peripheral,REC-02279,1.596315325756155,150.75183216157325,39003,10493,87.0,0.6313208420618583,12.47401172051976,0.5737160195472624,439.0,0,4,32,0.08213067033181853,0.38849053951637,0.6910198826812535,0.8154703948130407,51.71611792178887,48.52577218130605,Medium
SYN-0190,AREA-01,Central Market,Central,REC-02280,5.143225039206392,386.39304411732303,21774,15947,115.0,0.15652067669726707,7.28170139682332,0.21433100913971137,187.0,0,3,19,0.8197587954241204,0.523082559095152,0.40257173866335083,0.6804455474316551,48.78838882392151,78.10032344075697,High
SYN-0190,AREA-02,Riverside,Peripheral,REC-02281,3.546352515562657,299.21458614920346,5308,13956,14.0,0.4762897190916517,24.332331854891706,0.19728973467103872,59.0,0,6,2,0.6952311811815299,0.5477089457125738,0.862377979925903,0.9507019202925466,77.423832109473,54.22267694942585,Medium
SYN-0190,AREA-03,Old Town,Central,REC-02282,2.277007051655277,235.49383017052418,46539,12628,115.0,0.8403653842391824,3.118525619709176,0.4142854188621554,366.0,2,2,35,0.3670109209493435,0.4530016779891308,0.23559693578657515,0.9672793869797774,9.428266181306446,49.58341251500371,Medium
SYN-0190,AREA-04,East Gardens,Residential,REC-02283,5.231829113380657,299.2663046640148,54031,14028,251.0,0.0382924817603002,14.857276014032589,0.1302312753954063,262.0,2,1,45,0.8352833930409259,0.5689568031355557,0.11727163221097783,0.8865814675269219,70.67418881620134,83.81789434455007,High
SYN-0190,AREA-05,Hill Junction,Residential,REC-02284,4.263304012892856,277.37259502894176,48129,19571,181.0,0.21671256410417689,19.132242481864612,0.09194210690677475,51.0,2,0,20,0.939309836549496,0.5498952300785622,0.5057348021906617,0.8313786052553773,84.81684267316365,70.36110976441593,High
SYN-0190,AREA-06,South Ward,Peripheral,REC-02285,3.6613797179923817,283.02616739089365,28806,10825,93.0,0.48774967645406503,17.722602024339643,0.4063396057965879,141.0,2,0,29,0.48182945057894405,0.3239267264123581,0.23671330198254115,0.9838244815935712,63.01269142318571,70.59346606287279,High
SYN-0190,AREA-07,North Estate,Residential,REC-02286,3.420255816176967,270.62830626576294,43345,5944,138.0,0.7095397466103133,5.578060160275909,0.28236168403392836,352.0,3,0,24,0.7180212012276121,0.5087174741124343,0.613613102029078,0.7626211982133018,37.87726458314678,69.45402382768684,Medium
SYN-0190,AREA-08,Canal Quarter,Peripheral,REC-02287,4.58327154887601,291.44726120933274,28422,10358,120.0,0.02,27.934363672110045,0.4011229406781638,337.0,2,6,27,0.8864285597842378,0.7063913318064723,0.4467420546918156,0.8614247574317595,100.51426690857397,79.80010576802117,High
SYN-0190,AREA-09,West Park,Residential,REC-02288,3.283803284861668,229.98174384303834,24891,9835,91.0,0.6381199202728265,11.112113921130678,0.32312281217083644,246.0,1,4,15,0.5202805720829092,0.49393411743670323,0.42884364020637467,0.9293526292886434,45.383887546224585,59.72540065031594,Medium
SYN-0190,AREA-10,Lake Colony,Peripheral,REC-02289,4.635995144655412,393.00165437480086,22948,3711,103.0,0.42750626612209575,27.477374683377423,0.32800185941894866,346.0,0,5,33,0.7687189910726896,0.6295814373184491,0.46387169051926114,0.9077100638512146,87.97140280488294,73.00672957336283,High
SYN-0190,AREA-11,Industrial Ward,Central,REC-02290,4.151146233622026,299.20251280144095,15678,19097,,0.3153500553929789,2.6400396745106516,,449.0,0,1,11,0.6874826576494114,0.95,0.1968835056568862,0.9453675894439197,49.774657155031285,64.28934273096945,Medium
SYN-0190,AREA-12,Outer Settlement,Peripheral,REC-02291,3.913135545432502,300.6635619550939,63084,14362,219.0,0.521721162866635,14.4475003764109,0.27940661099539965,148.0,0,1,50,0.6740229883333081,0.7272747447522638,0.31976439577709415,0.7315562565627199,62.416667746949116,64.62431354280785,Medium
SYN-0191,AREA-01,Central Market,Central,REC-02292,1.8228168060349053,212.20802759703238,44138,7538,88.0,0.7234463334495125,1.0218535587901458,0.39701019910311425,124.0,0,6,26,0.23245783811328297,0.48695571688099637,0.45815958958134695,0.9306116738332104,20.005677817040116,40.44538833499817,Medium
SYN-0191,AREA-02,Riverside,Peripheral,REC-02293,1.5664305323950865,144.64336721247662,13432,19826,26.0,0.6984561763334622,19.411101376405433,0.6299177854427456,350.0,2,2,13,0.20969396822774072,0.49159872410902306,0.7113851218121597,0.6623997776383513,57.81582429929643,37.93891854714169,Low
SYN-0191,AREA-03,Old Town,Central,REC-02294,2.542917057933842,228.9109129976285,56564,6674,163.0,0.5576836141436115,19.52407268294762,0.26243848456444735,197.0,2,6,40,0.38119256594790285,0.4932816450953025,0.8077213723884911,0.8429893997218147,67.09054674190448,55.84558376429384,Medium
SYN-0191,AREA-04,East Gardens,Residential,REC-02295,1.0141306960849616,123.04974229235538,11956,6171,20.0,0.9781451256706721,14.550825839718167,0.4307300867827465,304.0,2,3,4,0.13022605860896097,0.3477016922529906,0.3170600567568266,0.6533765422225668,51.32881868147134,24.03409331361905,Low
SYN-0191,AREA-05,Hill Junction,Residential,REC-02296,0.40886486030226155,56.498058818298986,39604,4460,49.0,1.0,1.3746399806840894,0.24671785302435303,254.0,2,1,17,0.030853395717461887,0.2712646188317505,0.22577428484150303,0.7722572291696013,12.588586035736338,14.082865967392795,Low
SYN-0191,AREA-06,South Ward,Peripheral,REC-02297,2.197957060080409,171.07467579538636,12845,4404,27.0,0.7792511342763216,10.519633945372684,0.45948987987408313,428.0,2,0,10,0.09742720199573951,0.3263277893943257,0.39240250090223516,0.8527625532318656,35.22817001777166,36.33555349261133,Low
SYN-0191,AREA-07,North Estate,Residential,REC-02298,2.211395624220147,219.18896775367452,25077,12203,62.0,0.8632774969024064,16.126576529713034,0.38392719865260105,73.0,1,0,21,0.38028382792155874,0.7145511419401169,0.39475705721576826,0.898636769600613,43.32548517128406,43.98489969557457,Medium
SYN-0191,AREA-08,Canal Quarter,Peripheral,REC-02299,2.0905978837758425,175.64716127215397,43657,18820,89.0,0.5862182909653139,11.948796739699288,0.212555712290445,374.0,0,3,24,0.2851368470108352,0.33858428699230836,0.462705571030089,0.8243236288764919,49.01715493030301,44.13555261388554,Medium
SYN-0191,AREA-09,West Park,Residential,REC-02300,2.0325876574608603,141.8528051073322,64945,11224,159.0,1.0,5.625260658678039,0.48238346897037776,424.0,3,2,45,0.11474727918304603,0.5898934215558866,0.5896819919508028,0.9818485562605108,22.335090112173877,44.72186188079769,Medium
SYN-0191,AREA-10,Lake Colony,Peripheral,REC-02301,1.4499726590963906,166.7177421523785,64493,8512,128.0,0.8390989455433493,24.667080273194824,0.4935477854944829,356.0,2,0,54,0.19965598806008597,0.15442354525046137,0.4383381426773879,0.8289854032923714,60.739831695119456,52.80175229379754,Medium
SYN-0191,AREA-11,Industrial Ward,Central,REC-02302,2.336391125274849,106.22071947571615,58472,16529,166.0,0.737767166667,6.225286813618893,0.09827155589694414,441.0,3,1,26,0.34368362351825466,0.42294175811078216,0.3031933662452542,0.6750954372130747,37.186425105444634,43.554821900314494,Medium
SYN-0191,AREA-12,Outer Settlement,Peripheral,REC-02303,1.6699584603627962,195.89607721775138,17217,13999,30.0,0.5265472878307751,20.2940161079893,0.24458734456647274,97.0,3,7,6,0.4313557533103626,0.5253293063853017,0.1648710860248605,0.7135527059573396,65.75169284533142,40.18411921789844,Medium
SYN-0192,AREA-01,Central Market,Central,REC-02304,0.9750795760170521,97.78357773361809,8344,3404,11.0,0.6798849318502964,9.301414047903835,0.229271052806,435.0,1,4,4,0.09780566765797877,0.5347788773407554,0.7428632113949954,0.9458664691948389,47.40522064961459,36.27629183221258,Low
SYN-0192,AREA-02,Riverside,Peripheral,REC-02305,1.1152573748648746,112.73114172479038,59101,9685,103.0,0.5504606246697183,17.219306057110792,0.323618407842822,444.0,1,7,30,0.26601105072896525,0.19734202008736842,0.6911384077820182,0.9808184037104482,63.22569509178764,43.308792403266914,Medium
SYN-0192,AREA-03,Old Town,Central,REC-02306,2.9812821836898604,236.2741136173617,60196,12813,174.0,0.47058063585247395,6.304342685192622,0.42881335666870163,,1,4,44,0.6628178043545961,0.49737751074453274,0.7843672198139505,0.8841708973468653,41.63133048021578,64.78306294630117,Medium
SYN-0192,AREA-04,East Gardens,Residential,REC-02307,0.05,83.17067525734186,19913,11471,10.0,1.0,9.557786403989784,0.26622903990371294,366.0,0,4,1,0.0,0.4990764682759815,0.2513644261992988,0.9104369042910434,14.562339525610504,18.696761437708503,Low
SYN-0192,AREA-05,Hill Junction,Residential,REC-02308,1.7646009081058338,159.92421681771037,3698,802,5.0,0.8114065424656861,4.83851356766803,0.24853781935173613,187.0,0,3,1,0.28840048616756153,0.2694493623278994,0.7800466915148542,0.8666266128234472,24.968978699853416,28.902503701917823,Low
SYN-0192,AREA-06,South Ward,Peripheral,REC-02309,0.05,42.56940901293716,42993,7011,37.0,0.7993952179957851,30.048284637878414,0.23807520636109247,385.0,1,3,6,0.2157763463224975,0.15256598813071953,0.8227741783533915,0.8735185353341773,77.73590144186578,26.417323353158658,Low
SYN-0192,AREA-07,North Estate,Residential,REC-02310,1.278183754010816,94.51201864833268,7255,19791,9.0,0.8047499931308808,7.644650909163891,0.1003157393665535,46.0,3,2,0,0.2405077642863789,0.2913444369011396,0.7763008993796958,0.9701165920938684,32.93737349345147,26.708755123236376,Low
SYN-0192,AREA-08,Canal Quarter,Peripheral,REC-02311,1.0178684365458444,84.75252517423655,5031,15527,5.0,0.7065688505322355,25.308457566861286,0.24829801146509073,348.0,0,7,1,0.21449472047257861,0.5033366146479947,0.13065883491225128,0.8025009876351507,74.90292150508222,28.76258867693048,Low
SYN-0192,AREA-09,West Park,Residential,REC-02312,0.05,62.51206573089737,61071,14944,41.0,1.0,7.1457080236616495,0.16399520444949092,114.0,0,0,5,0.0,0.36168898471844063,0.37699020448118403,0.8834574394579477,21.95984798319313,16.766152071424123,Low
SYN-0192,AREA-10,Lake Colony,Peripheral,REC-02313,1.6760004970162052,155.62048874092253,33478,10328,52.0,0.5399041989254316,15.50609068041304,0.27432871091616373,390.0,2,5,8,0.36177951582123635,0.5236585082177806,0.8740415660912088,0.8857882026804016,62.03082208607081,45.60477867269905,Medium
SYN-0192,AREA-11,Industrial Ward,Central,REC-02314,1.060739974915438,159.56158111304683,9503,11395,22.0,0.8934587698457878,11.13696487454996,0.2779271909616785,122.0,1,7,6,0.17203288217696955,0.22245017407534431,0.5309372341908689,0.7886759144710749,31.608177563129633,36.723127997820754,Low
SYN-0192,AREA-12,Outer Settlement,Peripheral,REC-02315,0.05,18.804936550168975,43410,9899,28.0,0.909010293113604,25.382742039796423,0.38882526392614,289.0,0,1,4,0.0,0.08838323686616188,0.7156351164901474,0.8070417184927215,69.05488770290908,19.156113143289595,Low
SYN-0193,AREA-01,Central Market,Central,REC-02316,4.08357009506038,270.81575257032546,25574,5196,113.0,0.3264360254731974,1.0822800609129175,0.5469990621020592,93.0,1,7,35,0.6379671117654586,0.95,0.3471917830961354,0.7620981072331358,43.82739301681598,71.78018764056316,High
SYN-0193,AREA-02,Riverside,Peripheral,REC-02317,4.559920564832126,345.3883083210514,36019,11436,151.0,0.43217184442874423,13.593317252172486,0.14471940419855753,45.0,0,1,35,0.6180053059789803,0.5567953563039154,0.4577532572563937,0.9838269497922458,61.213612290192366,71.76877788776997,High
SYN-0193,AREA-03,Old Town,Central,REC-02318,4.604015096278236,336.69848230646267,58679,16973,235.0,0.3199693417382715,17.260754094805616,0.04,53.0,1,7,32,0.7808047650924113,0.44156493694266763,0.40664346090919234,0.6960873855963995,75.24857509363363,75.43822260558474,High
SYN-0193,AREA-04,East Gardens,Residential,REC-02319,3.6990807749621553,244.48460525578633,17364,18781,60.0,0.36299867655854995,8.412307427699417,0.14770912598556069,230.0,3,5,5,0.5064927708466271,0.520074429514425,0.7370776424944572,0.738788706437512,50.508904658051684,59.701336680759795,Medium
SYN-0193,AREA-05,Hill Junction,Residential,REC-02320,3.4487621333026706,248.59899691252863,42906,7343,139.0,0.6195188988800493,18.96325800641001,0.14830321053678286,385.0,2,3,23,0.632169104766876,0.7311125733502897,0.21947598385058686,0.920424433151616,61.97138083206192,66.4429808198372,Medium
SYN-0193,AREA-06,South Ward,Peripheral,REC-02321,4.474440919157616,351.98169325169,54281,16457,223.0,0.26011774057649073,12.797932433235715,0.704554578136325,141.0,3,7,88,0.7511117637049917,0.8520878753411303,0.4680369869989611,0.7699515663199188,63.71765594660104,89.49491775945934,Critical
SYN-0193,AREA-07,North Estate,Residential,REC-02322,4.757822490713057,309.65130077797244,28986,6699,122.0,0.38291624881925856,18.072868586650465,0.31326436221912424,125.0,3,1,31,0.643209334689379,0.95,0.8096924949544035,0.8925231876782386,77.04977863572597,78.42396165176775,High
SYN-0193,AREA-08,Canal Quarter,Peripheral,REC-02323,4.318770584741478,286.593322006618,63133,1668,250.0,0.1332105421132082,23.064254214142245,0.31575046497235026,167.0,3,2,56,0.6606905235832711,0.4936445716664123,0.7914241854120933,0.9044090742496623,91.52638494323745,82.4525917619609,High
SYN-0193,AREA-09,West Park,Residential,REC-02324,2.6586855406571375,190.9668718087567,30519,6341,91.0,0.7252739745050374,4.538273355470311,0.26702794110656647,110.0,3,4,15,0.5175817809719196,0.6822577817144362,0.7517124039348119,0.8434952728411925,25.965699055940892,50.5301813104896,Medium
SYN-0193,AREA-10,Lake Colony,Peripheral,REC-02325,3.572991505012916,251.0131772370201,31199,7503,101.0,0.6404725930411381,10.259227054034932,0.5485845139239698,152.0,2,0,39,0.7332577484664953,0.36882850280526486,0.18460101725047284,0.7929800011389815,44.33400039532164,67.24346041922102,Medium
SYN-0193,AREA-11,Industrial Ward,Central,REC-02326,3.7635285378741212,308.42074367486475,57762,19934,191.0,0.3215659571234874,19.509172532316857,0.23623276884106223,191.0,0,1,40,0.5189642085594814,0.3795493161565867,0.5642497296633124,0.8954087805772138,73.50940257966398,71.9174143931943,High
SYN-0193,AREA-12,Outer Settlement,Peripheral,REC-02327,1.964222047307195,151.0180923115674,42244,3503,73.0,0.6475139700957361,16.066513814623285,0.5421263837788038,298.0,1,6,34,0.1956774818249402,0.5404581073457507,0.35796096724065485,0.6535893518457307,56.85646409278763,49.40467488044933,Medium
SYN-0194,AREA-01,Central Market,Central,REC-02328,1.828480202741407,207.7931628985451,56794,9057,114.0,0.6497756081742015,6.068675083638441,0.22369882845145111,290.0,3,1,29,0.5388648932930277,0.477924381623842,0.8769746559931405,0.8979562503863511,35.05551784845193,48.054330018576024,Medium
SYN-0194,AREA-02,Riverside,Peripheral,REC-02329,3.2713851358282993,221.34932674501698,51900,18282,140.0,0.7447588081357337,13.860820189716891,0.43622864275342205,363.0,0,1,36,0.5440587023919823,0.8387593632599728,0.5620888914892326,0.8516756531058798,40.89594725773726,53.16198420625235,Medium
SYN-0194,AREA-03,Old Town,Central,REC-02330,1.9649406076854208,178.66651877366237,47022,4900,113.0,0.873664212302071,8.455225950905277,0.36016543116849414,191.0,3,7,30,0.33846637351954023,0.2881125924274851,0.8209454887509005,0.9452484481226193,26.335332611991696,42.39611679788998,Medium
SYN-0194,AREA-04,East Gardens,Residential,REC-02331,2.631722140198193,209.85820292602506,17593,5301,55.0,0.6654117815358493,12.001042752288686,0.31238551133682746,396.0,1,0,12,0.34989343008750096,0.8633710904998768,0.24406284320622895,0.9093152657895058,45.26277812367921,51.134583652885844,Medium
SYN-0194,AREA-05,Hill Junction,Residential,REC-02332,1.5993234591477519,144.05225805854545,27427,12451,53.0,0.6287506186149843,11.031489833098263,0.044002565749631385,341.0,3,5,9,0.29238033728280505,0.600156126763912,0.761533802048901,0.8466658114578615,53.54721298965738,41.70761685522491,Medium
SYN-0194,AREA-06,South Ward,Peripheral,REC-02333,1.3944170158577305,56.78196881622341,56528,15449,105.0,0.5664548888067668,27.875613566796893,0.4191286609014368,398.0,0,5,26,0.43821431716110953,0.5654862976492935,0.4317468475931884,0.9233173111768079,73.68248031954752,39.82841644758669,Low
SYN-0194,AREA-07,North Estate,Residential,REC-02334,1.7580087871095682,121.34782717178942,41002,5658,62.0,0.843431710486475,5.1441404363390015,0.13164111102898693,339.0,1,0,9,0.3235252967810933,0.25316215766812367,0.4883359890735842,0.7094517826764235,28.289274411307876,36.880007670287974,Low
SYN-0194,AREA-08,Canal Quarter,Peripheral,REC-02335,0.8003303566572416,86.99881343302334,20012,12484,18.0,0.6044546863418873,25.67714179687551,0.2621533161241808,48.0,3,4,8,0.2611839826729282,0.53437677315559,0.7581211731636653,0.7887427267402253,84.96703683465968,28.346775650515408,Low
SYN-0194,AREA-09,West Park,Residential,REC-02336,0.6819715252572769,25.241298918863272,22959,12854,32.0,0.744790325094933,20.093544492199037,0.18759574857518077,131.0,1,3,3,0.11713998366057195,0.6547711652236899,0.2593488527597436,0.8360834691561361,65.22236243347875,26.79908693218431,Low
SYN-0194,AREA-10,Lake Colony,Peripheral,REC-02337,2.4660353207802803,112.59863622102827,50989,15456,106.0,0.5358148069109061,10.774157155179179,0.3401945745725557,349.0,3,3,33,0.2879095039218402,0.4444190322984465,0.23034740159911787,0.92002146829506,49.98942626345243,54.3480262585289,Medium
SYN-0194,AREA-11,Industrial Ward,Central,REC-02338,2.5508655493380026,168.76521569066756,13636,11806,32.0,0.6588888234379086,16.77550988840779,0.37120810625159517,106.0,1,2,6,0.3431558579078412,0.8834496445826295,0.1413687481350955,0.719191702110953,56.059481753988415,47.81562409139612,Medium
SYN-0194,AREA-12,Outer Settlement,Peripheral,REC-02339,0.6601066225749074,93.02653035357649,9506,13551,10.0,0.8331888417028283,15.76407614105528,0.2089389719407676,421.0,1,0,4,0.0,0.1645079630868657,0.5318702587159313,0.896987271085248,51.40567891962864,17.34919581914739,Low
SYN-0195,AREA-01,Central Market,Central,REC-02340,2.3024844542189573,203.97826954801593,50319,7516,136.0,0.6249091406712923,10.40154480686618,0.4909502604773053,153.0,2,4,33,0.40988179906689515,0.316268029207058,0.6587850363033689,0.746621323569558,53.34734674184408,58.728522633397176,Medium
SYN-0195,AREA-02,Riverside,Peripheral,REC-02341,1.458517430091049,98.09636579649505,20524,6107,31.0,0.7862251453229834,11.282558474132248,0.39743023803662825,357.0,1,0,9,0.3899528935865083,0.2724065152215029,0.8427070124683612,0.7194989743430775,44.70664967597491,38.54122513678228,Low
SYN-0195,AREA-03,Old Town,Central,REC-02342,1.7999322701682103,150.95497823679077,50338,8608,106.0,0.6445917166192793,7.181298382450799,0.36358827827598755,157.0,3,3,33,0.3193100247528005,0.22768611535870764,0.7147604925476463,0.7896638807488522,39.50748270081003,45.916561771233894,Medium
SYN-0195,AREA-04,East Gardens,Residential,REC-02343,1.8962603221239167,175.96779440014245,35851,10216,82.0,0.8097208773294245,3.3540584832155687,0.0757075517383816,87.0,2,3,16,0.2791095687850207,0.7588647952011207,0.5947865569792191,0.7188664290719943,30.37041755576007,37.88517691195514,Low
SYN-0195,AREA-05,Hill Junction,Residential,REC-02344,2.3235657850753206,230.78418719324586,64863,11252,159.0,0.7003952715296301,5.890099068842734,0.0890711184269666,145.0,3,4,19,0.29250419390473537,0.2808540652479734,0.5066996712093731,0.8027221612709392,34.65568954094599,47.06757399346375,Medium
SYN-0195,AREA-06,South Ward,Peripheral,REC-02345,1.594259972066417,182.2121014121456,35307,3861,59.0,0.7288814941861255,10.688613888708,0.37522184732587766,432.0,2,4,18,0.3083634988858237,0.31047747144039384,0.46534809242771547,0.8397965702666864,42.68291545061639,43.19405825432612,Medium
SYN-0195,AREA-07,North Estate,Residential,REC-02346,2.6562150068174146,239.9925335619539,56717,16466,155.0,0.7699696652766266,20.716468965640637,0.7967371234477475,252.0,3,6,66,0.294126654801001,0.3379926803067217,0.4497319412850439,0.77998411251201,63.80870299993741,74.18891286972445,High
SYN-0195,AREA-08,Canal Quarter,Peripheral,REC-02347,1.7756156823838056,139.23663042421452,55651,5014,104.0,0.5767739230536814,28.801753704141856,0.5958956923535137,245.0,2,7,30,0.15984381767240108,0.7143476760497505,0.7446657615411014,0.9791712896705129,81.341949384566,51.868152426189525,Medium
SYN-0195,AREA-09,West Park,Residential,REC-02348,2.027432828551492,170.30469870469796,15749,5457,34.0,0.6368301001844596,14.670898231852412,0.6513053065753677,275.0,1,4,14,0.44592506354211864,0.5972356319847636,0.3851661600449159,0.8859147498427135,68.82252482988082,58.60646794583526,Medium
SYN-0195,AREA-10,Lake Colony,Peripheral,REC-02349,0.8614753373460686,98.13407817310741,64757,2923,90.0,0.5567862020333604,16.829288557538412,0.4191666660942338,275.0,3,4,25,0.11025101541013974,0.2423445972855388,0.35149318034445576,0.7912968387757309,62.17686556889385,31.055413043194065,Low
SYN-0195,AREA-11,Industrial Ward,Central,REC-02350,3.255012619139733,245.0782792496824,49112,5660,143.0,0.302017981809697,20.80932758811652,,347.0,1,4,13,0.5068076000279536,0.4325150263365259,0.8141442242195635,0.9813586556886906,78.61393453488482,60.45969114289834,Medium
SYN-0195,AREA-12,Outer Settlement,Peripheral,REC-02351,1.903945349139839,122.45989800387073,9200,17583,14.0,0.5923307521520851,30.408128013113675,0.2711766302325327,,1,3,5,0.2970363028991099,0.7257408659969238,0.7972224755058884,0.7611964466369044,91.34409309729328,33.14451721086491,Low
SYN-0196,AREA-01,Central Market,Central,REC-02352,3.312614207771317,298.55269900269053,2877,17539,13.0,0.5233312652076619,17.685152148358384,0.15442452516646943,45.0,3,4,2,0.6392068959713987,0.5598436659611048,0.6892681826271733,0.8737688137238153,69.91889082477108,45.658469628857674,Medium
SYN-0196,AREA-02,Riverside,Peripheral,REC-02353,1.4556676185260042,147.60206591017638,19461,6070,32.0,0.5458765585331002,24.313729748235183,0.3369022950198055,387.0,1,1,10,0.26247159051725816,0.3188974823886638,0.6236953997540725,0.8146081043887705,73.36876472322788,38.20328588573998,Low
SYN-0196,AREA-03,Old Town,Central,REC-02354,2.0840546490319567,201.56400658631316,3515,5279,4.0,0.603700385151313,7.904769615197505,0.37267332660894115,179.0,0,0,0,0.25817266850541654,0.803177589006095,0.3911012451725796,0.9554169098898935,33.11607712652048,40.321831221625914,Medium
SYN-0196,AREA-04,East Gardens,Residential,REC-02355,3.732523217830222,302.42878597156573,24849,3063,79.0,0.6602612123792804,19.54893219391082,0.17247124140031872,399.0,0,1,16,0.5372361369378834,0.35041220114079935,0.7130423282779821,0.8034869556389057,61.033023754311486,59.197110833992674,Medium
SYN-0196,AREA-05,Hill Junction,Residential,REC-02356,2.9717291621293214,220.1594597303087,64772,6989,182.0,0.6890586909382325,11.498212750434579,0.20345217716954062,292.0,2,1,36,0.4718748963865762,0.34836486568098224,0.7283830059408157,0.6638415928463531,46.857458050751674,53.75669988473332,Medium
SYN-0196,AREA-06,South Ward,Peripheral,REC-02357,1.2111924796320965,73.75574809987448,32432,5198,,0.5590402278849117,23.27932287298937,0.6099255567644923,374.0,0,4,17,0.2381317823952531,0.2388699093816523,0.5041334008008191,0.7577471303361235,70.48892757079315,50.205335871049684,Medium
SYN-0196,AREA-07,North Estate,Residential,REC-02358,3.5728482106822925,294.75812621299525,3994,2010,17.0,0.44671948437021036,4.638125094246564,0.45332592330956606,344.0,1,0,3,0.5912135085606313,0.4485151111210983,0.41033711965926223,0.7605247792404077,41.28078675419358,52.058712183059114,Medium
SYN-0196,AREA-08,Canal Quarter,Peripheral,REC-02359,2.3071900240130585,210.55981300402874,33369,5631,89.0,0.6057137196369402,10.450170678270176,0.45855632672420676,124.0,1,2,26,0.3695928483280729,0.379113502860673,0.19480758495219846,0.7882250325955169,46.03084276240843,61.55351668614645,Medium
SYN-0196,AREA-09,West Park,Residential,REC-02360,3.8712698561966072,300.3226989124728,16194,5044,57.0,0.38284809720921,21.737847416035297,0.4200488613301681,118.0,1,0,20,0.6507656697866515,0.5562951881148869,0.5631247766194044,0.9057559343086279,69.98262948000786,61.291332253938066,Medium
SYN-0196,AREA-10,Lake Colony,Peripheral,REC-02361,2.6719477246122776,278.2497238453464,56012,2943,145.0,0.4088838807056292,23.051057076659216,0.420636611623187,92.0,3,1,49,0.440977692157411,0.7765460951079247,0.5166810302582824,0.8978433318573349,83.05275382907153,59.92901575694416,Medium
SYN-0196,AREA-11,Industrial Ward,Central,REC-02362,2.9059816163116614,211.9009128784395,8160,7017,21.0,0.5525730796624636,15.391456525605225,0.5616821855185281,142.0,3,5,3,0.39068432107760426,0.5625160048002491,0.609762565999841,0.6879345828162657,63.17129827649265,62.51156180395862,Medium
SYN-0196,AREA-12,Outer Settlement,Peripheral,REC-02363,3.685379930368556,270.1099103928469,50659,14101,184.0,0.49492611598829894,11.05821392914535,0.3155898650027041,440.0,0,3,41,0.7470760978754124,0.3847852646543469,0.11074838973195728,0.6697828231049426,53.30342183170274,69.43960191269876,Medium
SYN-0197,AREA-01,Central Market,Central,REC-02364,2.819489921336542,229.4670448704452,30373,19995,83.0,0.7470395673151328,9.851168229810678,0.3431345247528067,49.0,0,6,31,0.4120376122664035,0.5146250124939781,0.5996404212893894,0.7163173932776786,41.76078920762923,55.793414151998114,Medium
SYN-0197,AREA-02,Riverside,Peripheral,REC-02365,2.7432068517531203,203.391718138587,3678,13495,11.0,0.40769742261949077,15.969362708836565,0.4357089355926338,397.0,2,5,7,0.4727076080409405,0.35278677863042046,0.757948858216458,0.8072989460560831,62.36447735151544,51.328920464698804,Medium
SYN-0197,AREA-03,Old Town,Central,REC-02366,3.380285561701786,252.67571815593598,44570,15028,145.0,0.5820261527178672,18.54856210196908,0.28670974865214194,208.0,3,1,26,0.3161406974256934,0.44102149842494576,0.5711244524848297,0.851420648514839,63.218629458400116,61.534079794986184,Medium
SYN-0197,AREA-04,East Gardens,Residential,REC-02367,4.19922253771725,343.92578837553083,30938,11990,131.0,0.4113394343742549,11.196194674597397,0.28056288983775873,391.0,1,0,28,0.6740495083858774,0.9399322593885548,0.4615289941323566,0.8109315940631772,59.30277615846263,63.22410693333379,Medium
SYN-0197,AREA-05,Hill Junction,Residential,REC-02368,2.4727824959294793,181.30626598615538,50722,12595,122.0,0.5328221914715467,9.074808168324594,0.4719309469067844,393.0,1,7,37,0.28017971637868294,0.5949167402079989,0.8965793924838621,0.9342065992584176,40.0027501359967,58.21919525067732,Medium
SYN-0197,AREA-06,South Ward,Peripheral,REC-02369,2.203056618108995,165.81813844312,41129,17449,104.0,0.5359231318747355,13.104869228477714,0.3125332075205992,359.0,3,1,32,0.249693490654251,0.8012164792114829,0.5911313576149227,0.8277389743965512,49.66272843388906,54.49870900791075,Medium
SYN-0197,AREA-07,North Estate,Residential,REC-02370,4.196461039655306,330.09706659183564,51703,17917,192.0,0.2607873518885404,9.054487850706494,0.18988323379541733,173.0,1,5,33,0.9900724869118982,0.6099164765807368,0.7383832013875997,0.9089558999300984,50.54829370641675,65.68418209618044,Medium
SYN-0197,AREA-08,Canal Quarter,Peripheral,REC-02371,3.0551016479666693,198.98865763128083,31274,1551,98.0,0.5918523977430377,17.60361902740294,0.5694061248075322,83.0,2,4,31,0.539126716070148,0.30911009801214495,0.27766389848432316,0.9960019461967882,69.95378837722896,60.42316279496213,Medium
SYN-0197,AREA-09,West Park,Residential,REC-02372,3.2237034876840456,247.08312966780912,2996,10310,8.0,0.7349781568428699,17.527015322291142,0.34696564881281106,250.0,3,6,4,0.6844065759798718,0.3785192364691994,0.25518929621217845,0.8798133613052284,54.26909502889802,49.965934056885445,Medium
SYN-0197,AREA-10,Lake Colony,Peripheral,REC-02373,2.0520359764681393,169.35178409019645,10665,12336,23.0,0.5434461935055697,27.79792589226112,,251.0,0,4,13,0.44464242607651766,0.7658767356383589,0.8388559179432069,0.8664179678959111,91.04220381263332,42.43139413264991,Medium
SYN-0197,AREA-11,Industrial Ward,Central,REC-02374,2.9943008465386862,253.42922232650764,31181,19699,100.0,0.5029083639792663,8.96405175250353,0.1265708318032675,145.0,0,0,21,0.6170392869295488,0.735324712066169,0.8418887025390049,0.917588831039162,47.44124394346595,56.41350217126803,Medium
SYN-0197,AREA-12,Outer Settlement,Peripheral,REC-02375,3.5314304607153515,293.64184113746103,27342,11966,88.0,0.5121510680176797,18.61598203139851,0.2183045014757612,87.0,0,1,26,0.5646831440613869,0.7110104936681303,0.20263927541715923,0.8266268144711819,75.71492534216279,57.21579652049957,Medium
SYN-0198,AREA-01,Central Market,Central,REC-02376,2.3219984700134306,186.1341799161435,52147,5577,127.0,0.8208580871157218,21.47972738891538,0.36768199331327517,228.0,2,6,24,0.5797679864316221,0.7211254685980706,0.8708940402677348,0.9710962801631133,66.28695765250583,52.49277172106294,Medium
SYN-0198,AREA-02,Riverside,Peripheral,REC-02377,0.9607120509274056,99.86874523804858,28228,14480,40.0,0.6117709446430614,17.94215301947169,0.26330785691526204,213.0,3,4,8,0.2617211509837467,0.48476644616236547,0.6832691703834437,0.8715331400137266,57.990839985661104,41.85676426625459,Medium
SYN-0198,AREA-03,Old Town,Central,REC-02378,2.9035970801011137,227.67825238849508,56261,19485,165.0,0.575731048535526,14.200951962245076,0.2685676380409118,121.0,0,6,32,0.4888930408997953,0.5343832204965213,0.33926357124150586,0.9653296456499758,55.939806513104074,50.02177335144963,Medium
SYN-0198,AREA-04,East Gardens,Residential,REC-02379,1.030051364571276,97.71462436303634,14232,6848,22.0,0.8487202024154732,3.8307078217551553,0.47244710278459834,106.0,2,5,9,0.20326998236345914,0.3961212204162442,0.2743472022028229,0.8205051692685096,18.693199152085686,33.64053954945008,Low
SYN-0198,AREA-05,Hill Junction,Residential,REC-02380,1.0312227426469769,145.78895120804384,26554,6480,51.0,0.7631356631908329,10.006623237954422,0.2742050122928545,240.0,0,7,15,0.15546256713232962,0.16402508841246666,0.6211728049800008,0.7306016741292806,42.79785641459964,34.112461669392246,Low
SYN-0198,AREA-06,South Ward,Peripheral,REC-02381,2.8075822254333582,237.54583611042173,49769,8805,149.0,0.5332562917298236,15.073551575411837,0.28576678159269786,236.0,0,0,34,0.47419907308952486,0.6516728589873745,0.17794978585912063,0.9446223991918725,64.20552999446055,56.845464841405985,Medium
SYN-0198,AREA-07,North Estate,Residential,REC-02382,1.7468643058062505,191.53287313871778,10255,12466,20.0,0.6714455569770508,6.101142028700061,0.2723472500133265,248.0,3,0,3,0.2859119627572992,0.33975453719517046,0.6684941569730207,0.713047948485662,44.74249654311205,32.20412492472143,Low
SYN-0198,AREA-08,Canal Quarter,Peripheral,REC-02383,1.1360764007058552,87.54151656056611,22587,7107,37.0,0.6561180144584152,14.915619468983039,0.6557381964107332,315.0,1,5,11,0.23513010253268807,0.11128122699250163,0.7577324510736622,0.986881529370591,60.47539891246648,42.001857846384745,Medium
SYN-0198,AREA-09,West Park,Residential,REC-02384,1.453589678970642,172.0194372442672,49491,13952,92.0,0.7843363173639052,10.968666989827474,0.29146398730589146,297.0,1,0,21,0.4510618026643627,0.37860414816419746,0.5071933858175302,0.9703888730471283,42.7276008156383,43.09058829433316,Medium
SYN-0198,AREA-10,Lake Colony,Peripheral,REC-02385,2.6601550459487644,216.49573466806135,39311,8111,100.0,0.3288908197001299,16.17700292496684,0.14936412056624482,384.0,1,0,25,0.2987334802897458,0.5673249246994156,0.7604695197082221,0.7833665341866968,70.9671129321247,52.185870258806986,Medium
SYN-0198,AREA-11,Industrial Ward,Central,REC-02386,2.750658439615662,239.31843474056095,51129,10169,129.0,0.36813342605661015,18.152683062082637,0.21234614949574468,410.0,1,5,20,0.5955256448903339,0.5486503699556977,0.6396666855752923,0.9523342563545738,70.34797596964245,61.981315749715364,Medium
SYN-0198,AREA-12,Outer Settlement,Peripheral,REC-02387,0.9242616404989119,42.80662234648355,34733,12980,49.0,0.8607960543267515,19.42303242794896,0.3873323311006723,73.0,1,6,13,0.1098554687044665,0.7805827123149895,0.562857338615245,0.968365790521815,63.532617253477945,26.058680012427146,Low
SYN-0199,AREA-01,Central Market,Central,REC-02388,1.8728883666179874,210.52859419091337,56199,5047,109.0,0.6489568579800601,2.1519825949776665,0.42462812148291823,186.0,0,6,35,0.4645076388947746,0.5967251932346159,0.44136068878668355,0.7820508804563879,24.02539864258845,42.75637686501635,Medium
SYN-0199,AREA-02,Riverside,Peripheral,REC-02389,1.9789608768153326,181.84696614223733,57339,5536,134.0,0.8591291672088581,19.21167731753728,0.44528936838010036,405.0,0,1,52,0.2898133692408563,0.6955378069221587,0.6219089199451212,0.9612367294891936,48.86881660551055,40.230633588815444,Medium
SYN-0199,AREA-03,Old Town,Central,REC-02390,1.1178433262679959,168.57237021470476,63409,5882,77.0,1.0,3.083539998473576,,420.0,2,5,23,0.23583766222949634,0.7515669250917628,0.8794710829444294,0.884395517661331,10.680575190508755,35.251314303374855,Low
SYN-0199,AREA-04,East Gardens,Residential,REC-02391,1.8622873725612785,194.40329602141992,10125,17426,24.0,0.6785023332351342,4.0901974316361756,0.315779894128176,117.0,2,1,13,0.2913199189047695,0.35418449358088916,0.1942557755799574,0.7605449560693467,36.41349662468511,42.77156998659192,Medium
SYN-0199,AREA-05,Hill Junction,Residential,REC-02392,1.9110937030426345,102.80271448594019,39449,12242,76.0,1.0,3.8412262321865347,0.11826155152499622,131.0,2,7,13,0.11084456236838133,0.7246413481817305,0.23497627005687136,0.8123217867056689,22.497257552995922,27.76508936057898,Low
SYN-0199,AREA-06,South Ward,Peripheral,REC-02393,2.8190029978306628,268.8827317843747,9641,19880,21.0,0.5978485238302164,26.648936472975965,0.23684340742143356,426.0,0,5,4,0.6785110581270555,0.4067057055211586,0.6304130831371262,0.971435333134195,81.60800507601945,45.567152347501164,Medium
SYN-0199,AREA-07,North Estate,Residential,REC-02394,2.872775437330235,232.33708541643335,16805,6012,52.0,0.520373782420598,10.02047432808082,0.2401488966382468,101.0,2,6,9,0.3656654725990698,0.39574745651211485,0.8876544603346436,0.8736525688117459,50.791166276258835,60.23004649850994,Medium
SYN-0199,AREA-08,Canal Quarter,Peripheral,REC-02395,1.6434678959940676,166.08291988972644,21269,8807,38.0,0.34009372578335756,10.020507393307371,0.18025495045108988,237.0,2,5,7,0.28397725933776913,0.5064152037672218,0.4996700501950475,0.8768063565227013,50.5218466886852,46.018698681122544,Medium
SYN-0199,AREA-09,West Park,Residential,REC-02396,1.7356728995926247,169.07625389423615,42884,8715,74.0,0.8395844105690716,11.745909563281867,0.3028238158046009,392.0,1,7,17,0.16298820225776192,0.4471136700293726,0.41682411296353883,0.9043115215246719,41.2654684649551,47.86457851761168,Medium
SYN-0199,AREA-10,Lake Colony,Peripheral,REC-02397,2.438269256325783,195.52601990941398,29450,19820,74.0,0.5423978091001278,14.22616697273413,0.2902942375795785,63.0,2,2,26,0.24593801120913603,0.8296157622345737,0.8683077592730597,0.9114163212957755,62.9221938753614,49.05983278089129,Medium
SYN-0199,AREA-11,Industrial Ward,Central,REC-02398,1.4386846555396648,121.38067427863643,56546,13280,80.0,0.8503475385136908,16.064031009526175,0.08315420980517844,400.0,1,6,18,0.21518799516058165,0.3271268170851214,0.3230702711215778,0.7678690395927343,42.704267360560586,41.624486183522286,Medium
SYN-0199,AREA-12,Outer Settlement,Peripheral,REC-02399,2.377747536071196,215.7227575438538,21158,9901,48.0,0.5196550037694986,29.77422530190316,0.5181417593818043,364.0,3,7,13,0.3250699045634335,0.3849182695546043,0.3630840966721006,0.947450508304853,82.659383594026,52.98446644336189,Medium
SYN-0200,AREA-01,Central Market,Central,REC-02400,3.1863747926216313,222.14811924537787,41076,11441,131.0,0.4166446973611079,4.57719969685601,0.10873776180309823,401.0,3,1,21,0.39080466288016735,0.4960321773104108,0.4375674496196177,0.8557347627129821,44.04601463978342,49.01342719532332,Medium
SYN-0200,AREA-02,Riverside,Peripheral,REC-02401,2.4811811203261067,202.12434677102917,50199,886,125.0,0.48139144342380424,15.80570192322688,0.48755581628800515,59.0,2,3,36,0.4092782729537555,0.26031078945801633,0.515461687739207,0.9909451444348316,66.1868204953438,54.44738721029434,Medium
SYN-0200,AREA-03,Old Town,Central,REC-02402,2.4912306122132857,243.98544954675003,63769,7354,129.0,0.7360241886035447,15.957935728430328,0.5599785526289521,113.0,0,5,45,0.23737629526380796,0.25944909458146853,0.1432277563582984,0.8440607252833441,56.5536587277369,60.61226170385987,Medium
SYN-0200,AREA-04,East Gardens,Residential,REC-02403,4.414346939341884,290.3481476029647,17829,18097,70.0,0.33946638440723076,14.279859321085912,0.13940267563998912,297.0,3,3,22,0.7507813457000566,0.6618608969332471,0.42206699795349323,0.717957563082546,71.03346277971056,72.62602824707892,High
SYN-0200,AREA-05,Hill Junction,Residential,REC-02404,3.1315627992023645,237.5842037208877,48350,5843,123.0,0.518331065230556,18.394988922579127,0.17151015746222883,176.0,2,5,28,0.5066479149206965,0.9356158994364507,0.5661463519716924,0.6741818087775704,66.85902709380863,55.46457108822437,Medium
SYN-0200,AREA-06,South Ward,Peripheral,REC-02405,4.568983257635652,372.0270129250699,7798,7059,36.0,0.058015893364091214,23.632868431686973,0.2466281409310421,366.0,3,1,14,0.4638484854657886,0.4657928928299663,0.19893729765635657,0.890758179381058,86.65973894213693,73.78165816475439,High
SYN-0200,AREA-07,North Estate,Residential,REC-02406,2.845790973945075,200.4333596922733,36464,8343,98.0,0.6125333214610825,5.010232865505953,0.4269815638238557,44.0,2,0,35,0.4115253072915312,0.5701127898014441,0.46890344081776414,0.8470798122367588,38.09984147506103,56.40754802412649,Medium
SYN-0200,AREA-08,Canal Quarter,Peripheral,REC-02407,3.489664143422198,209.584754129842,28362,1678,90.0,0.25801518694238873,27.54248143610386,0.4133374295221982,229.0,2,0,22,0.6378198917975767,0.9118223177847152,0.34583056426152625,0.9538282761330961,100.70696834596272,67.17323705702316,Medium
SYN-0200,AREA-09,West Park,Residential,REC-02408,5.170841360931597,316.6489470301887,62409,10248,306.0,0.3863053534333499,4.376965137596487,0.16557980426109745,121.0,1,1,60,0.7341813872938171,0.5821417306299818,0.1892178729750932,0.9476980555728325,40.19329659731082,87.09781691687029,Critical
SYN-0200,AREA-10,Lake Colony,Peripheral,REC-02409,2.41079058678638,182.59617559626696,50836,4095,130.0,0.45439720982228493,11.760260569261572,0.576858356213972,319.0,2,6,51,0.46321349446336046,0.3904698257485143,0.8328117020648538,0.7825099312599192,54.65878992470389,69.4939693368768,Medium
SYN-0200,AREA-11,Industrial Ward,Central,REC-02410,1.7384483825971817,203.5248643263249,60453,14176,124.0,0.7211327355769037,20.729647070661603,0.22315458117297257,286.0,0,5,29,0.34166290228915963,0.6272401398640726,0.3863761482955623,0.9976226712213508,51.73064355570675,46.52383033118135,Medium
SYN-0200,AREA-12,Outer Settlement,Peripheral,REC-02411,4.2859720875467895,295.70588445934857,55660,14619,,0.539641935632774,22.259809798924934,0.2462591929024317,274.0,1,2,34,0.5922021100235337,0.7162183367987098,0.4943195298697922,0.9469742587715134,71.53409470164905,81.6833030338167,High
SYN-0201,AREA-01,Central Market,Central,REC-02412,3.1571310870017366,236.5745402436926,28166,8875,79.0,0.5212127410956863,7.954267593308044,0.23048046836055355,280.0,2,5,12,0.5247146381035713,0.4277403392812536,0.5198026844754319,0.674867022892867,53.04881155762675,55.32591775167822,Medium
SYN-0201,AREA-02,Riverside,Peripheral,REC-02413,3.8020132800312085,288.72340227927646,48334,5043,177.0,0.2948491628596617,15.38389291128318,0.3208991711875211,68.0,3,3,44,0.7326678100069202,0.6069582702342364,0.23274146481797287,0.7682060985506154,66.75164041167625,79.46943686250415,High
SYN-0201,AREA-03,Old Town,Central,REC-02414,3.349843802954928,290.92326774854814,4404,15251,,0.6012965058941818,2.7787956950296486,0.06705244435617377,145.0,2,1,4,0.45313663283722616,0.6963187830048732,0.5531917200654071,0.8775620138864167,26.225266644663918,47.57870621701573,Medium
SYN-0201,AREA-04,East Gardens,Residential,REC-02415,4.0331085960804485,327.8625740866262,37367,14798,141.0,0.22113338028165883,12.759215228763122,0.053280359825654024,324.0,3,6,21,0.6474874991036534,0.898641969396317,0.2966777591067178,0.6655149755742311,76.47354524319198,55.230832015153545,Medium
SYN-0201,AREA-05,Hill Junction,Residential,REC-02416,3.058149405567602,234.17745570233146,5456,6743,15.0,0.7219562018339587,19.276264514488883,0.06783606129627302,147.0,1,0,2,0.6477202617523372,0.456224021753853,0.5840495032294807,0.751157407793797,62.749243255902236,53.81048278843568,Medium
SYN-0201,AREA-06,South Ward,Peripheral,REC-02417,3.6746263010095506,296.8346644614623,47761,16716,172.0,0.4848251230733342,24.27840144488789,0.20316135153923615,,0,0,32,0.5095218690638199,0.4458915835750778,0.19385751247498303,0.843148087562638,81.54405566102983,62.42055228725091,Medium
SYN-0201,AREA-07,North Estate,Residential,REC-02418,4.178430632561423,343.4268760535957,62920,10970,232.0,0.47795392082636773,17.002387483141376,0.3154069364589967,71.0,0,2,58,0.7515040997231581,0.7590317740161542,0.7336023202431032,0.9853173590382646,65.66594827221765,74.81623183103704,High
SYN-0201,AREA-08,Canal Quarter,Peripheral,REC-02419,3.0119312622967858,186.41141674297506,45086,18246,136.0,0.0530779240612928,22.56689561114923,0.27432525402451313,180.0,1,4,24,0.37248561072105824,0.91294844690392,0.7907698625875755,0.9541787994404891,89.63907198038918,64.76054020026532,Medium
SYN-0201,AREA-09,West Park,Residential,REC-02420,3.2585111475994846,240.49923227057016,54996,13774,180.0,0.5126790355189789,1.2075724684435762,0.1466135991875668,187.0,0,2,32,0.52376976288318,0.7092433492792523,0.8843292950007128,0.662354597502017,30.590755090126677,54.26490581881795,Medium
SYN-0201,AREA-10,Lake Colony,Peripheral,REC-02421,3.54067210443737,234.12341664415683,17147,18171,54.0,0.23156195825812823,19.34693449117582,0.23329538810102798,91.0,2,2,12,0.6437192231550958,0.6956078931213656,0.8163963211015577,0.9273444028921085,87.73822610041817,60.78340867731036,Medium
SYN-0201,AREA-11,Industrial Ward,Central,REC-02422,2.675526023935173,192.1111555503899,64619,6054,142.0,0.7603191707242205,1.751559953561085,0.2959821763952768,,0,4,30,0.15737778919679069,0.2766382705887356,0.631340268524672,0.7016091740815068,19.657440437794847,56.96663331621224,Medium
SYN-0201,AREA-12,Outer Settlement,Peripheral,REC-02423,3.4805295850771985,285.7370570298232,36922,4021,122.0,0.5190331885599136,11.707360308703324,0.45850132457685405,145.0,1,6,37,0.515969494445297,0.4792285725008312,0.21569188932824845,0.9726383000732823,59.4800999789649,62.63807938205555,Medium
SYN-0202,AREA-01,Central Market,Central,REC-02424,2.5521792600470907,169.88328717987946,44653,15598,118.0,0.6892560903731001,4.6899396064622465,0.3754605891283696,411.0,3,2,33,0.4768830412702138,0.3766062148915236,0.16985704074352775,0.88278650982272,33.55509547921151,54.28307390861674,Medium
SYN-0202,AREA-02,Riverside,Peripheral,REC-02425,2.137502874854026,248.22063447262082,50663,11390,126.0,0.43637625386363477,28.676940492732065,0.5505249248680271,300.0,3,3,45,0.38335177224614536,0.5068224611708908,0.16325213432714883,0.700560259846776,91.67091759048002,58.16883029116146,Medium
SYN-0202,AREA-03,Old Town,Central,REC-02426,2.2400408337793896,205.3734111038006,42474,15543,91.0,0.865709588533877,5.517538837303432,0.5041680691787267,267.0,3,0,29,0.3106547328067768,0.777372326624774,0.7719673450135032,0.9945467638762957,18.055914007899172,52.68934551247778,Medium
SYN-0202,AREA-04,East Gardens,Residential,REC-02427,2.4412206913995007,181.14103893117152,22320,17725,63.0,0.6267577665217314,10.487026489528553,0.10054863682851005,443.0,3,7,17,0.2743202745635097,0.6314111517952596,0.7118883837347916,0.6879149060384399,48.02935249669642,50.49897101642138,Medium
SYN-0202,AREA-05,Hill Junction,Residential,REC-02428,1.9325472581789178,161.67050498947313,40714,7520,88.0,0.9460879118830193,19.406047899316317,0.5330942449017426,51.0,2,6,37,0.3975069955597959,0.7079660474416293,0.2780327421258043,0.7191956447847979,50.64595423784379,42.808671519462735,Medium
SYN-0202,AREA-06,South Ward,Peripheral,REC-02429,3.0099920808182707,197.00235462393354,43373,5238,129.0,0.49044755670895995,24.24046502836613,,372.0,0,2,28,0.4629765383004271,0.8095301790367903,0.2892021907309733,0.6763279840280415,70.79730317608946,58.19466442009889,Medium
SYN-0202,AREA-07,North Estate,Residential,REC-02430,3.60592452796619,230.14879376061944,56083,4066,192.0,0.5559875283547312,3.785634434606148,0.3220091822743433,,0,6,52,0.666429085523179,0.9491036014313692,0.17728512242014605,0.7807351345354328,35.54037945507582,62.616241775892476,Medium
SYN-0202,AREA-08,Canal Quarter,Peripheral,REC-02431,2.0856377143684104,164.00369174332212,32592,19982,67.0,0.5327741938409188,19.709124806537556,0.36638314545829825,360.0,2,0,20,0.39323306199016933,0.29641257747176414,0.8774831522535491,0.7109610427389969,65.97918260879617,51.854014475999875,Medium
SYN-0202,AREA-09,West Park,Residential,REC-02432,2.845300613306935,264.20047161310566,33862,11356,76.0,0.7704925834708461,17.189676318114298,0.04029442505418702,278.0,0,0,10,0.42052657461627074,0.4614607944459478,0.30092091102698604,0.9971719303166884,54.8842660342331,57.34800009995921,Medium
SYN-0202,AREA-10,Lake Colony,Peripheral,REC-02433,2.2654483037770516,145.048092136504,33947,14859,58.0,0.6358493035864458,19.321584705622417,0.677533225979899,187.0,3,4,27,0.5062821264555333,0.5242237702924782,0.7781701309373823,0.8372095131656082,58.93994276934056,59.441468771383256,Medium
SYN-0202,AREA-11,Industrial Ward,Central,REC-02434,2.749531904155573,255.71030086756332,9651,19092,25.0,0.7882125365199744,5.565927597369778,0.5551684293630541,104.0,1,4,10,0.38694200415492275,0.4881973269374685,0.7121367646841145,0.9218158094157908,24.527735526560576,46.68438010792557,Medium
SYN-0202,AREA-12,Outer Settlement,Peripheral,REC-02435,3.7097656530873726,275.5640190672451,8128,18707,27.0,0.3819377523934126,23.513725411723108,0.34307709449929996,290.0,2,1,12,0.7611487524127903,0.6939578230549803,0.7417102443563176,0.754101631655314,82.22473263807723,55.32912541690711,Medium
SYN-0203,AREA-01,Central Market,Central,REC-02436,1.8327914167875936,166.29110278926132,3777,19865,6.0,0.737764562539041,9.558647860180441,0.6570315191135752,220.0,0,4,1,0.4640203397969693,0.5188142058837761,0.602890486325832,0.741951046423835,37.63010102244115,46.467677328424,Medium
SYN-0203,AREA-02,Riverside,Peripheral,REC-02437,0.05,45.44111604992585,44138,6561,25.0,0.9444156195478574,20.78890323815449,0.3802301764803832,205.0,0,1,12,0.13434709427216032,0.3350799626932044,0.270530188636639,0.8224708663262501,52.11377205361312,25.41068989934684,Low
SYN-0203,AREA-03,Old Town,Central,REC-02438,1.789060287530682,179.52261655827067,28678,13702,68.0,0.9226364208366494,3.6244741815993096,0.36378915044262183,435.0,3,3,19,0.2765093761844913,0.3366583208922551,0.27622782536134577,0.9220889398844019,14.241276243955205,37.236010324518126,Low
SYN-0203,AREA-04,East Gardens,Residential,REC-02439,2.4121547770203224,229.72018825307362,56605,4451,131.0,0.7843064480858555,20.00592837777444,0.3283718375256272,64.0,3,3,33,0.7076752934942123,0.2814684242192326,0.8468835378965676,0.8704338548768173,58.35282975228433,59.833828954433166,Medium
SYN-0203,AREA-05,Hill Junction,Residential,REC-02440,1.2485868463746326,114.72141649076269,46389,9563,89.0,0.8417846983660641,20.34179877513633,0.43897934063785327,128.0,2,1,32,0.22631914281981466,0.2826275388028543,0.5427537785549424,0.8179442873028583,60.21738550348395,46.652091141357836,Medium
SYN-0203,AREA-06,South Ward,Peripheral,REC-02441,2.2223716272673806,199.7494976204866,11339,19017,20.0,0.34600175126721866,16.368105181693245,0.5593293253150857,241.0,0,2,4,0.39932204867280524,0.3296704465836084,0.6365516542407705,0.7000447391596932,70.26877529657528,50.03572292903648,Medium
SYN-0203,AREA-07,North Estate,Residential,REC-02442,0.873771349451558,135.81786774810496,8754,5970,10.0,0.9749183358013407,7.144813296826759,0.5077036071698809,434.0,1,4,2,0.14298119681335333,0.28767851706533426,0.5243518748949546,0.8237853630269802,23.45000410251577,23.811763826901405,Low
SYN-0203,AREA-08,Canal Quarter,Peripheral,REC-02443,0.23743245475529562,79.85561186154634,25381,5991,35.0,0.6741148806397796,13.582639373048346,0.32379459893804996,264.0,1,4,8,0.0,0.2679438361317281,0.37397687705662574,0.8742953037788651,41.992088470336995,33.53094848489263,Low
SYN-0203,AREA-09,West Park,Residential,REC-02444,1.5387989974392269,127.62691875661181,60058,11586,106.0,0.7887688310967887,13.302472440500624,0.21709526927982037,235.0,1,7,24,0.4118752880593762,0.42915641624456324,0.6636096864794634,0.6726594412323118,40.79457463560001,46.780166259257996,Medium
SYN-0203,AREA-10,Lake Colony,Peripheral,REC-02445,0.05,37.39745673462352,5541,18133,1.0,0.859108057515531,14.18014166147235,0.8,387.0,3,5,0,0.0,0.1513459380668228,0.7876005950620333,0.8688598320055911,40.27459023745661,31.531413898872064,Low
SYN-0203,AREA-11,Industrial Ward,Central,REC-02446,1.2340469720582412,90.61757640627148,14212,12902,24.0,0.6571012059439726,13.9043105233027,0.5314093068599575,345.0,1,6,11,0.31602781846751776,0.3799584188653872,0.28701788906613257,0.9863686224785245,55.71929276860717,37.5532312273428,Low
SYN-0203,AREA-12,Outer Settlement,Peripheral,REC-02447,2.455337592489517,254.12928731250716,4351,3819,15.0,0.5809531078363276,29.860421773145784,0.8,352.0,3,7,10,0.5483693050798113,0.5576934957124909,0.23004453567680694,0.7220059916626486,90.4955708924729,50.8646255171047,Medium
SYN-0204,AREA-01,Central Market,Central,REC-02448,0.05,52.44425087782402,28354,19307,22.0,1.0,4.797690570774966,0.0428061881082898,302.0,2,3,2,0.08073189899924778,0.2632828218995123,0.1527309792432825,0.7305189420308114,21.152090548378872,13.955638430628834,Low
SYN-0204,AREA-02,Riverside,Peripheral,REC-02449,0.05,1.1475264877041411,64353,7490,50.0,0.8354873362584097,14.74400772953023,0.3636538907636364,226.0,2,2,19,0.0,0.3177550872106272,0.8225318977860134,0.8057477222894672,44.33509960567138,21.633690166385964,Low
SYN-0204,AREA-03,Old Town,Central,REC-02450,0.2246500753474403,29.407779700900328,45232,9371,46.0,1.0,2.915006627695597,0.199441653290554,278.0,3,4,11,0.0,0.5193421271857528,0.6498340366475253,0.9014632881341775,22.346866647658004,19.1785549163465,Low
SYN-0204,AREA-04,East Gardens,Residential,REC-02451,0.9996199837079345,100.36823500309302,33341,12758,54.0,1.0,7.613380954588996,0.538007642934749,243.0,0,4,17,0.0,0.6099047288516669,0.6685152789376608,0.8197043125027459,28.371670734190005,29.12940066399958,Low
SYN-0204,AREA-05,Hill Junction,Residential,REC-02452,0.757702442959735,129.51274842016417,11524,13904,9.0,0.9974352442667019,19.51396370590506,0.34615110054329806,229.0,2,5,4,0.11230762172929777,0.41412831341032624,0.1434777090790047,0.7021967625507352,38.75296568782082,25.33995758611579,Low
SYN-0204,AREA-06,South Ward,Peripheral,REC-02453,2.1695849768335727,175.29302338153423,24719,18281,67.0,0.4988769063243723,10.334988494457406,0.44263459146619316,364.0,1,6,18,0.4579227186629268,0.5736968336093036,0.41889325053582305,0.9046666437540767,58.6250086566491,50.1675759877875,Medium
SYN-0204,AREA-07,North Estate,Residential,REC-02454,1.8137545347500605,176.0126214329633,35283,4949,70.0,0.7745161406697213,14.361794716554309,0.2773002234858105,277.0,0,4,12,0.27379181296851257,0.3273771135040827,0.14584376453424666,0.8356056954508135,46.930611793177995,43.45687106336668,Medium
SYN-0204,AREA-08,Canal Quarter,Peripheral,REC-02455,1.4464942283315807,112.58377025138469,19679,9495,36.0,0.7351844300066965,18.064518499506576,0.40487159569543846,158.0,0,4,6,0.1702727363177175,0.5017058548670488,0.6511590111599209,0.9186750912304078,61.42416419975257,34.37631186036819,Low
SYN-0204,AREA-09,West Park,Residential,REC-02456,1.1667801229518102,135.17129554416906,46566,6809,72.0,1.0,7.668457610807151,0.12886986652236765,,0,6,4,0.15873372293216176,0.3054824933474141,0.37392745564136887,0.7416268287452654,27.68969150784623,25.412473914218737,Low
SYN-0204,AREA-10,Lake Colony,Peripheral,REC-02457,1.3648596930645642,167.75214594297088,63750,12183,99.0,0.8346056838475313,13.616138494680968,0.2784513950829599,187.0,2,2,19,0.3733205319490429,0.45904134493181403,0.8845661661942045,0.9940404228327582,37.39715938021293,34.48045659413182,Low
SYN-0204,AREA-11,Industrial Ward,Central,REC-02458,0.36068998722600243,87.13585259045598,15371,5946,12.0,0.6171173675702115,18.487321438539492,0.2950694321668555,374.0,2,1,2,0.05359111520378482,0.8566673370882738,0.6766914185790553,0.7060482472419323,59.953094327840006,22.681637372565277,Low
SYN-0204,AREA-12,Outer Settlement,Peripheral,REC-02459,1.7360441543219922,79.13422666601176,18265,6864,33.0,0.5342092721313798,27.278574831460375,0.48812003135056276,410.0,3,0,8,0.5122906335560322,0.6429338851572485,0.21415537942149587,0.987769645110832,73.557131417318,46.951934342960556,Medium
SYN-0205,AREA-01,Central Market,Central,REC-02460,0.7840705232093307,86.38741414523969,10389,13522,8.0,0.8818269200370615,1.8590881771875496,0.19978787295066985,287.0,3,1,0,0.06219039994872169,0.711796212810414,0.24570332259495206,0.6808781572918249,14.575033161667761,12.037291943592836,Low
SYN-0205,AREA-02,Riverside,Peripheral,REC-02461,2.342007521818476,160.4990858590597,47856,4307,116.0,0.43028449944088987,22.107969777143488,0.7668947639793213,351.0,2,1,39,0.4164024011854976,0.85720888940343,0.19751022720504255,0.7420708217700043,77.71389685297952,68.5298888105467,Medium
SYN-0205,AREA-03,Old Town,Central,REC-02462,2.6226199283917566,230.60777159760744,31357,9094,92.0,0.18882222293427703,9.714131602179425,0.2862281732536713,99.0,1,3,23,0.38509509032338285,0.5713384626457184,0.299600726997596,0.6992459694979637,62.21745205391348,59.403777454968264,Medium
SYN-0205,AREA-04,East Gardens,Residential,REC-02463,1.8423976083671614,161.86322234773937,20234,14943,44.0,0.6549901162985161,1.131069550693127,0.053555324066035706,426.0,2,0,5,0.5560046377121524,0.6445380997698786,0.8769417033438694,0.9385157092963285,22.712695567290595,30.90644361772719,Low
SYN-0205,AREA-05,Hill Junction,Residential,REC-02464,1.5327354795271109,190.97781570808127,16199,9639,31.0,0.7849837599676851,7.412074366447,0.4668036783261629,316.0,2,6,6,0.2770205506116417,0.2973307991421429,0.8882940111819723,0.893634870784578,32.15989158011426,40.53066202669298,Medium
SYN-0205,AREA-06,South Ward,Peripheral,REC-02465,1.9939538533444303,159.63623289244478,6905,14829,18.0,0.5378122985944069,13.948416532367965,0.5459550126770958,400.0,1,4,9,0.5876947786882134,0.5719151883030795,0.3295235898936434,0.8283484332877167,56.93499938764792,45.51227973569452,Medium
SYN-0205,AREA-07,North Estate,Residential,REC-02466,0.05,45.43487313645177,32259,9317,27.0,0.8733668093908391,17.032425580014788,0.38861424063505734,352.0,3,2,10,0.0,0.2907795923937499,0.29536416792885056,0.9786754711455986,52.48739850718955,26.905747388194772,Low
SYN-0205,AREA-08,Canal Quarter,Peripheral,REC-02467,1.9155125014850607,160.81267172332346,45204,17348,117.0,0.616804004766271,19.393596275515968,0.3916782594867195,352.0,1,4,35,0.5025615846834509,0.23629546295055656,0.30526983458125834,0.7123260179207682,60.98289177199402,54.95069798998038,Medium
SYN-0205,AREA-09,West Park,Residential,REC-02468,1.583022728424846,164.45792111085987,17189,17044,35.0,0.8195473990507771,17.758101848062683,0.2713938768791582,82.0,1,0,4,0.27799752607696043,0.6555741047997425,0.5046827865402462,0.7769699289106198,51.98176885608819,37.77349751871285,Low
SYN-0205,AREA-10,Lake Colony,Peripheral,REC-02469,1.6332034362510988,117.01029195879053,2601,3438,4.0,0.5951198652489895,30.345179499266987,0.3246742021637621,147.0,3,2,2,0.3725992440539881,0.8037072540304934,0.4853650486160389,0.6533541111800943,80.61575101890362,41.79532776437223,Medium
SYN-0205,AREA-11,Industrial Ward,Central,REC-02470,2.2389319370149536,155.5271780882885,32082,17699,66.0,0.851158787514747,9.429033084131888,0.5353875861540183,183.0,1,3,18,0.22679000548673953,0.431529278515033,0.458750074186832,0.7975809966950771,28.718908566735035,50.19886792842073,Medium
SYN-0205,AREA-12,Outer Settlement,Peripheral,REC-02471,1.6138907894449095,128.00404764701486,44734,1642,65.0,0.6609810193832497,21.663473925198012,0.29695397721241934,253.0,3,7,17,0.31079147214593505,0.3464652071720049,0.16368023594482653,0.6678753572277653,72.53823675776114,47.98260650010919,Medium
SYN-0206,AREA-01,Central Market,Central,REC-02472,0.47880072408211927,88.6649483841937,24062,18368,15.0,0.8283862582723176,21.430701342782626,0.3227279826737528,209.0,1,5,5,0.0,0.48870337353944004,0.30669245116470406,0.7250459213471492,67.37149401405868,33.301491693904225,Low
SYN-0206,AREA-02,Riverside,Peripheral,REC-02473,1.2778440727427434,154.2331941105947,18148,12691,31.0,0.5661573511340358,13.491790794588152,0.46068314385126896,210.0,2,4,12,0.243825580208394,0.731744326231538,0.4633539195725017,0.7185050051524049,55.36448914220349,34.23022107940418,Low
SYN-0206,AREA-03,Old Town,Central,REC-02474,1.4450105966677054,131.1349136237676,12143,3320,31.0,0.7721421400754819,2.137672883459531,0.2698990754892009,259.0,3,7,10,0.058628293080039195,0.20368680148083393,0.27251293563627954,0.8479332682157485,21.76318533876041,28.030915291731517,Low
SYN-0206,AREA-04,East Gardens,Residential,REC-02475,1.482913338667856,154.13577784571854,49131,10031,75.0,0.9260026110109948,10.861957193841763,0.33170939229023527,200.0,3,7,21,0.23586226076273803,0.3256265993428003,0.5996390155802563,0.7511833921463036,32.329083449101105,44.459216024765894,Medium
SYN-0206,AREA-05,Hill Junction,Residential,REC-02476,1.5205017032311001,154.07140751374376,56347,19198,97.0,0.68828711645047,11.245262217858587,0.541197505656846,277.0,0,4,30,0.3848903949937212,0.5864025583865278,0.22318795900850122,0.6787107650100382,51.06235692834989,42.06362840212827,Medium
SYN-0206,AREA-06,South Ward,Peripheral,REC-02477,2.2224614453378884,182.73435819366603,50609,12700,112.0,0.6403609357322998,29.50950648883195,0.2514273031674359,359.0,2,2,30,0.4361167063689527,0.34283525698816997,0.387338885346283,0.8845283588604818,63.96386494256893,50.069394625817296,Medium
SYN-0206,AREA-07,North Estate,Residential,REC-02478,0.5221385669757277,71.50027007677346,34886,10683,44.0,0.9382474298251156,10.568300789670749,0.17034128081393426,296.0,0,2,7,0.0,0.32084686729103046,0.707170391247198,0.7083989889865024,44.97611743203063,32.07816365437353,Low
SYN-0206,AREA-08,Canal Quarter,Peripheral,REC-02479,1.5315265743349258,162.42515943426898,47756,5156,80.0,0.9047742359336716,19.32350502089342,0.3507226386330941,198.0,2,4,28,0.02744806311536932,0.23425002463136593,0.5733043149490916,0.7298049884271298,52.86019283174542,33.8425669080067,Low
SYN-0206,AREA-09,West Park,Residential,REC-02480,2.4229099682976383,254.95767826835336,27307,7670,83.0,0.7076227800775989,11.46044529417593,0.05621878600458143,433.0,2,6,7,0.46345167770489853,0.6640249541390889,0.8299068089661702,0.8443506685674643,31.896529967543195,43.96363680226045,Medium
SYN-0206,AREA-10,Lake Colony,Peripheral,REC-02481,0.05,72.89054315633096,4030,16599,3.0,0.7892128512688968,19.358018049260615,,100.0,3,2,1,0.19807718877634284,0.27545356931313353,0.33069850330973394,0.9921075677786301,69.45031917479041,14.506141012766557,Low
SYN-0206,AREA-11,Industrial Ward,Central,REC-02482,1.5346835540270884,175.84045564530925,25473,17148,53.0,0.87350864588797,19.87407951919201,0.2781894162256783,41.0,3,6,16,0.140107067913428,0.45758522894705767,0.10824722250421975,0.9378251663727795,42.789324000823555,38.881195325336805,Low
SYN-0206,AREA-12,Outer Settlement,Peripheral,REC-02483,0.922663407824611,161.14631244247082,46483,9175,70.0,0.8432297618120709,22.973896142010712,0.5610303169686879,182.0,0,7,22,0.4054657240185985,0.31757358125359136,0.5050135756396884,0.9359980535040311,50.934051787641216,52.80482553694711,Medium
SYN-0207,AREA-01,Central Market,Central,REC-02484,2.671865259162674,192.7289595500713,42958,11322,105.0,0.5782975422417279,17.722318939762793,0.48709803505406707,261.0,0,4,31,0.4445316819468323,0.4270356397813483,0.27700182695512066,0.8788593393012866,57.831208925383294,54.9834829484594,Medium
SYN-0207,AREA-02,Riverside,Peripheral,REC-02485,2.2445875641696205,206.94166765047106,64384,13707,165.0,0.4260782564966519,13.247079618812048,0.30327640205863504,370.0,3,2,39,0.13905470332067948,0.700606098643471,0.19859099883215042,0.7540308621872863,58.662555983907936,41.365822132482315,Medium
SYN-0207,AREA-03,Old Town,Central,REC-02486,2.832792994180803,267.8198222824188,64843,19503,165.0,0.667733203761876,19.395494789141914,0.20425864542205732,282.0,2,2,38,0.28482652289118027,0.6640426171239437,0.1142466373999591,0.8559612512804611,68.0887184721673,57.14861798388537,Medium
SYN-0207,AREA-04,East Gardens,Residential,REC-02487,4.441438058282682,356.86941227131445,17664,4302,65.0,0.38582049305222477,21.370974812066745,0.2688412394007148,248.0,1,1,14,0.8326335743050165,0.45941651284053653,0.569260633692942,0.9292717334529738,75.58491855517373,69.29531710190948,Medium
SYN-0207,AREA-05,Hill Junction,Residential,REC-02488,1.9568892777993872,149.22579903886293,3097,1795,8.0,0.5440494900995794,21.094468747209394,0.4886438789495319,164.0,1,2,6,0.34169637786676865,0.6929134296686957,0.40899987206224475,0.7127519021294046,66.39930081423401,39.78010653474384,Low
SYN-0207,AREA-06,South Ward,Peripheral,REC-02489,2.032745564758096,148.22424123091272,19639,1467,43.0,0.62595814081274,30.638253691441886,0.25071738153429624,45.0,0,5,6,0.5166574433548743,0.21681572835376778,0.3586459416497134,0.9844792317334319,84.69750045020915,49.771904155535275,Medium
SYN-0207,AREA-07,North Estate,Residential,REC-02490,1.9268859106103544,214.2390832957097,57258,11077,125.0,0.6537968247520056,15.643949814118585,0.29786622136220947,200.0,3,0,26,0.17737267976461008,0.6127414742033487,0.4051445413879051,0.9340871449838144,53.56826896345092,49.0298220816184,Medium
SYN-0207,AREA-08,Canal Quarter,Peripheral,REC-02491,4.350368196043639,335.2446778905361,53345,7479,232.0,0.08907620753039286,24.101599404414706,0.19248996573454208,,0,2,49,0.7392807417869267,0.5740716816637224,0.7105289398165684,0.8509227135583095,101.83541137700617,82.83792797068203,High
SYN-0207,AREA-09,West Park,Residential,REC-02492,2.5985618023241286,218.07370399829853,8672,2557,22.0,0.5939473864680258,2.4141159947752913,0.05739183229994791,376.0,2,6,4,0.4339049610872909,0.3303898526152821,0.2857078371340117,0.8210638217118498,36.34605840402163,41.9443033712726,Medium
SYN-0207,AREA-10,Lake Colony,Peripheral,REC-02493,2.9479223184630188,232.1997730209987,12524,8805,52.0,0.6212411235200009,15.94133559172302,0.2022576062143979,111.0,2,6,14,0.4741586436436341,0.4621790112435653,0.5077425386609005,0.9117319193328371,54.01366390624618,52.55083755931719,Medium
SYN-0207,AREA-11,Industrial Ward,Central,REC-02494,2.646207213856166,257.30577543036827,37720,12482,84.0,0.7744983700707035,17.528084743129345,0.3040627767331159,147.0,3,0,24,0.39512166820505523,0.4563895350963929,0.8951956696167432,0.9853919660960737,52.35373056613251,51.84499116715367,Medium
SYN-0207,AREA-12,Outer Settlement,Peripheral,REC-02495,2.2128952640186847,213.06180103055414,43786,8876,102.0,0.6838049152782681,17.583073300942797,0.2635936777177145,84.0,2,0,19,0.3252919522718297,0.4591519666139238,0.1399396397010052,0.7382102204514978,48.517426780206904,47.08317727779901,Medium
SYN-0208,AREA-01,Central Market,Central,REC-02496,1.1739754210849065,110.72714812949044,63895,13911,83.0,0.8679513878591678,14.030917240360742,,329.0,3,1,18,0.21662006909446269,0.4993702721585439,0.6261182772206865,0.6818698937404954,46.502910186210634,35.16190112367217,Low
SYN-0208,AREA-02,Riverside,Peripheral,REC-02497,3.3286908229657026,283.7075302853607,49689,5168,159.0,0.4854789491874135,22.316264142276456,0.2684726534134777,164.0,2,0,44,0.591091527168203,0.4610559429046226,0.6462422476371206,0.8730741389751586,74.95525388921472,69.54244213942155,Medium
SYN-0208,AREA-03,Old Town,Central,REC-02498,2.475752675155859,206.2698202066098,15740,19720,39.0,0.6652319752555399,13.194945717870294,0.32779021227034894,401.0,2,4,8,0.4429341878716991,0.4894782977745733,0.4381933147403356,0.7723948889967105,51.71946343859221,44.01349734682263,Medium
SYN-0208,AREA-04,East Gardens,Residential,REC-02499,0.6797456841426369,110.33871657092516,4822,9614,3.0,0.7722295050742947,8.779104015481737,0.4471912763015601,355.0,2,0,1,0.25800944842596046,0.42469363134766996,0.7457631395165653,0.7504527417943002,39.82846655337747,27.50096697835831,Low
SYN-0208,AREA-05,Hill Junction,Residential,REC-02500,1.8801552208258034,202.89624123651924,42100,10239,79.0,0.6281180412220954,19.581267336995424,0.32797191418917354,429.0,3,1,20,0.16920578199632078,0.25946544914834946,0.6371263052609699,0.802438598960513,71.8186158469656,45.421007786595126,Medium
SYN-0208,AREA-06,South Ward,Peripheral,REC-02501,0.6968777202433536,122.3881820366214,37110,10362,48.0,0.709575408099006,15.228057709666595,0.25383112617256587,60.0,2,2,16,0.0,0.6672075990034702,0.6698218247558165,0.8666236754770513,50.12480406501523,25.040607121510227,Low
SYN-0208,AREA-07,North Estate,Residential,REC-02502,0.05,0.0,60109,18820,52.0,1.0,17.177741747261777,,393.0,3,7,4,0.130369139859877,0.4658858480652223,0.20352863168098267,0.7167921218670684,44.62578685341694,26.19741016162507,Low
SYN-0208,AREA-08,Canal Quarter,Peripheral,REC-02503,2.1777046725081584,196.96063548031518,38492,6084,83.0,0.7043242335833112,10.532937972315947,0.13336330863611018,124.0,2,6,5,0.24972777384228076,0.6013080445170026,0.5378885441324263,0.813767713091077,50.72490819543303,43.30281464122963,Medium
SYN-0208,AREA-09,West Park,Residential,REC-02504,2.2901702156912953,233.2039334894145,33827,10225,76.0,0.5497908622039995,18.606533889793365,0.3741627106847443,279.0,2,5,16,0.3361579377147279,0.2485674615604438,0.2338645266908352,0.8134530333876163,64.35349354172249,54.95178547295832,Medium
SYN-0208,AREA-10,Lake Colony,Peripheral,REC-02505,2.198937739214774,161.36642287779856,21465,6974,45.0,0.5785556503598756,25.92046626705394,0.24377825326500224,123.0,0,7,5,0.2930376664165291,0.23375106512177557,0.16374368956395458,0.7287336866753535,78.24723081945966,42.627844233190096,Medium
SYN-0208,AREA-11,Industrial Ward,Central,REC-02506,0.9862037390007966,163.78070735843457,7891,12098,11.0,0.8136186194095612,21.55794717443491,0.4422707547508604,301.0,2,7,2,0.08834581118245341,0.783541844885683,0.43961138095906394,0.6504724719600455,73.76881444152689,25.809249165621413,Low
SYN-0208,AREA-12,Outer Settlement,Peripheral,REC-02507,1.2286753511748658,138.48475560956797,57271,11408,89.0,0.6893733861194368,12.536328778655268,0.7259963522901655,377.0,0,7,33,0.02978754060882005,0.24176077297372867,0.17896000808153972,0.721978162773045,47.272442131686255,51.755239859106936,Medium
SYN-0209,AREA-01,Central Market,Central,REC-02508,3.073105945310128,268.50617795292504,54128,18581,166.0,0.5054400293823148,17.875786022040796,0.530390526833083,225.0,2,7,49,0.4438410136901889,0.6065698570770195,0.10031264085421086,0.6590915038869609,74.21041910089154,68.32812325871113,Medium
SYN-0209,AREA-02,Riverside,Peripheral,REC-02509,2.786490332262115,249.84911404412415,12671,1373,28.0,0.6585743482200572,16.489528850745334,0.31443922476016456,,0,7,11,0.5423347888505629,0.46349830639050593,0.8768956302665109,0.6622690423538377,53.842763204407134,63.7139354052845,Medium
SYN-0209,AREA-03,Old Town,Central,REC-02510,2.1583835253459935,139.96139612709308,46493,15011,119.0,0.6955575220267246,6.206529054052671,0.4713386724805442,239.0,1,1,37,0.3592588148044685,0.7538342914492735,0.8015188973205094,0.8509037921777577,32.32023183321388,51.248741107431556,Medium
SYN-0209,AREA-04,East Gardens,Residential,REC-02511,1.1780360462890973,146.4348701809952,25262,1304,42.0,0.8610137700716791,5.305741329306332,0.21172509808565126,277.0,2,2,17,0.25688019646901256,0.6840989028778001,0.248710199205057,0.9965289659940293,16.140290310391148,26.83379418364374,Low
SYN-0209,AREA-05,Hill Junction,Residential,REC-02512,2.564393657697239,221.48086977034896,29814,11556,72.0,0.6678958726583852,16.086991447832602,,347.0,1,3,10,0.36786910325615796,0.5759326440078122,0.21990892544985574,0.7654449024174147,58.51648927404456,43.650237522450766,Medium
SYN-0209,AREA-06,South Ward,Peripheral,REC-02513,3.33650121377252,243.4335288059741,55541,8934,173.0,0.28955740907652483,29.791624840451156,0.6118775124637925,91.0,1,4,58,0.6644250545225849,0.8624936095934732,0.37444933671090586,0.9419101728092284,101.58675275998229,70.40770038820223,High
SYN-0209,AREA-07,North Estate,Residential,REC-02514,1.5152228711563034,187.19474189255232,55126,2248,104.0,0.8008952417789807,14.695555144795446,0.4759572761395326,59.0,0,3,37,0.191533720151493,0.6942500664733037,0.1901033368046801,0.7886095114169476,47.802290584088404,40.99320277395492,Medium
SYN-0209,AREA-08,Canal Quarter,Peripheral,REC-02515,2.9843010077244108,177.13502843100073,14415,1722,53.0,0.5896758775330034,15.581985266496897,0.2758294019750991,364.0,3,2,13,0.24435662522429447,0.3328296320679168,0.3711464276714237,0.8807853203038873,59.86988276226761,52.08176269867913,Medium
SYN-0209,AREA-09,West Park,Residential,REC-02516,2.7385268584905833,199.62818986478246,21725,15967,58.0,0.7933291580690031,9.396451257952455,0.2842419631348092,84.0,0,3,11,0.49441599823291954,0.5807413951879775,0.6642848184663152,0.8169397776184073,41.43505262176365,46.075246952213355,Medium
SYN-0209,AREA-10,Lake Colony,Peripheral,REC-02517,3.0734121129694962,283.374475318832,53835,15055,165.0,0.3119845080579374,15.061474257775078,0.3090406321774555,146.0,1,5,37,0.6043215244450243,0.4358505407815738,0.291540534179451,0.9937254407087502,60.23408517579485,72.68672355241304,High
SYN-0209,AREA-11,Industrial Ward,Central,REC-02518,3.170873902158835,276.37762602568444,59812,12058,169.0,0.3738455052111156,2.4655376674920735,0.4828902685996948,406.0,3,5,56,0.46137030220283193,0.38045586481901794,0.7228880837766003,0.8722274293845003,40.32775385403575,73.51746299315803,High
SYN-0209,AREA-12,Outer Settlement,Peripheral,REC-02519,1.9177213088433467,148.52305274035947,7441,11943,15.0,0.6189751663669141,26.11381282837923,0.30512701055231306,229.0,2,7,2,0.4635249702295675,0.608570046532024,0.838310329439305,0.8464293242466057,85.76266315993914,44.531491698830386,Medium
SYN-0210,AREA-01,Central Market,Central,REC-02520,1.7228509188759848,130.62184956882248,54599,2332,117.0,0.8919033804455662,3.193791404526045,0.5043559308512275,78.0,1,6,35,0.18505875728808452,0.4674585653266059,0.13042351720626844,0.7721662488146774,19.297174542922104,44.554049169302914,Medium
SYN-0210,AREA-02,Riverside,Peripheral,REC-02521,2.589602818461638,203.46778877375488,33076,1012,89.0,0.5606071799294131,23.635417803219116,0.5680412037595062,,1,1,27,0.5120876872876864,0.6901228913301879,0.532470687239166,0.9351005267582768,67.9670570604563,63.042491869772,Medium
SYN-0210,AREA-03,Old Town,Central,REC-02522,3.727720293029548,294.0534699192003,39394,16379,146.0,0.5597546881054398,9.993716583773523,0.31644053194818617,394.0,0,1,35,0.8306598285637826,0.36210529906782163,0.16117942386848158,0.9985265915439436,53.005903073121345,74.95886443884656,High
SYN-0210,AREA-04,East Gardens,Residential,REC-02523,2.582815316187165,197.5771070029504,7208,6925,17.0,0.47517597322501415,2.5256094187922575,0.39383753797885296,309.0,1,3,6,0.43487693748911344,0.5146507651551576,0.5409102412713503,0.7459862674279141,36.78633399514658,55.06457013270118,Medium
SYN-0210,AREA-05,Hill Junction,Residential,REC-02524,2.461183779921828,200.39515864210713,45022,15854,108.0,0.5867957726985447,7.331688845355533,0.06572906229658024,355.0,2,6,10,0.38301932633087493,0.8479739700909052,0.1297721477819839,0.6959549915762094,41.05536616956183,41.36847913876949,Medium
SYN-0210,AREA-06,South Ward,Peripheral,REC-02525,1.559338165468231,147.1375537923194,44868,2215,82.0,0.39815918013929946,11.584485976749466,0.3165931221038746,145.0,1,3,17,0.24720909318781736,0.41525894323440016,0.4978191290267815,0.9900272796074117,55.207338074294185,45.529607797703925,Medium
SYN-0210,AREA-07,North Estate,Residential,REC-02526,4.418536482648693,320.5381893338507,43919,13485,191.0,0.36430632651966793,14.21444477114932,0.37280985957563556,376.0,1,1,57,0.9318181935423311,0.6991600175556592,0.4415980410837018,0.8979179724454729,68.45832187211795,76.44556896880016,High
SYN-0210,AREA-08,Canal Quarter,Peripheral,REC-02527,3.6769893521481896,269.17322116345997,51912,18171,184.0,0.10551515779806087,24.010925768342894,0.5929494909547921,40.0,2,7,63,0.6611654675463062,0.37391287171580956,0.866115250367314,0.6705788728111777,91.0509934828718,95.7635839539526,Critical
SYN-0210,AREA-09,West Park,Residential,REC-02528,3.6323352240277536,244.6172372203218,61628,7830,201.0,0.6513924728569718,19.79004330688946,0.5218890757554808,110.0,1,4,81,0.8626935252708661,0.6377874572225409,0.24537131415061167,0.7212002204821111,70.75436441522832,76.18002495442593,High
SYN-0210,AREA-10,Lake Colony,Peripheral,REC-02529,3.790598748431521,289.4132548691412,55616,6559,212.0,0.5358947513686592,16.009423238358178,0.1727986179741273,255.0,1,7,30,0.6652766246252025,0.38076409542599654,0.18674242543202846,0.9155453092970787,61.006844826845935,74.9229692876348,High
SYN-0210,AREA-11,Industrial Ward,Central,REC-02530,3.477785128242663,268.4847971574667,49048,15119,161.0,0.5299873010934391,4.699457775873296,0.21850583010505725,398.0,3,2,34,0.5011752555186613,0.82094395558718,0.15843367937928463,0.9699669989151908,43.26555658473319,60.71934300423454,Medium
SYN-0210,AREA-12,Outer Settlement,Peripheral,REC-02531,2.8209553548643185,199.07142751152134,63828,7952,180.0,0.3035574773976438,19.966408640751865,0.22288926469722947,439.0,0,6,38,0.40013839358513453,0.5338933648308887,0.21171839126371542,0.6726088710125143,82.27141857923158,65.68025962754092,Medium
SYN-0211,AREA-01,Central Market,Central,REC-02532,2.5584157173506465,218.57609637476583,44658,6892,113.0,0.6869073180404907,18.102652080669355,0.06320640816848541,203.0,2,0,15,0.43379549141759477,0.38736417114468596,0.569018222412496,0.6906677661230191,52.82318759338499,49.67737397167611,Medium
SYN-0211,AREA-02,Riverside,Peripheral,REC-02533,2.347375508974708,231.7143744406445,44500,15849,115.0,0.7744633357588538,21.88251559930682,0.4093454932208351,380.0,0,5,33,0.14627053757942238,0.9128749124650208,0.8786760972040453,0.6957117815644563,65.17516110764781,52.7394705619423,Medium
SYN-0211,AREA-03,Old Town,Central,REC-02534,4.797219604180408,357.5338330687324,36378,13763,147.0,0.3854775153771741,20.8234142974529,0.12757311985226355,143.0,0,7,17,0.7425378202902594,0.8727621029705184,0.576601275215893,0.9757073320676316,74.88612177842543,73.80551928129675,High
SYN-0211,AREA-04,East Gardens,Residential,REC-02535,3.134156625687962,260.4109306751144,50566,4719,149.0,0.7034161512625957,2.8635739249498933,0.2988034416560587,447.0,2,7,30,0.4680236975286881,0.6646789631504939,0.6215617863307649,0.9758166498748309,30.873330402113375,65.52404201874822,Medium
SYN-0211,AREA-05,Hill Junction,Residential,REC-02536,2.31838664756726,224.1181518903958,6960,9270,,0.6172060319370372,16.104546492395272,0.20051350478856256,85.0,0,3,1,0.4151725452448073,0.5457934461993876,0.5923157118140523,0.8684081034754442,57.21879109320197,42.19550854045239,Medium
SYN-0211,AREA-06,South Ward,Peripheral,REC-02537,3.0618244199814315,241.77687380216452,34109,4553,95.0,0.34679937546259354,23.92490553079973,0.46670096848939735,222.0,1,7,33,0.7433222564450792,0.4106888225540764,0.24028658901320138,0.7944391505457823,74.56451158531348,64.55986636751373,Medium
SYN-0211,AREA-07,North Estate,Residential,REC-02538,1.8807318663633539,192.8148899686073,29082,10042,63.0,0.7281940976096124,6.111601996989771,0.41029281813826723,41.0,1,7,17,0.3200332896696605,0.8369659372442351,0.8556660782495625,0.8458966690755236,37.04795641808741,43.83657466908945,Medium
SYN-0211,AREA-08,Canal Quarter,Peripheral,REC-02539,3.8930323755197893,227.73910440195047,59546,16241,229.0,0.10377082483434194,14.366277796693474,0.35274364929414026,272.0,3,1,55,0.4181196387981344,0.4880278579111597,0.893463075544521,0.8758030514724332,63.42125726242604,76.21172103842528,High
SYN-0211,AREA-09,West Park,Residential,REC-02540,2.1605717240026956,162.98213984960736,7035,13154,11.0,0.9692105859972959,9.022434059537465,0.13495519986668164,220.0,0,3,1,0.25042636934854723,0.3667084775160978,0.2249210257853343,0.9469054449792779,29.98431594456469,28.803287527822278,Low
SYN-0211,AREA-10,Lake Colony,Peripheral,REC-02541,3.0902953467463803,211.59644542694429,42734,10895,130.0,0.46411665703316585,16.772955637324657,,367.0,0,7,41,0.5465237678822397,0.5646672505080867,0.29907283014200503,0.8846723323670104,74.4560873214784,67.64201872828681,Medium
SYN-0211,AREA-11,Industrial Ward,Central,REC-02542,3.5422091044429154,316.32737355164653,14020,6524,43.0,0.6081034799020327,8.034548063974647,0.0694715734848168,298.0,0,6,7,0.6015275552352628,0.576705502735382,0.5562208258863613,0.8884356110210967,48.75048263077863,49.547920908074346,Medium
SYN-0211,AREA-12,Outer Settlement,Peripheral,REC-02543,2.9972418360124022,257.54911924223677,57721,5503,153.0,0.40500511955071883,25.166367093717,0.23884443913331957,178.0,1,4,40,0.6944749686795771,0.5286651518472114,0.8352562462284362,0.9903701052722624,86.14415442405397,63.92441836107011,Medium
SYN-0212,AREA-01,Central Market,Central,REC-02544,1.662927626753277,115.5897970607366,55740,12728,99.0,0.5820197678715466,2.896437545889558,0.1932168564301357,429.0,0,1,14,0.3923638802634444,0.6591508670884355,0.5647891727656036,0.7080174467639189,29.95561456609012,41.800647284596344,Medium
SYN-0212,AREA-02,Riverside,Peripheral,REC-02545,1.5959933011823786,118.22380938574717,17215,3575,30.0,0.827658717516172,25.71487581843421,0.18541940269652463,86.0,2,2,9,0.3776127403837224,0.3543971208432274,0.40178433736096075,0.9137462034953132,68.0097315507457,27.56902317365214,Low
SYN-0212,AREA-03,Old Town,Central,REC-02546,1.542198755787881,102.86303448137333,56981,17822,111.0,0.6492001404365009,11.48767474109346,0.05425051529959617,68.0,0,0,20,0.23097715490634557,0.17888187067170558,0.4039534764650503,0.980558057631632,52.264218932876666,39.39057957210727,Low
SYN-0212,AREA-04,East Gardens,Residential,REC-02547,1.1259928421555647,126.76359769503503,33546,15934,51.0,0.8842216537265299,4.653676658591647,0.3457829222069543,109.0,2,4,15,0.3195599980786995,0.6730342797131343,0.4200981535042997,0.7137458926152299,19.992424827842658,38.016691105582545,Low
SYN-0212,AREA-05,Hill Junction,Residential,REC-02548,1.2277648894818032,129.37183031586255,63190,15411,87.0,0.8812830928308818,15.058779601730956,0.42927140657062834,273.0,0,0,19,0.09711670643662558,0.506563800047145,0.8445613835033488,0.7811881004621903,46.9563702236902,38.85470681475428,Low
SYN-0212,AREA-06,South Ward,Peripheral,REC-02549,2.7710239322183146,211.18798212053537,48113,4476,143.0,0.500930805930902,17.84938072305158,0.4176806189187825,434.0,0,3,40,0.578032639151634,0.6474985674150373,0.7168507915463701,0.7800432503999292,61.40731478536125,51.84465942183859,Medium
SYN-0212,AREA-07,North Estate,Residential,REC-02550,1.5005223271494412,114.98092134455682,4653,7205,7.0,0.6957767658572143,3.791717072738674,0.0710766165170422,104.0,1,1,1,0.2161967861460228,0.870869462549685,0.7404767997832188,0.9503612975269806,28.3446039011709,23.163018731710377,Low
SYN-0212,AREA-08,Canal Quarter,Peripheral,REC-02551,0.958714617791348,105.125405242869,15170,10076,23.0,0.7278240850660636,22.344250916129944,0.26722322176281565,364.0,0,4,8,0.0,0.31240482517329227,0.13452244680805264,0.8582797818635712,63.2161119870978,32.74827779051167,Low
SYN-0212,AREA-09,West Park,Residential,REC-02552,1.1743135558083597,197.37999085357984,27724,16574,31.0,0.721590003061744,7.718695866392243,0.3747389156488868,350.0,2,0,7,0.26690733004184486,0.47333358726216035,0.3476069296308591,0.8699604540829682,38.645153323852824,34.37235734305807,Low
SYN-0212,AREA-10,Lake Colony,Peripheral,REC-02553,2.467648177855345,192.62592534833124,15708,4205,50.0,0.6316305782073242,15.955233013097686,0.445443082704595,158.0,0,2,11,0.5789799305429505,0.31343727662304843,0.7268499647840416,0.8604039478240748,59.38800102885819,51.41091894808806,Medium
SYN-0212,AREA-11,Industrial Ward,Central,REC-02554,2.127836939829149,216.35941124311802,10776,16740,17.0,0.7706884597237048,11.033506861976996,0.4754534074776117,102.0,3,2,4,0.3058472654136093,0.7596182633942632,0.19484870462178058,0.8037072589536887,52.006984628385005,38.041818454999124,Low
SYN-0212,AREA-12,Outer Settlement,Peripheral,REC-02555,2.035614975883372,167.0649292716034,63627,7825,135.0,0.5924456114045802,20.917021654093126,0.6133380527078336,,3,5,44,0.526800572676444,0.49285676188029925,0.3092063730217396,0.713696848546539,67.37285127196944,63.17285465635174,Medium
SYN-0213,AREA-01,Central Market,Central,REC-02556,3.127902921538906,276.1031014547147,56816,17706,180.0,0.4938914143811495,15.76007881428237,0.6248082510009083,367.0,1,5,82,0.3226042438712321,0.38591387640364727,0.758285748524206,0.665902724432332,63.378109227530125,68.20708394271131,Medium
SYN-0213,AREA-02,Riverside,Peripheral,REC-02557,3.792609856805095,308.31436020523506,29663,2135,100.0,0.6019127680211287,20.335695757008597,0.2924036370330912,329.0,3,5,13,0.4884864543876857,0.6008897184485227,0.5468195286107868,0.7478863470993055,72.47064864710654,65.28310038589089,Medium
SYN-0213,AREA-03,Old Town,Central,REC-02558,2.8190709807062206,225.9458208596627,15939,15043,49.0,0.44908238436272874,12.203733795848816,0.27728440921942177,354.0,3,3,18,0.4522380384407802,0.6911388048877294,0.5352696217122077,0.993033085179809,56.318888829825624,49.59949599753993,Medium
SYN-0213,AREA-04,East Gardens,Residential,REC-02559,3.1262286555901193,266.0623624630578,13863,698,33.0,0.3769744165940822,12.979307786853498,0.1414953686051542,232.0,3,0,6,0.47654644295369664,0.6456219431567631,0.3361300301535877,0.9356225910166283,61.36642553369073,57.47735310881225,Medium
SYN-0213,AREA-05,Hill Junction,Residential,REC-02560,4.109763470580136,346.76982280084167,59735,6989,204.0,0.41479239644341814,20.472567659551945,0.1696898604643373,193.0,1,7,38,0.6049045721029158,0.540143477460349,0.17414520023037844,0.7230558463254583,77.39977898571217,69.95051556708012,Medium
SYN-0213,AREA-06,South Ward,Peripheral,REC-02561,4.033342023801991,307.87059197514714,23216,11744,91.0,0.2843664374792124,12.126326886709078,0.38210703031753207,49.0,0,6,23,0.6882649968918519,0.885189460124191,0.7920355606006485,0.7490951524380659,59.49582196376868,62.239184734285644,Medium
SYN-0213,AREA-07,North Estate,Residential,REC-02562,2.5483920039060965,203.88717096040415,3287,15216,14.0,0.7749350140236723,14.931346814675472,0.19586612626240402,249.0,2,5,2,0.3613011457113735,0.6086098076554652,0.24527218960699404,0.8333309236172556,49.8698382430412,41.66988334366674,Medium
SYN-0213,AREA-08,Canal Quarter,Peripheral,REC-02563,2.649498718339878,235.8454084160524,27336,11599,74.0,0.5866041540260176,10.784811916674526,0.2606453272097568,338.0,2,4,24,0.39850616006698497,0.48454294163322564,0.5213246002003986,0.8823371771342888,44.049506654569285,53.942844254540994,Medium
SYN-0213,AREA-09,West Park,Residential,REC-02564,3.4208816029174667,314.95305361314604,30896,7453,87.0,0.5246196460293994,6.44136265058072,0.3409546735510837,117.0,1,4,24,0.6035579422616223,0.6265270532094553,0.5739548841768106,0.6746035896111551,40.30451697054512,63.20083012542656,Medium
SYN-0213,AREA-10,Lake Colony,Peripheral,REC-02565,4.714825780402347,308.4188125979821,41442,4200,186.0,0.2799649246820082,26.609656879954656,0.2521298326418565,159.0,2,6,44,0.705699870837161,0.95,0.4816069901137743,0.6728661252992345,102.75420965540565,81.88407457679357,High
SYN-0213,AREA-11,Industrial Ward,Central,REC-02566,1.8014677490915436,122.74477255793067,23667,7486,48.0,0.8056544049171429,8.588838626782216,0.38201374065968063,273.0,1,2,12,0.2875224454903138,0.48901704162880144,0.7508015850679083,0.8750280830762667,34.22933296982701,35.71156391341854,Low
SYN-0213,AREA-12,Outer Settlement,Peripheral,REC-02567,3.5565862323231423,317.2852528242321,60188,4348,186.0,0.6345047338965941,10.560646513126304,0.4986986498155823,151.0,3,5,46,0.5152996864907062,0.752334599983655,0.1040055783407568,0.8618501558140984,46.84977070762746,63.918037161001216,Medium
SYN-0214,AREA-01,Central Market,Central,REC-02568,1.9766919393311484,155.90967154980154,42721,1279,99.0,0.7536667353530914,11.780057072614381,0.2882362597455413,400.0,3,7,23,0.18477420654398782,0.34561548538004544,0.390042732589001,0.8421425234019353,30.1820296186847,52.10822957194373,Medium
SYN-0214,AREA-02,Riverside,Peripheral,REC-02569,2.5700618097692303,248.0582521533819,64161,15576,169.0,0.4384620907107684,19.192438984347795,0.344610254639932,255.0,0,7,45,0.5199878959223828,0.32084995717179543,0.6601699581560576,0.7615702476332483,73.04949088027243,65.269960032972,Medium
SYN-0214,AREA-03,Old Town,Central,REC-02570,2.7859838701382738,204.54357599700822,25438,19723,79.0,0.6337823901600269,20.463562383490924,0.09103801341090052,211.0,3,6,7,0.6692659779240873,0.7853718647056886,0.13858250526308924,0.8209704829409468,75.4557195226302,46.42264260340125,Medium
SYN-0214,AREA-04,East Gardens,Residential,REC-02571,2.741119929840154,207.78152372557085,43231,9209,114.0,0.3020016802299495,20.786544327266746,0.25300481226886157,149.0,0,5,18,0.5846019610488956,0.8218773823497432,0.8367496526137641,0.8822263713074718,75.25060305054416,47.966212505242595,Medium
SYN-0214,AREA-05,Hill Junction,Residential,REC-02572,2.6504898528623,247.1462826069321,25333,7094,53.0,0.6250137156288345,6.854788193234986,0.3391744708491557,412.0,2,0,16,0.4815542386337413,0.6787505518239462,0.403114533615038,0.730992638046104,44.128930915839646,43.88896792394858,Medium
SYN-0214,AREA-06,South Ward,Peripheral,REC-02573,3.083292252890763,266.0936289792952,46245,12278,121.0,0.5794969811280117,27.226599359142558,0.2567222118720333,333.0,0,3,30,0.43689862902014454,0.31559003359676435,0.5761216278955794,0.6610383455550907,78.17373636845886,57.26905762595871,Medium
SYN-0214,AREA-07,North Estate,Residential,REC-02574,2.649322151285204,181.84442710491973,49105,542,117.0,0.701356993084522,11.8094232980878,0.36318383012714994,275.0,0,6,29,0.4071234449789385,0.38295755432812484,0.10756885375734067,0.8223849916080269,37.28705986424647,53.48630038612082,Medium
SYN-0214,AREA-08,Canal Quarter,Peripheral,REC-02575,1.9075606967063448,185.55813890916164,22614,5957,42.0,0.6487682276985927,21.343510066590582,0.6243054063292963,159.0,2,1,16,0.44476933404047025,0.7452211652027901,0.5314746354752402,0.8960532814155534,64.5487243859834,49.95634794096589,Medium
SYN-0214,AREA-09,West Park,Residential,REC-02576,3.7014222946078883,264.2128333066181,61104,9352,205.0,0.5597095774233549,3.396726073641693,0.42746666179498144,88.0,1,2,72,0.3431253037251717,0.4837250121096248,0.2652116541768573,0.7188917301733229,30.988648077957194,64.02880210114071,Medium
SYN-0214,AREA-10,Lake Colony,Peripheral,REC-02577,3.679824338308771,295.92725748728515,56072,11929,203.0,0.497215378022098,27.567063582831388,0.8,370.0,3,5,81,0.5697128294575331,0.7459680402481046,0.36863239611603327,0.7769312467500092,85.82205254671233,78.19385512094647,High
SYN-0214,AREA-11,Industrial Ward,Central,REC-02578,3.7520660526078022,289.3837463876568,58406,6293,203.0,0.6457387615106901,13.72501666684596,0.23345125306122064,59.0,2,7,40,0.7134382524706124,0.9304477337147966,0.8503085682012707,0.7621070948518366,50.1070101534874,58.7241340926191,Medium
SYN-0214,AREA-12,Outer Settlement,Peripheral,REC-02579,1.8449390075784013,158.46005215508058,16112,8655,42.0,0.6754032469737588,30.059145951306302,0.42532252626095945,219.0,0,3,9,0.1708961887342598,0.18548449527934247,0.6743112674362112,0.9394092647170172,78.10918345079189,43.20421364330702,Medium
SYN-0215,AREA-01,Central Market,Central,REC-02580,3.384798293383237,245.17955658501933,47365,5102,146.0,0.4881948667848239,17.440961105639186,0.23664178275943523,275.0,1,6,32,0.6149396430066706,0.47233462780148394,0.6168357587367524,0.991790481908134,68.01768915902822,76.73722079288726,High
SYN-0215,AREA-02,Riverside,Peripheral,REC-02581,3.6864468559614547,233.17688462202176,9148,5848,,0.08627480129822318,19.799048713501758,0.22812611089468565,251.0,2,3,12,0.6596465218187918,0.5100524638160102,0.8909948249430275,0.8265573819545903,92.0148234397659,69.34967149214329,Medium
SYN-0215,AREA-03,Old Town,Central,REC-02582,2.320702116564248,175.6034687663505,9094,7030,12.0,0.7924825149219327,19.002821008372266,0.19715348580027775,323.0,0,5,5,0.21226379446254226,0.4535253911195722,0.24302064415020627,0.7890888065982749,59.55355578210911,42.074084382089175,Medium
SYN-0215,AREA-04,East Gardens,Residential,REC-02583,3.1530023698616194,269.47164221100775,63328,11296,189.0,0.6204039698518417,7.682536060396738,0.04,54.0,0,6,22,0.5359377681940887,0.43845504316543854,0.14871876609440965,0.8688471444352948,41.43934031445659,54.4135784278808,Medium
SYN-0215,AREA-05,Hill Junction,Residential,REC-02584,3.0526504550676234,255.80089187651657,12056,18301,37.0,0.5909480747924287,19.122537986394416,0.4462935290462853,133.0,0,7,13,0.4346816436844215,0.5142608758531089,0.7148505543762813,0.992282381958898,64.2198377478365,49.77547946466302,Medium
SYN-0215,AREA-06,South Ward,Peripheral,REC-02585,4.619384298170527,318.9723736198835,56508,1849,224.0,0.15072001883281771,12.432957105115353,0.3060952119655974,48.0,0,7,47,0.8198292241344451,0.8787187402496688,0.11845579585752848,0.9114902498675495,71.76466578315319,80.27657544940617,High
SYN-0215,AREA-07,North Estate,Residential,REC-02586,4.685260600925974,381.4433865599948,29425,4342,122.0,0.45988175627123024,8.06705666765295,0.3053419584036168,142.0,3,6,20,0.8612514091279473,0.8980078109614691,0.7233580567563912,0.6747032246871131,44.98665732231059,64.55818859284182,Medium
SYN-0215,AREA-08,Canal Quarter,Peripheral,REC-02587,1.8141786566517553,172.6841791709508,21477,2970,41.0,0.5951466169693784,28.233112866112766,0.2539364337419159,126.0,2,3,7,0.35023578149473733,0.5975402987252768,0.5048888286305643,0.7971207524618605,86.86739739158453,45.203489854866426,Medium
SYN-0215,AREA-09,West Park,Residential,REC-02588,5.140805375898307,396.607745321325,7093,3816,38.0,0.27615659404871884,1.5033419740542024,0.299019517101333,392.0,1,0,7,0.8655119748922228,0.76771689704325,0.28153572687298745,0.7187929747633715,35.55356308337514,71.27269725714956,High
SYN-0215,AREA-10,Lake Colony,Peripheral,REC-02589,2.413483194393257,169.7462022096585,44698,9145,122.0,0.5353937220847548,28.240344110759878,0.3893787471621945,182.0,1,0,35,0.43691175175625147,0.6566746737034436,0.6122662055247468,0.7045706121953541,76.34161662133289,56.26227177210141,Medium
SYN-0215,AREA-11,Industrial Ward,Central,REC-02590,3.9302024067778567,353.67823441895473,47583,18988,153.0,0.5037538692309598,1.841832913454054,0.33942795925178554,271.0,2,7,38,0.5139059237930556,0.95,0.4952951663996653,0.8884474454914142,36.60157397032512,56.95356726043887,Medium
SYN-0215,AREA-12,Outer Settlement,Peripheral,REC-02591,3.9220621560069007,313.494474459972,31688,6503,99.0,0.19307545683541844,23.836809570559836,0.24335745900157996,112.0,2,7,15,0.6499868119375632,0.9138383270960331,0.2514822665741475,0.9091811189544213,84.58438866679919,67.06930266816217,Medium
SYN-0216,AREA-01,Central Market,Central,REC-02592,0.5922047205271899,128.8220389856481,53121,14317,53.0,0.984597562555075,14.400523027415886,0.08419654877513352,357.0,1,2,4,0.0031227971478910155,0.6493474396424854,0.7447237535365367,0.8200770647103497,35.63932106825159,21.696161204826872,Low
SYN-0216,AREA-02,Riverside,Peripheral,REC-02593,1.7833711370719145,141.287526311199,22695,16234,52.0,0.5438214379929687,11.208238561592028,0.5225826053128114,245.0,1,0,15,0.42101317326376503,0.8999641057736574,0.33138584580193103,0.8076569114143318,45.474242617216625,39.10497381887834,Low
SYN-0216,AREA-03,Old Town,Central,REC-02594,1.3027299065877842,74.10870528846053,36979,4207,57.0,0.7353213682498115,18.602526744624356,0.1084642139242248,405.0,1,4,11,0.29911022981573687,0.7053759400846656,0.29601183886513405,0.7770242539111142,60.77465451939275,34.891515370162594,Low
SYN-0216,AREA-04,East Gardens,Residential,REC-02595,1.832220905706548,135.08435156774033,20423,4333,51.0,0.8497178789080131,2.804311684981699,0.3074674653877189,286.0,0,3,9,0.38701831296547573,0.6393951565054085,0.6565297637173726,0.9819615538413342,17.632639413262424,35.417420646484054,Low
SYN-0216,AREA-05,Hill Junction,Residential,REC-02596,1.573294743905136,177.85898682626265,38889,14270,74.0,0.6603353205218125,18.878803553020276,0.44613405897755987,364.0,0,3,20,0.46783477734253376,0.28944267065281676,0.43566344884266484,0.7481217472661639,68.29468207688431,50.09625812205137,Medium
SYN-0216,AREA-06,South Ward,Peripheral,REC-02597,2.345828490296833,162.95181971155097,11001,3113,23.0,0.6575970994796992,30.645709161871096,0.6082915747876141,369.0,2,2,12,0.35137411927343026,0.30941637495394414,0.3749203007949069,0.7250571700990187,88.82807034721573,55.86544408943105,Medium
SYN-0216,AREA-07,North Estate,Residential,REC-02598,1.4490765365174851,183.332736675114,32260,16530,59.0,0.8092932918526207,15.114542103728347,0.30109097258836454,72.0,3,0,24,0.17563187382094553,0.38244506130825273,0.548044181679132,0.9806672354773462,49.17919444813621,33.78555432749331,Low
SYN-0216,AREA-08,Canal Quarter,Peripheral,REC-02599,1.2544576464595862,104.20391393114133,36832,1800,61.0,0.5065827196312492,29.535639448065652,0.2822510865557889,250.0,2,2,17,0.16664394845903788,0.6020364762542888,0.627602888080385,0.846009235198975,96.80487385627126,40.579293444155844,Medium
SYN-0216,AREA-09,West Park,Residential,REC-02600,2.2656082884463795,203.30354852087396,37283,11939,86.0,0.8465519418150869,14.131730255566655,0.47793698059476647,188.0,3,3,36,0.18533301246714545,0.6614734321560614,0.1995178720259787,0.6957261793100373,39.729859666776505,49.124050694981186,Medium
SYN-0216,AREA-10,Lake Colony,Peripheral,REC-02601,1.853073673887518,171.8926676282279,30412,16423,64.0,0.6578001329273667,30.601959833850845,0.326032857715127,190.0,3,5,14,0.12601563781306543,0.3997093948593946,0.816247964713828,0.9294450691523195,85.54239862744916,51.10851745714915,Medium
SYN-0216,AREA-11,Industrial Ward,Central,REC-02602,1.9742076174573455,163.42178711462046,42723,18860,90.0,0.770906037462756,17.7336776336006,0.04,202.0,2,1,12,0.403566963985731,0.3078200415805147,0.39789369952639764,0.8662059412518384,43.184248960225425,47.296160327071384,Medium
SYN-0216,AREA-12,Outer Settlement,Peripheral,REC-02603,0.8570875641937579,90.99036803907856,34511,17273,46.0,0.8808768182830451,24.264835778542263,0.45463828637176656,418.0,2,6,12,0.0,0.24659519044091974,0.25629271497232564,0.9311091229020764,60.65562684464163,33.870142711308766,Low
SYN-0217,AREA-01,Central Market,Central,REC-02604,0.5314382674307165,49.379384000155596,20202,13033,14.0,1.0,21.767077511175987,0.3437499983525159,439.0,1,6,8,0.0,0.5884248358175674,0.2035399210630037,0.8605983702528944,46.948893327734815,21.7546594014892,Low
SYN-0217,AREA-02,Riverside,Peripheral,REC-02605,0.9134707779473346,162.54399440466472,15959,18072,22.0,0.7762373186333085,20.16099593039804,0.6382782461136006,218.0,0,5,8,0.14003874440529387,0.2802417995209404,0.8193080120662538,0.9522759085592117,63.82227991465807,37.93913735024487,Low
SYN-0217,AREA-03,Old Town,Central,REC-02606,0.870991384005025,116.52189987583519,42982,10503,60.0,0.9521356849388247,11.15696635531981,0.12022040610640303,447.0,1,3,7,0.09569791833898415,0.4230355758149473,0.15086126702566693,0.9075620912209585,40.531445694445,22.1931826142686,Low
SYN-0217,AREA-04,East Gardens,Residential,REC-02607,1.9966079074718275,125.41523970068948,61163,17795,128.0,0.7650172046280354,18.88443100564394,,155.0,3,3,29,0.439046267514166,0.33841205524140394,0.6669337913721425,0.8887876976880177,55.81111688282199,45.80656885084146,Medium
SYN-0217,AREA-05,Hill Junction,Residential,REC-02608,2.1484357327847374,143.30837109189497,49574,19789,101.0,0.6580748726059351,15.16008037205045,0.5870201836253826,341.0,2,7,34,0.36532797873096895,0.478628354669864,0.11632803176600276,0.9497785577564288,65.42499660392004,53.441000983341596,Medium
SYN-0217,AREA-06,South Ward,Peripheral,REC-02609,1.2435442609235756,141.11590071506646,42411,17541,72.0,0.515891447123282,13.028450097787283,0.20296736783468738,71.0,2,6,16,0.11144113531993201,0.30477808785921534,0.8030192341818122,0.747672735134444,51.19790571157525,27.082546717629832,Low
SYN-0217,AREA-07,North Estate,Residential,REC-02610,2.5123837076089774,207.32666221292874,60095,13724,140.0,0.6740569280272481,7.467435397268841,0.20054972072627797,104.0,2,4,19,0.5353265791039991,0.6799748681999349,0.8283242840322113,0.6774968958630518,32.035063921467525,45.999753881061615,Medium
SYN-0217,AREA-08,Canal Quarter,Peripheral,REC-02611,2.4624240075615997,149.92670979729905,58725,19509,,0.7007331786187228,22.27881195917989,0.4805957894647061,115.0,0,5,44,0.49785896744092045,0.5704351835979637,0.3138303709397178,0.6652154843348426,63.82575987334984,57.77920550660683,Medium
SYN-0217,AREA-09,West Park,Residential,REC-02612,1.5623676256699273,222.05819670481696,34154,19988,65.0,0.851268488009129,1.3361580263534294,0.45722296514904187,,0,7,26,0.09107659176945332,0.30293064273876513,0.1497113030217687,0.7163506077898443,20.532093725227703,54.90854541104282,Medium
SYN-0217,AREA-10,Lake Colony,Peripheral,REC-02613,0.7101350753150637,6.830808551951591,9329,8265,13.0,0.6524903065387181,20.718293481430578,0.39997703850270233,323.0,3,3,3,0.14862784324504788,0.5655134052773056,0.13136748395728742,0.8116239404475512,70.06854939427781,24.969139008400905,Low
SYN-0217,AREA-11,Industrial Ward,Central,REC-02614,2.627949812097928,201.25092715250872,42142,6332,103.0,0.7637896069836787,5.912687835652528,0.29970307494647747,53.0,3,2,29,0.3521824205994369,0.28923998352249397,0.8664446957947873,0.6526389558530116,35.239288619272656,56.49328344743245,Medium
SYN-0217,AREA-12,Outer Settlement,Peripheral,REC-02615,1.3188346117267693,130.59435720771648,41428,13333,75.0,0.6582267721354914,14.972735270277493,0.3996401537736498,121.0,3,2,15,0.13083323348510806,0.6485375379568632,0.6130737855192621,0.8837271051966991,51.92119036792597,38.05223686465861,Low
SYN-0218,AREA-01,Central Market,Central,REC-02616,3.7915879295535864,270.29550890363595,19834,9927,75.0,0.2181345851630973,19.802106826037743,,402.0,0,6,28,0.8562730809497656,0.6667789150205639,0.8620360408380343,0.9833863200973867,86.49467090748045,75.79905863740412,High
SYN-0218,AREA-02,Riverside,Peripheral,REC-02617,3.418971751923552,292.1314915746739,55591,1317,197.0,0.5234924125526053,15.925914870950658,0.41715363007779904,189.0,3,3,51,0.5847411919348066,0.6422831524646381,0.4842992387604178,0.7971324452129203,58.31645761644008,63.125514595812106,Medium
SYN-0218,AREA-03,Old Town,Central,REC-02618,2.978823511371049,253.30769543223695,56871,6496,161.0,0.4695190335168796,19.86306847152642,0.4644714614178635,334.0,1,2,50,0.4703659666068345,0.6445176208963255,0.7417031348598422,0.8411433042627465,85.4906134468915,57.64389907593139,Medium
SYN-0218,AREA-04,East Gardens,Residential,REC-02619,2.5157442281565734,212.07748284087853,23182,17391,61.0,0.8614832128322288,12.208133931034244,0.27653901219696075,51.0,1,6,12,0.4294848517282367,0.37907902887585254,0.8588729631969849,0.9851546398573644,45.32789621610486,54.18902467681032,Medium
SYN-0218,AREA-05,Hill Junction,Residential,REC-02620,4.196950431254637,314.94683349766643,32303,17946,123.0,0.550159747696041,20.485184317527857,0.3274833519324436,217.0,1,6,30,0.8044005700819546,0.6153925199669319,0.300897917951523,0.6922233623615048,58.889192924805045,65.31613265203627,Medium
SYN-0218,AREA-06,South Ward,Peripheral,REC-02621,3.06393492929151,259.5716384872875,14696,3330,47.0,0.42371319705960936,25.313713686444913,0.21355167564157496,195.0,3,5,9,0.42646328443417175,0.4531455688149563,0.17174828726778302,0.7890315394409244,81.24338613685066,61.871778119907304,Medium
SYN-0218,AREA-07,North Estate,Residential,REC-02622,5.8,415.01308185354674,13646,14028,,0.2431231814905355,9.694455471293452,0.29069784464965615,364.0,2,6,12,0.9029646703337465,0.5827659215394042,0.32461097927286897,0.9954761614733598,55.88408414878084,81.72715427480884,High
SYN-0218,AREA-08,Canal Quarter,Peripheral,REC-02623,2.8217969063188235,182.3776031542733,19063,13797,50.0,0.7758186609939772,10.73891844833892,0.6086628037717837,305.0,2,6,17,0.5491000593640298,0.32363796462947814,0.5384028111612789,0.6991237366870445,51.041771085405216,53.4226878252277,Medium
SYN-0218,AREA-09,West Park,Residential,REC-02624,2.6847497924237107,247.8348631349831,25361,15785,,0.7441358736011185,19.724541451728506,0.16312548827228657,69.0,0,5,13,0.26549158387844085,0.34725450274985503,0.6563599987191892,0.958374465295067,55.02191867874781,45.638991305839596,Medium
SYN-0218,AREA-10,Lake Colony,Peripheral,REC-02625,4.09876674489956,363.22399510280036,19558,6864,71.0,0.3347566586882122,24.854139287316244,0.7001192605990499,129.0,1,7,37,0.8020204117257083,0.5885182091043857,0.8805392071902681,0.7925103578794929,75.06072589187166,86.77938685069579,Critical
SYN-0218,AREA-11,Industrial Ward,Central,REC-02626,4.914106555582643,366.2542016058219,11977,15418,62.0,0.6587235615231822,3.8299626026157965,0.33749507750198804,267.0,0,3,12,0.6263961910849467,0.784650684048787,0.7277848564999253,0.8309482925725893,36.39837870781108,63.50904572976277,Medium
SYN-0218,AREA-12,Outer Settlement,Peripheral,REC-02627,3.742327497963384,290.70863102403894,30449,11962,135.0,0.37018387159990485,29.638205270298347,0.3170479351293618,41.0,0,7,42,0.5942292326315148,0.5979005117425682,0.16998947142557352,0.9385166434484209,80.09811074288285,67.74463182763445,Medium
SYN-0219,AREA-01,Central Market,Central,REC-02628,2.6167949163038977,213.3321818436893,41472,3826,120.0,0.7034664899829146,11.260987330881756,0.3527800522906352,86.0,2,2,24,0.24427254127056894,0.7601271256899713,0.8364560378348802,0.9947486121877693,42.63904997474153,54.84944660140576,Medium
SYN-0219,AREA-02,Riverside,Peripheral,REC-02629,0.6841630461871104,49.246147198092196,22872,15966,20.0,0.6718715908466933,10.620475348231336,0.42669946624009913,381.0,1,7,3,0.0,0.5177962307407461,0.7759621259834403,0.659335069831784,48.43692923193503,31.603697815098197,Low
SYN-0219,AREA-03,Old Town,Central,REC-02630,1.6169917436006647,133.12055417621562,35846,19381,75.0,0.5726548920245202,7.213395602243578,0.07608312702725172,48.0,3,5,14,0.42521864696603845,0.6067897693601125,0.27214226393391777,0.7717732111533356,39.633226467952014,48.74165560677079,Medium
SYN-0219,AREA-04,East Gardens,Residential,REC-02631,1.3001083968440246,152.72411057353247,19454,10422,39.0,0.783448549408034,19.05587359308484,0.09063274674617017,335.0,0,6,9,0.34201967766750396,0.24928152073324283,0.8138567866266907,0.7521844550709667,63.94864699926391,39.89587384966878,Low
SYN-0219,AREA-05,Hill Junction,Residential,REC-02632,0.6429643001957732,93.76262396775016,46491,2735,50.0,0.914593968096814,9.801407396044548,0.164634709777495,265.0,3,7,10,0.24531939267266806,0.6605923764290077,0.28173920629399374,0.8111272407800569,35.04647900088733,23.346456302777565,Low
SYN-0219,AREA-06,South Ward,Peripheral,REC-02633,2.2525851673731876,242.27344212451942,43032,19035,96.0,0.6041497066969368,26.9634497938872,0.1876671669644928,447.0,1,7,22,0.20155226720425595,0.6272626933745249,0.5195904450910807,0.7044637900489751,75.26055939806707,53.95629644866368,Medium
SYN-0219,AREA-07,North Estate,Residential,REC-02634,0.3647388828657312,90.49896946639683,62503,3498,54.0,0.7785640307858879,9.458192789929459,0.2446265456909894,281.0,2,7,11,0.0,0.15566636950962545,0.7152219166368757,0.7614695347646877,38.92687176874424,20.81054487760764,Low
SYN-0219,AREA-08,Canal Quarter,Peripheral,REC-02635,1.101244207284119,103.76173282781092,5814,6530,6.0,0.8051067296343769,12.81294632141396,0.3471476901452255,95.0,3,3,0,0.22432540947375568,0.33745570855347673,0.17662284060321085,0.8662903579924053,52.213744625286424,33.21950421792909,Low
SYN-0219,AREA-09,West Park,Residential,REC-02636,1.7292459449433437,177.0446000692881,55821,6086,,0.6582593048226906,5.087026980507565,0.16923847357004873,292.0,0,3,22,0.37404575631207904,0.6740765835447764,0.6658954234261814,0.930947370118302,35.13808639800153,38.45468988439944,Low
SYN-0219,AREA-10,Lake Colony,Peripheral,REC-02637,1.493972311393217,135.64196140241435,23772,11426,52.0,0.7438919995322794,28.505333796889882,0.39262549987052436,317.0,1,1,9,0.1530537430203679,0.1953759542157409,0.5142080954115803,0.9863740245528559,79.95965319761643,45.0069453208067,Medium
SYN-0219,AREA-11,Industrial Ward,Central,REC-02638,2.4761277819197325,156.0290037513336,6627,5374,14.0,0.7655332884724755,4.805995241850006,0.46696305397021465,160.0,1,3,8,0.3432173977480181,0.6366062390182059,0.5076958766528042,0.7409026248936426,31.38760131891491,52.72930699168155,Medium
SYN-0219,AREA-12,Outer Settlement,Peripheral,REC-02639,2.403465133676062,232.0885565179141,45609,17230,114.0,0.4960537904790358,29.64434828409455,0.49384370501847624,145.0,3,6,27,0.2648158047523075,0.5347527726279122,0.5950039923775522,0.9910887290276427,85.90867612701322,49.10118285943358,Medium
SYN-0220,AREA-01,Central Market,Central,REC-02640,2.594780715995281,228.39216409460337,13232,6853,29.0,0.5210724278885487,7.059369751769596,0.33728220537687015,205.0,3,4,9,0.6314528875356651,0.6483006087234078,0.16056063267646553,0.7559833354378872,35.04047991474751,53.70214463278768,Medium
SYN-0220,AREA-02,Riverside,Peripheral,REC-02641,2.481648705417058,294.060924558406,13490,11254,25.0,0.7178070993276473,30.4043749271655,0.742608600978349,245.0,0,1,18,0.3566134216830877,0.6189686239470447,0.20182295682195772,0.9744327950146845,84.10128376823491,58.632005485782955,Medium
SYN-0220,AREA-03,Old Town,Central,REC-02642,2.7923919507360204,209.93786149473559,63728,3530,183.0,0.7138145782128607,3.033513192399954,0.468172960931773,144.0,3,2,53,0.4691537348895352,0.3009140614408443,0.24127818554048677,0.9117314604262801,34.85567755976092,66.18944345569406,Medium
SYN-0220,AREA-04,East Gardens,Residential,REC-02643,1.8782069992396724,188.63517361797017,16307,10921,35.0,0.7552881801681347,12.516263477016333,0.4304535688281032,346.0,1,4,8,0.323071852139994,0.7469358513923403,0.2213043609672375,0.7942184216734439,47.87911920047516,34.725366221678286,Low
SYN-0220,AREA-05,Hill Junction,Residential,REC-02644,2.1225152399002516,160.29011159340462,36697,5023,75.0,0.8790591980555471,1.7472337177254809,0.25743807229567045,389.0,2,2,25,0.4864269944002324,0.5397377103264429,0.45936802193398574,0.9907840492804285,11.685897755484731,44.007154383382556,Medium
SYN-0220,AREA-06,South Ward,Peripheral,REC-02645,2.288952680782269,167.3095175384562,15041,8035,41.0,0.569538031567544,15.388432201793364,0.7922334738574713,109.0,2,7,16,0.26719612570782236,0.6559814334941444,0.5801416787199817,0.6602344588394433,60.19452136325127,47.50899513217412,Medium
SYN-0220,AREA-07,North Estate,Residential,REC-02646,1.9930670771597363,244.0408369492968,10249,10293,17.0,0.6465097439742787,18.96247560815122,0.24411699715745536,343.0,2,6,5,0.4723691463004278,0.25209846829892496,0.20705898203331047,0.9246083649089938,66.86389927944386,44.96564494391154,Medium
SYN-0220,AREA-08,Canal Quarter,Peripheral,REC-02647,1.5619862713132566,84.19605606420785,2557,15665,2.0,0.5411176742914129,13.927137368604473,0.3921835805372247,230.0,3,6,1,0.10688455934427318,0.38151768862667096,0.6959250525305668,0.8857476519019256,62.26035519744966,27.829487711868502,Low
SYN-0220,AREA-09,West Park,Residential,REC-02648,1.6137876917750995,148.2489053558135,3503,16574,3.0,0.7611338269090488,19.72204030101329,0.04,95.0,0,6,3,0.4088510462291768,0.27004629661030005,0.7789033478417261,0.6816570289216863,62.18418256728209,29.364269807317207,Low
SYN-0220,AREA-10,Lake Colony,Peripheral,REC-02649,1.2256950005829432,176.31280481232835,32110,7504,49.0,0.8010091572761792,22.38595076473956,0.45673674086855026,,0,2,12,0.0,0.7488742681178253,0.17731217667632634,0.7496486953519471,64.11034233404173,38.337696924614434,Low
SYN-0220,AREA-11,Industrial Ward,Central,REC-02650,2.2170351831747794,142.1467270746587,29625,7268,59.0,0.8563861801684691,16.258180109200804,0.13725097738744998,417.0,2,1,8,0.3569591856382907,0.7380276589220449,0.23462946458338144,0.8069428223635202,45.16742491269717,36.29962601123655,Low
SYN-0220,AREA-12,Outer Settlement,Peripheral,REC-02651,1.8045295799787913,146.34721273432885,4934,5337,11.0,0.6301870847271062,17.54768770257713,0.6851331033287738,103.0,3,1,7,0.4958073966008124,0.32859650367724286,0.39545396388223464,0.7347770592270361,59.06296280101312,44.58036556909988,Medium
SYN-0221,AREA-01,Central Market,Central,REC-02652,1.8914688905565191,194.48763205913238,24349,17956,57.0,0.8807693466743687,21.682880597465584,0.25892744516991695,59.0,0,1,12,0.3989155480822318,0.5786362136074487,0.625634827371981,0.9767435499631445,63.224993593176826,36.131729647128466,Low
SYN-0221,AREA-02,Riverside,Peripheral,REC-02653,1.8922120356062568,131.20889058250646,19558,3008,47.0,0.5893779832348803,27.358099593327104,0.22101719724175842,336.0,3,4,10,0.36591774723799264,0.24257773196565496,0.16834542028889005,0.7040722230467994,77.01511041776796,46.21514271026078,Medium
SYN-0221,AREA-03,Old Town,Central,REC-02654,1.4536889088397,148.6566115804912,38207,2311,71.0,0.7026917905237395,20.146602084071805,0.21373812144988966,263.0,0,1,14,0.116471667811716,0.30691451624758076,0.37784057595773635,0.8457068930540044,57.87049620850488,38.70961321824242,Low
SYN-0221,AREA-04,East Gardens,Residential,REC-02655,3.205080964055691,228.89483074519785,64675,8835,206.0,0.3945310769761566,4.06250160193405,0.5909308987147817,145.0,0,6,81,0.44600401137574563,0.7821425598097825,0.8926716236018643,0.8415981432053666,46.020120160474306,66.88079646976546,Medium
SYN-0221,AREA-05,Hill Junction,Residential,REC-02656,2.484902026691361,245.95186902341635,45727,8179,118.0,0.5913649207821854,6.602958759551105,0.3887186135814445,347.0,3,6,26,0.5754778363056325,0.2540559455195311,0.5161681741068116,0.8369728496039439,41.538822715512254,54.49173085377067,Medium
SYN-0221,AREA-06,South Ward,Peripheral,REC-02657,1.731767875407315,195.9278570424257,59899,6075,94.0,0.4853136061490173,27.66086420850326,0.8,257.0,0,6,47,0.34530871818539016,0.4337433381146216,0.2386220856601444,0.6983892346646217,93.3237056772129,61.977173438655264,Medium
SYN-0221,AREA-07,North Estate,Residential,REC-02658,3.0688460907475457,229.35810550543866,14514,9083,28.0,0.8115029430381676,15.059799676508145,0.7753049085055894,137.0,3,2,15,0.6183042580979919,0.5569493688208339,0.5892869262595263,0.8218544332361376,52.30254714414779,55.039944824775326,Medium
SYN-0221,AREA-08,Canal Quarter,Peripheral,REC-02659,1.9736488432304327,86.41044596073539,15942,19797,33.0,0.6564047331048609,18.081785949577096,0.321353447045367,323.0,0,6,9,0.33779673136942767,0.7369937697059905,0.3851634254721561,0.9722398643792813,57.23906951580827,40.28405239701166,Medium
SYN-0221,AREA-09,West Park,Residential,REC-02660,1.296807389456145,144.04095585225838,49425,5728,60.0,0.8069731835764223,10.751735951402248,0.37189418771537475,387.0,0,1,22,0.18232678682773923,0.30319369216679337,0.8117572204491064,0.7231787347027605,47.05876588334422,41.26805348717651,Medium
SYN-0221,AREA-10,Lake Colony,Peripheral,REC-02661,3.2389857224412375,285.4940213011252,21875,12415,66.0,0.6331822103396956,19.209285136204876,0.20496549585195825,221.0,0,0,15,0.6318303493972581,0.95,0.8604633856280575,0.676011063326671,64.71522779263705,53.78110197617871,Medium
SYN-0221,AREA-11,Industrial Ward,Central,REC-02662,1.9923302994130405,189.5055803558036,55548,14704,119.0,0.5648016738055937,12.714879518843809,0.04,363.0,3,5,18,0.3631774140368898,0.46024274935418175,0.28821841639301643,0.9821515192476542,56.467863595824454,42.325169965871325,Medium
SYN-0221,AREA-12,Outer Settlement,Peripheral,REC-02663,2.0948886188988993,192.35995855711894,31481,19853,68.0,0.5702584530466648,20.26968540506892,0.44036529058396157,94.0,0,5,22,0.3287529030192513,0.29872994893485183,0.8350956676944299,0.9728459564175609,66.07512406630282,55.18025108999951,Medium
SYN-0222,AREA-01,Central Market,Central,REC-02664,2.958621591166095,244.5127151675206,15051,17114,54.0,0.8257538322889699,10.549164025118447,0.19612207718087818,65.0,2,6,12,0.3234227517427144,0.2513550172193016,0.7206400723551796,0.8450360344723937,40.7426009676898,53.26799943366514,Medium
SYN-0222,AREA-02,Riverside,Peripheral,REC-02665,3.8397489531188453,283.58448950973855,55275,14058,189.0,0.32515028575640154,16.881400965711393,0.2263972488545944,45.0,2,5,38,0.75442715453149,0.7490953620016911,0.22449697880152275,0.9603794452151613,68.2708676514237,73.89060208203048,High
SYN-0222,AREA-03,Old Town,Central,REC-02666,2.9417074075798024,212.4871673055893,36903,16672,112.0,0.8817786163473709,10.426170869067931,0.1570588849762825,178.0,2,3,13,0.5430877253266931,0.5248874886342173,0.7609557842073886,0.9909784842481937,25.081868431112348,51.75950851505522,Medium
SYN-0222,AREA-04,East Gardens,Residential,REC-02667,1.9663838739705688,173.08484491079693,52665,17028,107.0,0.818978838377105,4.726915147171072,0.1629289721641564,196.0,1,3,24,0.2549791997640191,0.23214159045670088,0.24222262748406367,0.7107124718122215,35.910134521134985,37.321567278279076,Low
SYN-0222,AREA-05,Hill Junction,Residential,REC-02668,3.3607791781764975,255.32217438996386,30765,15868,93.0,0.6862020240911582,5.008198565457436,0.2858759029728508,401.0,3,5,26,0.7016401911247824,0.6770260705295266,0.10776101377780929,0.7263809676332502,28.372081484756343,66.89376168780295,Medium
SYN-0222,AREA-06,South Ward,Peripheral,REC-02669,2.537685795477374,229.3683160904614,10390,2684,39.0,0.684911367447752,24.45405466402046,0.4381813509867019,446.0,2,7,10,0.4522051324675572,0.4362922838010761,0.7223371727572179,0.8369782411237483,68.85437671519273,50.42093810576375,Medium
SYN-0222,AREA-07,North Estate,Residential,REC-02670,4.436016752110326,306.4544335984805,45064,7019,195.0,0.3791499499343187,21.255989110846947,0.2737531127317193,300.0,2,3,36,0.7709439860431303,0.7806685230937711,0.3769100030630391,0.8964495520400872,74.36831882575446,77.06493658245712,High
SYN-0222,AREA-08,Canal Quarter,Peripheral,REC-02671,2.924781797288441,220.79127358680978,10278,13983,37.0,0.41194514862814896,14.460203033712112,0.5416916646724758,438.0,2,3,11,0.5935311020307871,0.40443745278926235,0.837318735396443,0.9340238449063454,71.686083586499,54.96045742528664,Medium
SYN-0222,AREA-09,West Park,Residential,REC-02672,1.13764917656782,119.88860436139906,43955,17749,64.0,0.8268762768948557,20.1717594832747,0.47478988735680916,438.0,1,1,17,0.26985299053127254,0.4026349438192224,0.4543103564373804,0.8223347537243657,59.850439087833124,40.23917486042114,Medium
SYN-0222,AREA-10,Lake Colony,Peripheral,REC-02673,3.2115695526112926,229.29528076415525,28545,2810,94.0,0.3119483622367838,23.13699226621421,0.34972084923094826,,1,0,32,0.5705025295975834,0.5873961758648414,0.5883539026500678,0.6581724231872751,87.13098506786265,69.81405751410139,Medium
SYN-0222,AREA-11,Industrial Ward,Central,REC-02674,4.481355808694936,292.77692617047103,51970,19827,220.0,0.3646946407951337,21.009296478066297,0.14207448884401677,149.0,3,5,45,0.7242624283570896,0.6780662069290839,0.6966607841992559,0.6751886511678555,82.43344305681076,79.62322202862322,High
SYN-0222,AREA-12,Outer Settlement,Peripheral,REC-02675,4.186413805723065,334.6132328770602,56880,3355,224.0,0.2933733412893756,18.300321435833617,0.25468144372945023,210.0,3,0,44,0.9357753327953211,0.7307113192875678,0.7755217778034253,0.9429620401738023,78.81748950123458,75.65138946036444,High
SYN-0223,AREA-01,Central Market,Central,REC-02676,5.236514643870995,344.3307606067361,27960,4329,124.0,0.46959614929636506,15.496545232374995,0.10374943782810739,46.0,0,0,21,0.7846963421414842,0.7481315602966324,0.2419438436913021,0.8470350787171452,63.48797060973091,82.66524899570584,High
SYN-0223,AREA-02,Riverside,Peripheral,REC-02677,2.9559430645605724,240.8578928631241,57630,2008,174.0,0.5373610562488171,21.421007773357967,0.1957715743082672,,2,3,29,0.5821737981060516,0.5940467302027166,0.2632928161153114,0.668758461637963,72.46264447632329,54.648166938868115,Medium
SYN-0223,AREA-03,Old Town,Central,REC-02678,4.501473129647167,351.6791570027935,9431,13134,30.0,0.6533078687838213,21.527377091859496,0.11008640870675132,399.0,2,5,5,0.7401824216431818,0.5668762277310826,0.810269595081773,0.8932690211504424,74.5869561087982,54.593038203481136,Medium
SYN-0223,AREA-04,East Gardens,Residential,REC-02679,3.194155581076374,293.3430714146834,9210,12663,25.0,0.2936729269320338,2.2704004890060414,0.08888554478317064,381.0,1,4,5,0.5869248988083096,0.38275187975287894,0.3335732659538808,0.8706363887408357,36.908436907532526,42.535758851255025,Medium
SYN-0223,AREA-05,Hill Junction,Residential,REC-02680,3.9511827323992827,369.08112257998243,64596,17551,255.0,0.30078917346050726,2.2337300877489574,0.44907190673112524,142.0,0,7,75,0.8065412536043132,0.41801287162027995,0.609800863124365,0.7989745602055343,38.18868268734829,85.15154095936516,Critical
SYN-0223,AREA-06,South Ward,Peripheral,REC-02681,2.7533892698739573,261.5623618117036,38393,13185,105.0,0.4518840628978019,28.14699237246463,0.36918984393620896,277.0,0,7,37,0.4215088004094045,0.7539422798641227,0.1567137030619919,0.950614105703063,91.63522224313118,54.98786902268765,Medium
SYN-0223,AREA-07,North Estate,Residential,REC-02682,3.25618660095957,233.49410092888363,30669,2160,93.0,0.7232332115473648,2.123423725451167,0.26404830072682994,403.0,0,2,22,0.6149181278826347,0.4129944202333713,0.6342113292475439,0.7525237789733369,27.139838658600258,56.74273052423995,Medium
SYN-0223,AREA-08,Canal Quarter,Peripheral,REC-02683,3.230753854974851,244.10450242503723,12229,6161,36.0,0.4145451962695191,29.05475250797208,0.24858161352442926,336.0,2,3,4,0.5703258494903145,0.38713053591600155,0.2489696362810827,0.9148629761768332,89.96375184978326,63.30441976559908,Medium
SYN-0223,AREA-09,West Park,Residential,REC-02684,4.490595436979836,343.9718192281326,20562,7185,75.0,0.1951774185446727,2.974391751685462,0.09648506153157645,63.0,1,2,10,0.6714763935165746,0.95,0.7382515526393505,0.7655535975428355,60.19688285724371,66.15078827343008,Medium
SYN-0223,AREA-10,Lake Colony,Peripheral,REC-02685,4.412326510201468,327.96051451885864,45383,17960,149.0,0.23285935623391893,12.361022363358716,0.1704571067815758,49.0,2,4,30,0.8863596315465496,0.7350857628708513,0.6935792412299262,0.8450248132631868,59.639893324914496,68.89951413349962,Medium
SYN-0223,AREA-11,Industrial Ward,Central,REC-02686,3.9932069963304,307.1745780228738,53857,14491,202.0,0.29723922958315424,7.946023517967955,0.19138780017905707,413.0,3,4,42,0.7508770348692669,0.95,0.5704139511607734,0.9985761173833141,54.4013409432646,77.35681244605377,High
SYN-0223,AREA-12,Outer Settlement,Peripheral,REC-02687,2.6914140784214347,255.32516466980968,59777,18506,155.0,0.3359669368430226,25.2622530243993,0.42759659568278996,400.0,2,6,38,0.3964230212888389,0.5221724759175986,0.22040211000060517,0.8645046244769075,88.64355887723642,62.17543827546191,Medium
SYN-0224,AREA-01,Central Market,Central,REC-02688,1.5885180485293628,150.0997282475971,27983,16534,40.0,1.0,13.116409824368969,0.4299556363907732,349.0,1,2,8,0.39718426135679674,0.18968075546552268,0.312170604207619,0.8469477973959129,34.34530148446199,41.64969198375892,Medium
SYN-0224,AREA-02,Riverside,Peripheral,REC-02689,1.240936409334958,151.03864749431227,30923,16194,50.0,0.6640758386914276,29.088068747338085,0.23196770571627823,260.0,3,5,10,0.10705237688039573,0.1276240547696394,0.13374799018724062,0.8498600871479867,78.4171509397238,35.69468591664385,Low
SYN-0224,AREA-03,Old Town,Central,REC-02690,2.533570201044732,173.67306829835098,12706,9060,33.0,0.666078515390039,14.222385141153744,0.1967409580137858,439.0,3,0,2,0.4187895886279061,0.7643718146929516,0.3520225561405408,0.8934928552917596,50.40138888984927,36.36880267258306,Low
SYN-0224,AREA-04,East Gardens,Residential,REC-02691,2.7803774779428867,238.0566258399074,7692,12708,21.0,0.5995923914278254,13.509691838469934,0.2118745567837811,241.0,3,7,2,0.4118893861770806,0.3364896480760405,0.4045348138713063,0.9307474983555932,61.11537150952774,48.02055542956885,Medium
SYN-0224,AREA-05,Hill Junction,Residential,REC-02692,2.682938064513845,167.03850449743095,29865,15457,70.0,0.594209196015048,12.97779593494274,0.3803155893120024,289.0,2,0,10,0.5373137827680396,0.4371810908131104,0.47218843451742576,0.9281829844932057,50.40087863751213,47.55596102777833,Medium
SYN-0224,AREA-06,South Ward,Peripheral,REC-02693,1.2336540601555224,156.57314914300605,38703,12155,60.0,0.6064091077037108,18.527165017998843,0.5208599079796861,128.0,2,5,18,0.14804700736194445,0.3552938350158832,0.8974095332962946,0.9173776662799513,64.87629365143377,43.310273519543294,Medium
SYN-0224,AREA-07,North Estate,Residential,REC-02694,0.05,40.463109815409,9019,8584,7.0,0.9557238474994023,14.422815727202208,0.6469545476040574,176.0,1,1,1,0.0993513073686586,0.5055212389704203,0.6802378448509614,0.7683984255615605,37.700097293774974,30.345832343626142,Low
SYN-0224,AREA-08,Canal Quarter,Peripheral,REC-02695,0.4242600771850953,28.92470748043015,28032,8163,24.0,0.8610718466169843,30.43405117424653,0.3316092195478233,95.0,1,7,9,0.14204522997486674,0.37370081317647885,0.41434101657213307,0.7345964040590875,80.09718482071764,33.36722320885827,Low
SYN-0224,AREA-09,West Park,Residential,REC-02696,2.9751311781549057,227.75734046644632,42597,18213,130.0,0.7537178725059877,21.415061815059342,0.0929675403562397,258.0,3,6,18,0.4508252986695702,0.4142727176460177,0.7765415192939634,0.7908435031544438,68.17830463315639,54.72785500103971,Medium
SYN-0224,AREA-10,Lake Colony,Peripheral,REC-02697,1.5168256442332797,155.56163686891293,53181,9399,107.0,0.7813366861938298,12.328437322482209,0.37858572515982275,190.0,3,5,32,0.47237038501363626,0.2892507347474448,0.39318408990483134,0.8318925682059715,42.55718076729202,42.139748933428876,Medium
SYN-0224,AREA-11,Industrial Ward,Central,REC-02698,1.2372499010770488,85.95427053991148,61155,8198,99.0,0.6804969861546032,10.567029906545226,0.3211148625805697,330.0,3,3,24,0.11678015887935897,0.15969546684241814,0.38994994376084946,0.9342791737220756,47.45179968657131,42.46086216956356,Medium
SYN-0224,AREA-12,Outer Settlement,Peripheral,REC-02699,3.151957830438126,221.20522572202344,23771,3252,76.0,0.5573497939270549,22.439029350117625,0.762867510682843,417.0,1,1,35,0.3562446147462097,0.9107184495950138,0.1509583047020353,0.8333748783299832,72.03472889999246,58.84781127343229,Medium
SYN-0225,AREA-01,Central Market,Central,REC-02700,4.6948243171024195,335.9854330383145,26982,11936,107.0,0.3997771569889454,16.03442600644428,0.18741339166901072,384.0,3,7,24,0.8852026159173126,0.6741936409142668,0.6881618897037215,0.7785997234322457,66.31632418673694,81.15726055588095,High
SYN-0225,AREA-02,Riverside,Peripheral,REC-02701,3.7022553382475873,308.3482571813103,57181,19136,198.0,0.2867177325717183,16.310900159834198,0.7761389793192849,269.0,0,2,83,0.3591136034801028,0.32852310910862864,0.26186239308168424,0.8380270306205122,73.42474877289804,80.7377629009542,High
SYN-0225,AREA-03,Old Town,Central,REC-02702,3.447973887860579,206.43380602443347,45829,15685,127.0,0.5391353072419071,21.641637688544918,0.1892087345959875,364.0,3,0,23,0.7536803338031066,0.7038552600026708,0.28811002567466515,0.6757415292225307,73.30550808635398,59.064618315607895,Medium
SYN-0225,AREA-04,East Gardens,Residential,REC-02703,3.5770153904612583,288.95555770051834,19606,11992,58.0,0.5678923073734117,9.720422096932682,0.3183827958876346,208.0,3,3,16,0.608379696926707,0.5525958048560813,0.3770266717035148,0.838349541444867,47.92016257963232,59.01164178521906,Medium
SYN-0225,AREA-05,Hill Junction,Residential,REC-02704,3.864426599421731,286.2513710437371,45321,7085,149.0,0.46462662981970265,6.992657528589517,0.40144311825346307,296.0,2,0,45,0.4728328909269932,0.95,0.7575480485553417,0.831158363583941,38.038229823553024,62.85752177276237,Medium
SYN-0225,AREA-06,South Ward,Peripheral,REC-02705,4.962734185767445,397.4247225557247,12344,7912,54.0,0.24284641409136418,26.38149199075025,0.32580693970499,97.0,0,6,14,0.7133066239972896,0.8804185568457084,0.7885116339023898,0.8566327056186369,86.87401229720976,75.5791560295074,High
SYN-0225,AREA-07,North Estate,Residential,REC-02706,4.020670300101539,316.07549123333956,30565,9390,109.0,0.3335520359549284,13.349052793041636,0.04,79.0,3,3,11,0.4740210756217882,0.49625615477609863,0.5407329418771069,0.9525587391012829,54.7109955104063,71.92682481790305,High
SYN-0225,AREA-08,Canal Quarter,Peripheral,REC-02707,4.2635195871430716,360.5997054328586,21655,4433,91.0,0.5222471031095515,28.99534044909893,0.21844828557047657,65.0,0,2,21,0.7565325521816036,0.7447491497429587,0.840471066064163,0.84900248873068,80.0951369478038,68.03277585805432,Medium
SYN-0225,AREA-09,West Park,Residential,REC-02708,4.618112447967896,355.1939553330952,64540,14954,251.0,0.12195008980710756,3.233701027446636,0.04541466230535395,161.0,0,2,41,0.6104557074755783,0.550895060162672,0.4417684143751047,0.846892890363268,53.88990365862367,71.7191586738496,High
SYN-0225,AREA-10,Lake Colony,Peripheral,REC-02709,2.746955559892223,184.8921635527719,4682,8432,18.0,0.5647683684144658,11.148052958799106,0.20679253613481358,288.0,0,3,2,0.5180766103322176,0.6997072069770303,0.5838944995892767,0.8879996338792925,47.94026339173318,42.687296788997806,Medium
SYN-0225,AREA-11,Industrial Ward,Central,REC-02710,4.286585874690992,334.1867060205948,56047,16377,245.0,0.44388959310449977,20.806065405247274,0.07116799822721756,233.0,1,0,35,0.6778520809407365,0.7404072150505574,0.8433944019740993,0.9897089139080191,70.69750508378144,64.14660056636829,Medium
SYN-0225,AREA-12,Outer Settlement,Peripheral,REC-02711,3.447041356982469,281.50713244510496,20077,3772,59.0,0.47456741723666007,19.36579238403666,0.4528563795518638,432.0,0,1,22,0.5174631960049602,0.42283426122533824,0.5170428748532643,0.9040350892932907,78.76184324416175,78.52915507286582,High
SYN-0226,AREA-01,Central Market,Central,REC-02712,0.05,24.972154468815354,4763,1472,1.0,0.9079955578022085,5.539283520630511,0.4605835401845335,68.0,2,2,3,0.06945484935672454,0.5918467238384438,0.46877402359347475,0.7183857813378229,30.770919250827383,25.366675499341873,Low
SYN-0226,AREA-02,Riverside,Peripheral,REC-02713,0.05,29.47929323743488,43757,16062,41.0,1.0,25.604914427347445,0.20150271465572184,223.0,1,2,11,0.08315469288870435,0.28622061286599615,0.12317635229779614,0.8017673520463543,53.26009539156961,30.72318832667454,Low
SYN-0226,AREA-03,Old Town,Central,REC-02714,0.26734984089133207,0.0,44877,1950,51.0,0.9496133404738161,21.946350682678133,,203.0,3,0,10,0.18205465146067665,0.15341879369126812,0.8044269139608616,0.6971891860031632,51.56813965371986,35.51479543490188,Low
SYN-0226,AREA-04,East Gardens,Residential,REC-02715,1.5068225129803459,162.36240838298167,11392,14580,17.0,0.6466990554943595,21.973607134794797,0.12181414899314409,137.0,2,2,3,0.1750836851490501,0.35084578500389385,0.25119351309960336,0.6615606678915565,63.336570391533144,32.57622841114487,Low
SYN-0226,AREA-05,Hill Junction,Residential,REC-02716,1.172883582378518,114.27078868268003,4895,6636,9.0,0.7044190518738928,21.226674438253337,0.10375105148883017,261.0,2,3,1,0.19190346154377466,0.14167831751968246,0.46562263327405773,0.9367284726744793,64.58843520474971,28.1800044297388,Low
SYN-0226,AREA-06,South Ward,Peripheral,REC-02717,1.2293372958468118,104.947054184564,9460,15056,17.0,0.7228573868419569,13.288537284382057,0.49626430817704237,194.0,0,7,4,0.12865029340403272,0.45212296177792627,0.7352400682143095,0.7744851251082551,41.205170653621266,32.66018420390292,Low
SYN-0226,AREA-07,North Estate,Residential,REC-02718,2.6425987162556344,183.68123558620792,28054,15448,88.0,0.4384535969088322,18.856872018852883,0.5639660287003145,128.0,2,7,26,0.4599916164415544,0.382276620236102,0.510125145641722,0.7432667136607356,66.77009349944886,72.57363286718683,High
SYN-0226,AREA-08,Canal Quarter,Peripheral,REC-02719,0.06657223821843072,31.4833920440167,10774,13848,14.0,1.0,12.60842117619794,0.24114001473753205,249.0,3,7,3,0.0,0.26824003404889013,0.7247873426964855,0.8197180427794437,37.30486057624433,15.761574700579706,Low
SYN-0226,AREA-09,West Park,Residential,REC-02720,1.0598972467593017,124.04622389816402,46440,8390,61.0,0.9774849391188141,8.493247527745282,0.2559928749925041,130.0,2,1,17,0.12575793346648817,0.2523811333444882,0.7693823135521004,0.7217427864324614,27.21871670030526,31.341185756047064,Low
SYN-0226,AREA-10,Lake Colony,Peripheral,REC-02721,1.325392348357333,133.54689049792262,7346,17934,10.0,0.913666389732093,13.744878177859924,0.19086093625208467,348.0,1,5,1,0.1706186635536947,0.5179148358473828,0.7842361061684875,0.6665377032014408,34.39263416124725,25.950080577362435,Low
SYN-0226,AREA-11,Industrial Ward,Central,REC-02722,0.4928254368756122,63.9634027370089,51807,9804,57.0,1.0,8.476436597137939,0.3776420049376419,189.0,2,0,17,0.11734088609586735,0.1757777914998943,0.16365918568581972,0.8841331878176927,27.460811892047957,34.56582616499373,Low
SYN-0226,AREA-12,Outer Settlement,Peripheral,REC-02723,1.1045053261726334,76.95923771496405,57164,4054,86.0,0.6831404785596402,15.207067424152392,,225.0,1,0,23,0.18443881709692161,0.380993640147306,0.2652464619746116,0.7267919082062148,53.7357729474894,21.6542708007578,Low
SYN-0227,AREA-01,Central Market,Central,REC-02724,1.3345628750570473,118.32242033389923,47303,12694,78.0,0.7088416619739921,19.832893266742598,0.2989096072620465,110.0,0,0,19,0.28318333853508765,0.8614040310076955,0.8275798250387838,0.6592642642842732,62.385572832670455,40.19270088985648,Medium
SYN-0227,AREA-02,Riverside,Peripheral,REC-02725,3.7424473161445455,259.99729733091567,61507,10731,220.0,0.03472465388006135,30.74255791267398,0.4476893049298679,419.0,2,7,54,0.610901629499914,0.6914293979971354,0.310210433378881,0.9083020640771018,103.05802410365789,66.55199067110209,Medium
SYN-0227,AREA-03,Old Town,Central,REC-02726,2.069230700300176,169.6060857348795,61201,799,141.0,0.6615596069708195,4.649688243269347,0.07778457974051652,112.0,1,2,15,0.27530146336622663,0.3601316488817204,0.6653258136696568,0.9815961268893841,37.741609702669564,51.97234861276797,Medium
SYN-0227,AREA-04,East Gardens,Residential,REC-02727,4.239642474147326,335.81746839394236,5410,12529,24.0,0.6183283963196886,3.7230159647443837,0.3085855278131534,302.0,0,1,6,0.7295610266954511,0.4825389075552181,0.5232412178365105,0.6907236380327328,30.226244568337123,52.88587089086544,Medium
SYN-0227,AREA-05,Hill Junction,Residential,REC-02728,2.5885428831905593,193.6270966905575,23872,2269,62.0,0.5382619174536571,4.451842428765276,0.49945579771304344,303.0,3,0,18,0.3213617406581927,0.45478631041046724,0.8495854591305764,0.8128512715274424,31.616732521478404,49.117322169265535,Medium
SYN-0227,AREA-06,South Ward,Peripheral,REC-02729,3.4369651946438697,315.06874847765016,50004,19643,157.0,0.37363435336620743,21.879457349160205,0.2387302488487371,89.0,1,0,26,0.6411264703341674,0.8172736976768704,0.3043289179857107,0.7230193372148437,79.16401400275734,54.61795249551824,Medium
SYN-0227,AREA-07,North Estate,Residential,REC-02730,2.5718800471316,191.50168238332236,23727,2502,66.0,0.5733883635116299,19.523692569216283,0.20295386062959464,100.0,3,0,14,0.39439085196615237,0.7179429479538879,0.7449988433155189,0.6649529461737567,69.42458218882382,56.570442355994345,Medium
SYN-0227,AREA-08,Canal Quarter,Peripheral,REC-02731,2.5899272765160997,158.30195351953648,48571,7570,115.0,0.5624095997206718,25.655514688431936,0.17233894735390443,86.0,2,0,11,0.45619687524996083,0.95,0.42772099956159715,0.7874040411585774,81.79609467293307,49.73395888514127,Medium
SYN-0227,AREA-09,West Park,Residential,REC-02732,2.147298875746917,174.2522285045919,50893,7988,125.0,0.8537083195011489,9.86319317712655,0.19490339520988625,422.0,2,4,35,0.3842860265512509,0.3608883065350351,0.29233333377345905,0.9306928348992939,42.01370561241373,58.979130229719644,Medium
SYN-0227,AREA-10,Lake Colony,Peripheral,REC-02733,2.7098214858175456,199.34755828433538,64806,5897,,0.3159197178838016,30.1401401028011,0.4377432356128997,266.0,1,2,50,0.6438223724291889,0.3557932645529098,0.4926894255153589,0.7583331899008393,94.46825414568434,79.74911944474673,High
SYN-0227,AREA-11,Industrial Ward,Central,REC-02734,2.8689212978557617,330.1816271353852,23116,8933,51.0,0.4366179005045222,12.309387136813985,0.20111242046717262,101.0,3,7,12,0.5239435938301605,0.6221401299144651,0.53274027010336,0.6834675840797633,49.056698600556594,58.599496539584585,Medium
SYN-0227,AREA-12,Outer Settlement,Peripheral,REC-02735,1.9871155351923795,156.57027037196207,24241,1652,50.0,0.7801982297859895,26.481575961378265,0.4324050609253349,369.0,0,1,15,0.3399721969004359,0.26919296405079435,0.1881776835980479,0.860962227332657,70.11698615867476,41.24340439191683,Medium
SYN-0228,AREA-01,Central Market,Central,REC-02736,2.7421525400704287,173.65449963004616,4017,19138,4.0,0.7040666693243571,11.499831815623489,0.3083946327881205,421.0,0,1,0,0.37394092496181686,0.7479306906142172,0.2537601753042841,0.9442141367315853,30.70097468808747,42.496928237412945,Medium
SYN-0228,AREA-02,Riverside,Peripheral,REC-02737,2.354108979912645,194.25232445306773,20344,19418,47.0,0.5192990754504145,23.991041664945442,0.31750765924212654,258.0,1,1,15,0.48863771524376803,0.7879465779236725,0.8273920148891818,0.7708394368832923,73.04191951191166,55.20584784340697,Medium
SYN-0228,AREA-03,Old Town,Central,REC-02738,4.681919328450206,339.42800084930195,20033,2638,89.0,0.5493812254481403,8.904140969226205,0.33763402281959204,268.0,0,2,18,0.7478952256255318,0.6219452561795356,0.6325644700545796,0.8069775894337166,44.15883376874639,73.36964813773997,High
SYN-0228,AREA-04,East Gardens,Residential,REC-02739,2.770403456829041,185.10651771351695,30817,5442,72.0,0.4483400496771456,2.103567029086581,0.25363967297668205,369.0,0,2,18,0.2786762919603329,0.4902410887325048,0.6633066863635865,0.7091658946957603,33.80658245397295,49.81055819743448,Medium
SYN-0228,AREA-05,Hill Junction,Residential,REC-02740,4.078373794115583,315.8816823955424,28823,9578,122.0,0.5407732877667422,13.864957848728496,0.3234521494296976,213.0,0,7,32,0.6563183790145709,0.6455576818794555,0.38317152342577654,0.9969423406163768,58.6468768246064,69.9787654131221,Medium
SYN-0228,AREA-06,South Ward,Peripheral,REC-02741,2.6856902081121854,231.55444222642527,56035,2668,142.0,0.4958147978006141,16.065939422010256,0.2819301693589342,72.0,3,7,34,0.4705938100095499,0.5544453911229299,0.5318150918686458,0.9880989125164599,62.19283768885963,60.35767165761406,Medium
SYN-0228,AREA-07,North Estate,Residential,REC-02742,3.0496181859862626,240.65826240772168,50861,6228,143.0,0.6458387142834703,12.563372521708407,0.3833687279090299,342.0,0,0,38,0.41004901394605486,0.6840014717313142,0.1308270429747662,0.9304638133893498,51.53078921620462,52.10137022712591,Medium
SYN-0228,AREA-08,Canal Quarter,Peripheral,REC-02743,1.7850968154421205,148.02728868564887,48037,17986,123.0,0.34362819238307035,23.679686024287363,0.5905349906670057,174.0,0,7,50,0.28333449929385196,0.2979003599779778,0.214602822872064,0.6753690635752103,85.01955834944464,55.89374461463497,Medium
SYN-0228,AREA-09,West Park,Residential,REC-02744,2.484529999264044,190.44559414297956,2825,11882,4.0,0.6208813969157118,10.485959993556328,0.16782270871296603,312.0,3,7,0,0.40551039281278173,0.7133931126429012,0.8804182430796473,0.7552325327033085,38.7145192067621,40.96427222601613,Medium
SYN-0228,AREA-10,Lake Colony,Peripheral,REC-02745,3.0106158093897335,216.9893459126624,31976,18663,90.0,0.5469293926098019,13.298417398076165,0.16590935456996497,59.0,0,7,17,0.4950603542518573,0.8323446037632105,0.2676565486583423,0.7188613828322457,57.72701797248186,56.348328452498436,Medium
SYN-0228,AREA-11,Industrial Ward,Central,REC-02746,4.110991137526229,268.77342541356234,48099,5442,186.0,0.4168616145389484,17.908775080573825,0.15946441176601986,180.0,1,7,38,0.8333222139535593,0.5814802461772037,0.4927108301354427,0.6909568192021699,66.44461488054029,73.73261607622769,High
SYN-0228,AREA-12,Outer Settlement,Peripheral,REC-02747,3.019774294899353,280.83475184433195,17785,11055,51.0,0.6078673314501928,13.621530907966243,0.32529068881273704,185.0,2,6,11,0.34590877247439344,0.6054056409476983,0.8443193210847624,0.7973263130697289,54.00423133933259,49.61581656446969,Medium
SYN-0229,AREA-01,Central Market,Central,REC-02748,2.423019785794076,270.62393850149545,29053,19768,79.0,0.8073938308457236,3.715812426559738,0.29548146494062205,168.0,0,2,16,0.647892926067947,0.5790058242251043,0.6226683543029615,0.7961080756052243,27.44460230045039,47.05548485089221,Medium
SYN-0229,AREA-02,Riverside,Peripheral,REC-02749,1.828626785002013,128.05233944964493,47938,5790,102.0,0.5089646150732471,16.664492611245844,0.2860362539097775,273.0,0,5,25,0.30083089241072386,0.8064876055222059,0.23292728601077242,0.9856811392234872,58.99362877835707,41.5050426434068,Medium
SYN-0229,AREA-03,Old Town,Central,REC-02750,2.6179645684114257,192.08909990336358,52158,15224,129.0,0.7323640785824421,2.2222684940040667,0.5266636893816529,217.0,3,1,52,0.5059527761428664,0.5938599024636481,0.45942679541825837,0.9044412086157401,21.694824840391117,58.38294442098585,Medium
SYN-0229,AREA-04,East Gardens,Residential,REC-02751,1.2688097229956325,90.02318381586102,55907,10137,75.0,0.7032471199132226,8.417695438230435,,419.0,3,4,24,0.22680863915048138,0.17907638736469023,0.4701528934263193,0.6775903475862617,38.87431738649647,50.68882528786444,Medium
SYN-0229,AREA-05,Hill Junction,Residential,REC-02752,3.2282216653611204,276.5541837558069,29363,6667,94.0,0.5545308197880138,16.90934595810929,0.35510471211126726,335.0,2,0,26,0.3309141156150306,0.95,0.48045210019822226,0.6680104546742764,59.229904004090464,67.65520836150696,Medium
SYN-0229,AREA-06,South Ward,Peripheral,REC-02753,0.9277265345083785,69.84891361463276,27496,2668,37.0,0.8288536750857415,26.596343221337918,0.5616047909710995,228.0,0,7,12,0.027831770486424656,0.2983164896555554,0.7731308711404175,0.9824402809127853,78.63767685842745,31.65246815064865,Low
SYN-0229,AREA-07,North Estate,Residential,REC-02754,0.7028740294815417,106.63970650710856,26419,19039,39.0,0.8013636841213143,10.591155493858722,0.35844495808127574,151.0,3,0,11,0.05423256602372223,0.21294879960480223,0.5445538215795674,0.931236881024728,39.1784632148053,37.54007686396268,Low
SYN-0229,AREA-08,Canal Quarter,Peripheral,REC-02755,0.34800121708844955,75.45749760903361,44286,3097,33.0,0.9257109718753429,13.856326774896324,0.3042014197699223,193.0,1,2,13,0.1772465810221107,0.37951533529957177,0.7126337382285542,0.663789467631086,34.872507867352475,30.502295020370155,Low
SYN-0229,AREA-09,West Park,Residential,REC-02756,3.1808632340861336,242.15950509426926,28721,2924,99.0,0.49403645768971294,21.4486201615258,0.16571411740914863,167.0,1,0,13,0.3640253360577232,0.6027108349185479,0.39217059059286297,0.9502740180012248,83.55979370612877,46.81952047186609,Medium
SYN-0229,AREA-10,Lake Colony,Peripheral,REC-02757,1.971601554933995,208.9505086481511,27513,9852,74.0,0.534292079019759,27.300218660022743,0.3838538621884442,318.0,3,5,21,0.22591176791073592,0.29394806473562757,0.6567068135128127,0.8218384260511667,84.98492235747058,49.21879688295617,Medium
SYN-0229,AREA-11,Industrial Ward,Central,REC-02758,1.04874691013543,97.67432896458854,13017,2432,22.0,0.9379735506058057,1.11006288360324,0.14312968760023637,421.0,2,5,5,0.19457325252262908,0.2441563468742265,0.4425828768209391,0.9105205290355329,14.515215688097099,24.96524632381702,Low
SYN-0229,AREA-12,Outer Settlement,Peripheral,REC-02759,2.315261654338473,190.5609623476768,32405,16956,72.0,0.4555466151506035,22.7472826305573,0.42725252558059906,334.0,0,0,23,0.4426197161236979,0.6886474906919835,0.7139292420874888,0.8541834830005957,84.8620261012371,53.47924978685152,Medium
SYN-0230,AREA-01,Central Market,Central,REC-02760,1.965735183608933,131.27028209441954,17330,15030,38.0,0.6183768179711779,20.85032134346108,0.26976302247544487,423.0,2,4,7,0.38074903582126896,0.6685260351466399,0.6883547759319233,0.8889269288257713,68.50624589644038,46.575691322921315,Medium
SYN-0230,AREA-02,Riverside,Peripheral,REC-02761,2.98848341261518,161.01109122461776,35306,3315,102.0,0.5865510470374846,29.513479650188877,0.2594633949159873,110.0,3,0,25,0.3799999551223508,0.3304070768224605,0.3722906585679291,0.7641741258785286,85.15638582452765,68.94958198516358,Medium
SYN-0230,AREA-03,Old Town,Central,REC-02762,0.17731516932277824,83.32761300176193,58041,18127,45.0,0.9882027345258031,9.38805543733302,0.08807687466362404,75.0,2,5,5,0.0,0.09646493962045363,0.38515126444210557,0.8318698527118918,21.251761430417137,29.99649022125753,Low
SYN-0230,AREA-04,East Gardens,Residential,REC-02763,1.203293348863304,99.66483823526653,50982,13057,85.0,0.6570445917227421,13.838436467651523,0.25327579784460835,327.0,3,4,15,0.2652360486627813,0.5441050009517187,0.7583619900656833,0.7190703024686836,39.939972661765225,39.52178355481197,Low
SYN-0230,AREA-05,Hill Junction,Residential,REC-02764,1.045564328360447,142.65543391341663,32378,14052,54.0,0.9562979594361227,13.942955567415279,0.14778064234613,442.0,2,0,11,0.3462355943781753,0.2727875214832914,0.5780464544985099,0.7888372389443958,45.73629565344639,34.24014698011682,Low
SYN-0230,AREA-06,South Ward,Peripheral,REC-02765,0.05,32.68070364673946,63594,6994,44.0,0.8242078521307866,25.329965977059352,0.24099282729587204,261.0,1,6,7,0.0,0.13747264694884465,0.5926866196398507,0.6827589984551932,69.1881276026159,39.245260111116096,Low
SYN-0230,AREA-07,North Estate,Residential,REC-02766,2.2638431993384627,183.88428949519678,63764,16864,154.0,0.5147003513452394,20.771445860019455,0.2930239809806036,225.0,0,0,29,0.23994482175165985,0.5853520659396764,0.8668416893623901,0.8815241306160408,69.94967608462947,47.48441422508977,Medium
SYN-0230,AREA-08,Canal Quarter,Peripheral,REC-02767,1.1992641908720207,124.13357298335116,30272,1590,58.0,0.41122521193852024,19.795591712967983,0.3077238531359772,248.0,1,7,9,0.1482917264495556,0.3358988421449486,0.2786690647359291,0.6708753714612681,72.43683033801756,46.3141686240734,Medium
SYN-0230,AREA-09,West Park,Residential,REC-02768,2.007286399503957,154.29135801970057,50218,19576,93.0,0.827389619713335,2.2962002309921408,0.3660635801948502,103.0,1,5,24,0.3818352420568272,0.36359402098123816,0.5175727642612425,0.7537064228872676,23.02961274727221,42.01400095923323,Medium
SYN-0230,AREA-10,Lake Colony,Peripheral,REC-02769,3.303398982978397,206.2620449598905,23894,5413,79.0,0.31433397444963584,25.16150598714093,0.20518085831271715,442.0,0,0,24,0.5225893183498701,0.5291398806153352,0.2565770269678066,0.6854871342782041,90.92362222410881,53.421437083102134,Medium
SYN-0230,AREA-11,Industrial Ward,Central,REC-02770,1.1329864820526208,87.50390664254229,57415,3525,81.0,0.6921205199568129,20.86876065492268,0.2817317598284901,63.0,2,2,14,0.35769431732388096,0.40673896867062276,0.2916744931162712,0.882982176764503,60.16380619862883,44.4002424369485,Medium
SYN-0230,AREA-12,Outer Settlement,Peripheral,REC-02771,1.0786590493889834,81.61191386665452,25849,1848,41.0,0.8057160727318613,28.28225965820007,0.27497884694516245,356.0,1,2,13,0.29077299456001177,0.3041757758306453,0.5872197251302552,0.813946751059527,75.3004929886146,28.445056251750536,Low
SYN-0231,AREA-01,Central Market,Central,REC-02772,2.3161717186033144,189.54518307233596,18642,2096,38.0,0.7724309509525983,1.5144814346246456,0.11121732082751554,211.0,2,7,4,0.40814918771172926,0.5001954601432815,0.19213018367574525,0.7776053922974853,24.763401562606237,37.57509356368717,Low
SYN-0231,AREA-02,Riverside,Peripheral,REC-02773,3.0110382652108454,269.22740257821533,10868,4163,24.0,0.364002283039126,28.53520556190127,0.2784902855543506,374.0,1,6,9,0.2673209629129508,0.7525946677360923,0.21925930373473357,0.8160168399605128,90.00381598038983,58.09812434804573,Medium
SYN-0231,AREA-03,Old Town,Central,REC-02774,1.767869962575998,133.14279218408097,55164,10837,107.0,0.8620150843920776,4.093046473018878,0.12688794281079918,339.0,0,2,13,0.2115733583017319,0.8603674995645729,0.29477039891505613,0.706436009724095,12.578081647577223,30.80665688877249,Low
SYN-0231,AREA-04,East Gardens,Residential,REC-02775,1.7164711051184134,148.58317078114578,21058,6450,44.0,1.0,21.555346287284515,0.15876345600450834,,1,4,10,0.22031583835825563,0.5487235723332964,0.506459464944345,0.9619011310622627,49.26110001817626,43.01044482355349,Medium
SYN-0231,AREA-05,Hill Junction,Residential,REC-02776,3.0669917990172104,246.51855092794622,53332,10999,162.0,0.7322207406541221,16.567157257302735,0.5925353433343444,339.0,0,1,46,0.42157138203844247,0.646877307806399,0.8672763344350017,0.7712974953444492,47.32831712891381,52.888082988841674,Medium
SYN-0231,AREA-06,South Ward,Peripheral,REC-02777,2.5241518418945463,180.24468727872738,7902,3883,15.0,0.6695455935583983,12.649224975196889,0.2179619783831372,305.0,3,1,4,0.44359052627288204,0.5591374928181079,0.6447370383126481,0.8848095989384925,54.442737896353535,47.83968961640247,Medium
SYN-0231,AREA-07,North Estate,Residential,REC-02778,0.5854577724202612,89.61507655889916,33805,16473,33.0,0.955731406517067,3.1161559973498747,0.26482037324322333,258.0,2,2,4,0.12294934512760446,0.5337736631948179,0.6226273559235389,0.980986348757587,13.191647085148219,17.726403861378486,Low
SYN-0231,AREA-08,Canal Quarter,Peripheral,REC-02779,1.2409269432488312,153.67473734249955,29243,8376,52.0,0.653024043281693,15.835490344653586,0.5128215582344053,50.0,3,3,20,0.005932173029512294,0.5059825258429864,0.39587372052936276,0.6936030951136586,50.56547837962931,38.29337155529093,Low
SYN-0231,AREA-09,West Park,Residential,REC-02780,3.4222290738858865,274.25128194229393,29926,11579,94.0,0.5141816033083652,5.818542111089743,0.359855752682553,378.0,2,0,20,0.6669232797616526,0.41426658108670256,0.17146295137090234,0.8869448577780303,37.82843074787215,64.34757317189705,Medium
SYN-0231,AREA-10,Lake Colony,Peripheral,REC-02781,2.542783009287168,203.7740916034426,12959,561,37.0,0.5768993711393279,10.084576420843922,0.18999740056436876,191.0,1,6,3,0.42573201297368785,0.788504213115366,0.736452400431773,0.6527326357306907,51.26879843433524,40.92495952603848,Medium
SYN-0231,AREA-11,Industrial Ward,Central,REC-02782,1.6114836379943185,119.51775066900555,7116,7009,14.0,0.6234908556422074,19.697303379713553,0.23426458431098834,198.0,3,6,4,0.3114975759534197,0.2930779609822064,0.1311162355496431,0.9819824883601297,68.85038095534318,35.371746375774336,Low
SYN-0231,AREA-12,Outer Settlement,Peripheral,REC-02783,2.0849126570361323,171.9592640705403,24150,1065,59.0,0.49578639910216626,12.655916484792668,0.19576719656286173,354.0,0,6,11,0.4368646030235783,0.4117155714947168,0.6911934555454413,0.7685234216075985,51.454782518963256,38.396216922069755,Low
SYN-0232,AREA-01,Central Market,Central,REC-02784,3.812999564335131,265.25939421445696,31889,7274,108.0,0.2948500438351715,21.776705799528003,0.7243285750344121,69.0,2,5,35,0.5434635610683686,0.8340473236521715,0.3904949903667204,0.7516943878322883,79.50590536331701,81.33360025835682,High
SYN-0232,AREA-02,Riverside,Peripheral,REC-02785,4.390996914317926,307.8151136665662,52098,15424,201.0,0.2934828266704599,15.54235370318842,0.512650204580509,113.0,0,6,55,0.8829015017708859,0.9480733138396502,0.48104040413024174,0.7574425800030653,68.46472496291135,75.2835329849134,High
SYN-0232,AREA-03,Old Town,Central,REC-02786,2.7157995102067636,212.86388347048225,31403,9446,93.0,0.6297545392585175,13.063512556730778,0.19131985957167583,419.0,2,0,16,0.4356180248506665,0.5490088685513883,0.5160570188337549,0.9964941808416634,57.89155451010434,44.30428480372928,Medium
SYN-0232,AREA-04,East Gardens,Residential,REC-02787,3.1296509151574283,237.18254743791363,17870,15649,58.0,0.48352383202172633,15.666052960746722,0.25779878915674487,432.0,3,0,16,0.7031141530476037,0.5669191203339259,0.29650493628390107,0.7537042694549294,51.731008504375524,56.49042016827778,Medium
SYN-0232,AREA-05,Hill Junction,Residential,REC-02788,4.020774829984506,332.3433898603572,18905,2012,75.0,0.5355514284477381,7.324816969364442,0.06616833720726233,420.0,2,3,14,0.56285724609701,0.6473702646773309,0.6344942875391671,0.9690244189925044,36.12802547192437,54.86648604071647,Medium
SYN-0232,AREA-06,South Ward,Peripheral,REC-02789,3.7225425616974346,264.32710152265076,40743,7976,139.0,0.23349199745096214,19.57533649245589,0.6328632401636106,,0,2,55,0.7930133531146126,0.4885363433081371,0.3232771120603446,0.9645682184042017,91.96616232327308,84.39255164492421,High
SYN-0232,AREA-07,North Estate,Residential,REC-02790,4.259897572203163,328.5528093699006,29728,513,108.0,0.32083417107028833,17.23159739034127,0.18566529479477623,198.0,0,6,15,0.6015048457764202,0.5020003017844686,0.21672963244641086,0.9492687285539724,77.51866301567225,66.71136365767934,Medium
SYN-0232,AREA-08,Canal Quarter,Peripheral,REC-02791,2.8188043082061167,209.28492672604753,58823,19666,159.0,0.5790305750406444,11.357012478303425,0.3271341039707538,268.0,2,2,43,0.7756544724270236,0.6005471620357478,0.38799762506859536,0.7054961447978917,42.100929016828964,62.11740038924197,Medium
SYN-0232,AREA-09,West Park,Residential,REC-02792,4.088113167110851,278.3978198659712,29985,19333,107.0,0.5391220502196172,8.595679406572376,0.09297172640281447,168.0,1,3,21,0.5671321429123833,0.4292086174371874,0.7679117647569497,0.8809123825196342,61.304896113485626,64.46230031531015,Medium
SYN-0232,AREA-10,Lake Colony,Peripheral,REC-02793,4.675677121595773,362.11808296687457,37933,5826,169.0,0.12991805865153053,26.58968289470904,0.7055437311116104,74.0,0,2,66,0.9060699267206093,0.5626443800337156,0.433013354221674,0.7829629628391134,101.17326635211795,97.83270635274498,Critical
SYN-0232,AREA-11,Industrial Ward,Central,REC-02794,4.191865063813221,325.03813725370594,6494,15091,23.0,0.44098400363533785,7.971332601386189,0.37693808051967975,54.0,2,6,3,0.6551568704591032,0.5375371838463638,0.870779945357416,0.815485172920335,48.86897355864977,60.91158333800776,Medium
SYN-0232,AREA-12,Outer Settlement,Peripheral,REC-02795,3.9136996179030685,276.38674854891934,14612,15075,53.0,0.23862518460008655,11.244631476484155,0.5149475836795319,351.0,3,3,15,0.7380859556904972,0.5140825085704199,0.12975005900147593,0.7039471872929254,70.33200757937908,61.865577276916596,Medium
SYN-0233,AREA-01,Central Market,Central,REC-02796,2.655856096794561,118.87572747784115,55635,7902,123.0,0.604499402419485,4.942786248288861,0.19672231005065918,368.0,2,5,22,0.43777967474401336,0.7580740705485107,0.11467133625637792,0.9920279033178685,31.334964678145237,46.891553123585616,Medium
SYN-0233,AREA-02,Riverside,Peripheral,REC-02797,2.064682056630136,207.8225522701094,24047,9138,54.0,0.6082049993699686,24.21923412992554,0.35487015960511203,292.0,1,3,17,0.21316603106149706,0.5435963434201084,0.8170263026936562,0.7429562228107895,71.6825048187749,51.57638673727672,Medium
SYN-0233,AREA-03,Old Town,Central,REC-02798,2.6749641048955066,237.18837873116115,28813,19931,76.0,0.6927489691725411,21.31693979675875,0.36128684550439644,83.0,3,5,23,0.11020773193842726,0.34754503526464786,0.25366826372985896,0.9504813650456363,65.30708567593382,54.005930941213414,Medium
SYN-0233,AREA-04,East Gardens,Residential,REC-02799,3.740327661151662,317.74821812079927,39398,7167,136.0,0.5144612090579403,5.804529368753797,0.4182687147307283,206.0,1,3,40,0.9242979390684243,0.5617920851244378,0.27317232623133236,0.6710830659145262,43.55475652760793,69.48168435479795,Medium
SYN-0233,AREA-05,Hill Junction,Residential,REC-02800,2.6373401735672375,247.6615902292251,6116,8973,25.0,0.6635518565654159,11.868103737375264,0.16175895479271532,230.0,3,7,4,0.44831960266834114,0.4340976567379192,0.7254913316018399,0.927312133843566,48.88179337205597,43.36568002486778,Medium
SYN-0233,AREA-06,South Ward,Peripheral,REC-02801,2.0207197873686096,171.78863740359805,34163,6122,76.0,0.46767942931555406,15.050714769000994,0.4958476415272166,81.0,0,3,19,0.0,0.22044546702847057,0.24460825756161447,0.9288881478653321,62.41986476154781,49.275271804113615,Medium
SYN-0233,AREA-07,North Estate,Residential,REC-02802,2.3387653078350286,179.5273220189342,24136,8500,66.0,0.7191660536199957,20.389454125859007,0.3118815915468551,117.0,0,2,19,0.42610725074829353,0.5916971658131067,0.5914399362021631,0.7413297262004126,60.03186126158047,51.72239803004868,Medium
SYN-0233,AREA-08,Canal Quarter,Peripheral,REC-02803,2.8932432166680817,174.31411858938102,11788,4981,32.0,0.5410737918100245,28.90234871103228,0.4082231467260357,225.0,3,2,10,0.5649576015615928,0.7175446963491972,0.1357824255342308,0.8486070584383824,87.92588090572504,55.64082012426117,Medium
SYN-0233,AREA-09,West Park,Residential,REC-02804,2.43375178110266,202.26131319934183,28646,1115,70.0,0.7419468942560835,9.215274661717269,0.6125103295581299,149.0,0,6,27,0.31981560282876353,0.6654106521376496,0.8007197784145655,0.7541854167692568,40.097414535233646,50.704588529511234,Medium
SYN-0233,AREA-10,Lake Colony,Peripheral,REC-02805,3.12080560529785,229.3720388833065,30424,13422,105.0,0.3567447937217945,10.778288584473037,0.2052995661826041,183.0,1,7,18,0.435131723001209,0.8328804710170147,0.5566317713768344,0.7237169106407261,57.23564559865167,59.14576254914616,Medium
SYN-0233,AREA-11,Industrial Ward,Central,REC-02806,3.150837987446562,221.31922839507382,14145,6197,52.0,0.6687529557475141,13.75808812163154,0.12647153758136553,130.0,2,4,8,0.5227586429296289,0.5580487055531778,0.45921660314243384,0.8663822247493129,49.44096574256288,55.60441607822063,Medium
SYN-0233,AREA-12,Outer Settlement,Peripheral,REC-02807,3.443749523171056,223.08072070239666,36441,1078,137.0,0.2398068833428331,23.18233273641333,0.4059126900660227,117.0,0,4,39,0.7182695615533037,0.37790370479801283,0.3904296386585918,0.9038674955143364,84.17574521785471,67.8461327893384,Medium
SYN-0234,AREA-01,Central Market,Central,REC-02808,4.845284688236637,324.03396840625214,49136,2573,197.0,0.26996196516158494,13.972520820219021,0.22723254533552192,444.0,0,7,44,0.8195426624182026,0.6625124937310318,0.35007185242954086,0.8994137378924876,59.82689248253337,76.64162298508816,High
SYN-0234,AREA-02,Riverside,Peripheral,REC-02809,4.503124089922499,292.3257054548498,19208,18140,92.0,0.2165003375355503,16.216118970236458,0.6694748960160942,115.0,0,3,35,0.9261077181748482,0.5910986230446781,0.3112999583078964,0.9434664161097732,80.89148023809736,94.88242122821254,Critical
SYN-0234,AREA-03,Old Town,Central,REC-02810,2.9590458591062427,262.12603391644143,62908,9356,182.0,0.43424449222473005,1.5018601385019157,0.43915053679041255,281.0,2,6,55,0.6289206105546694,0.4541720434231671,0.88013151352809,0.9003342957027652,39.3836973300534,69.96174111487443,Medium
SYN-0234,AREA-04,East Gardens,Residential,REC-02811,2.9836095531635927,267.40390798777366,40777,5461,88.0,0.5474093411765206,1.6752720418818834,0.2463963824257993,387.0,2,1,9,0.4698140859489776,0.3949099200095954,0.34410437711605235,0.7838568114376556,36.4884813024499,63.74303146513804,Medium
SYN-0234,AREA-05,Hill Junction,Residential,REC-02812,3.645819929256751,254.7100555696639,50817,6817,158.0,0.516162919625431,17.357394438990237,0.2989293334665704,159.0,2,0,44,0.41917380377294466,0.5600422904542643,0.2901314979656654,0.9927203378714875,58.274916677729976,71.36120693175778,High
SYN-0234,AREA-06,South Ward,Peripheral,REC-02813,3.345496824633079,294.1962358568975,6885,9882,9.0,0.1925377827313686,21.15317490625434,0.34369983907143353,174.0,0,2,2,0.5303823034499507,0.6889342397627456,0.46629309419409437,0.9845424460219142,82.1055136079486,59.44752055061819,Medium
SYN-0234,AREA-07,North Estate,Residential,REC-02814,2.7957757288558565,224.80724747922696,50466,6445,141.0,0.5612287919076786,6.694832050474674,0.1289029180659934,275.0,3,0,15,0.5291405095233785,0.7516708064404625,0.3059371168223157,0.8081745141078087,40.5896677516403,40.756850070286404,Medium
SYN-0234,AREA-08,Canal Quarter,Peripheral,REC-02815,3.353083675086215,301.99800051484175,23537,8119,87.0,0.20076017361633106,29.205118505304775,0.31196747416541515,80.0,1,6,20,0.5660344963465721,0.5141831746762666,0.3172251368276522,0.9899036462394925,102.16651478383868,58.91362649955184,Medium
SYN-0234,AREA-09,West Park,Residential,REC-02816,3.3268267635293793,274.1384523387779,46883,8668,151.0,0.7792289072239201,19.570835817958535,0.30581925149027994,304.0,1,1,48,0.6306021070578519,0.40089896210762177,0.312302837117835,0.9940950194312816,54.1254139882998,68.16688958147083,Medium
SYN-0234,AREA-10,Lake Colony,Peripheral,REC-02817,3.1689589186156457,264.94731492503263,52767,19003,177.0,0.4618446974258875,27.139205841754624,0.33520297244811004,104.0,0,3,48,0.6317702169072407,0.9168544345856816,0.21027423053928862,0.9102399054723647,94.47476124067518,60.0248470372348,Medium
SYN-0234,AREA-11,Industrial Ward,Central,REC-02818,3.4538055215006063,271.84765853479587,18149,6943,51.0,0.531566741049636,14.058163029073548,0.2599254636909192,347.0,1,6,8,0.6393372799933406,0.38228941607592937,0.8095038861136562,0.9326417903646227,61.25371428289627,58.75827736842966,Medium
SYN-0234,AREA-12,Outer Settlement,Peripheral,REC-02819,4.649197790679276,320.5460960796408,18705,3783,73.0,0.25696111870399824,22.914535254326942,0.671742669810094,311.0,1,2,32,0.7418268719602669,0.6600145734388676,0.24734530258067464,0.6899468381309504,86.45648735535782,86.59750901714425,Critical
SYN-0235,AREA-01,Central Market,Central,REC-02820,3.493993479120877,227.5001983085297,6219,9738,19.0,0.5833833885951771,12.145928141857237,0.04052132261682159,203.0,3,7,4,0.6447182635191876,0.5464591722172021,0.11751761012720507,0.7445984049707495,52.47227535309033,51.129066780993256,Medium
SYN-0235,AREA-02,Riverside,Peripheral,REC-02821,5.312050306965861,391.42917336073566,40323,7621,191.0,0.2536915390049228,13.847254161741732,0.13537248196495244,191.0,3,1,44,1.0,0.5513830120049984,0.7220834564483092,0.6928502927238342,66.44223019824008,87.47262761420767,Critical
SYN-0235,AREA-03,Old Town,Central,REC-02822,3.471009594937205,262.7551951841736,50877,12908,161.0,0.3264321852510317,16.27379684738128,0.3501830689275726,109.0,2,5,36,0.3997160518756794,0.95,0.4612403445640677,0.7036276248255323,66.08300700274042,70.89557113685915,High
SYN-0235,AREA-04,East Gardens,Residential,REC-02823,3.1025504269716837,319.64954606285,28126,13403,76.0,0.7228642519151751,11.935537597297978,0.42740104660999545,63.0,0,7,14,0.5755662338555891,0.36237630109661495,0.38332589730315536,0.9220267892595524,32.901794300337485,66.39823594893204,Medium
SYN-0235,AREA-05,Hill Junction,Residential,REC-02824,3.337909352245378,279.39468432104024,12561,9429,43.0,0.6821917259677176,12.466138480215282,0.1131470999115569,440.0,1,2,6,0.7761586195809176,0.5990733920955156,0.5264294400759474,0.7216459758090051,52.02603320496789,51.97179572192382,Medium
SYN-0235,AREA-06,South Ward,Peripheral,REC-02825,3.539796628876317,244.75171188421567,22278,6009,62.0,0.37646687865441053,24.456894956278585,0.33250728842777,62.0,0,2,10,0.4490153052825867,0.5088133490766342,0.5453994499863252,0.7822969995273268,84.14778303450888,68.95214847706711,Medium
SYN-0235,AREA-07,North Estate,Residential,REC-02826,3.6828062118583365,276.8508344327681,27677,14289,96.0,0.47015968745784886,8.812264088632466,0.2444769409694838,113.0,2,5,22,0.7339330463312326,0.596334054090455,0.40790854120964126,0.8027638299052944,54.735739199189446,58.62658749224814,Medium
SYN-0235,AREA-08,Canal Quarter,Peripheral,REC-02827,4.995972106808704,353.6875482861915,59758,11120,276.0,0.02,24.792182329485208,0.3179137971510689,64.0,3,1,62,0.9688280871494459,0.8500915500103732,0.7812037513901902,0.6739330512174923,101.69283249656708,91.4306934721645,Critical
SYN-0235,AREA-09,West Park,Residential,REC-02828,2.6583466741394304,211.61282983090894,10251,6692,23.0,0.4785525261562891,6.2115857529448935,0.1226377347383815,236.0,3,5,3,0.26583624043417475,0.7142905747836857,0.7742357187912743,0.9514567868567007,43.13918519217604,43.98182702801806,Medium
SYN-0235,AREA-10,Lake Colony,Peripheral,REC-02829,4.021839892663674,262.0756499733711,23953,1024,92.0,0.3792043281786645,28.175256492653347,0.33013250492589297,342.0,2,5,26,0.7557900545074618,0.5929506534395991,0.3922837116530469,0.9459977378922232,91.63370836500614,70.60365081318741,High
SYN-0235,AREA-11,Industrial Ward,Central,REC-02830,3.5008035242127846,294.7775165749196,42378,1049,149.0,0.6539616025673971,21.707499066127586,0.1838130909646081,145.0,0,7,26,0.5509093458961285,0.33968519638814654,0.277681949891109,0.6567039984346851,63.57841528091021,62.103198093630425,Medium
SYN-0235,AREA-12,Outer Settlement,Peripheral,REC-02831,2.077724852064991,163.19583695290055,17292,18092,44.0,0.6765789513649169,22.428577737106586,0.6750561100312309,388.0,3,7,22,0.3390339797629828,0.7438497811203807,0.48917931302689577,0.8572619294832364,61.81949112155839,43.6086054676481,Medium
SYN-0236,AREA-01,Central Market,Central,REC-02832,2.977291854170603,253.1534748800267,57795,12808,175.0,0.5740933325227208,9.013737620997913,0.2995122517275614,289.0,2,1,40,0.45722074200206986,0.8576625213223803,0.2249541672167097,0.8594805248249207,40.114606065422336,57.387312638127774,Medium
SYN-0236,AREA-02,Riverside,Peripheral,REC-02833,3.3748316771379163,241.25558715047413,59331,16850,178.0,0.638628289268905,16.054971341909848,0.39836198390165756,386.0,0,6,51,0.7199946371618084,0.5804193926376753,0.32585695900611383,0.8687870965540455,51.76354927025792,60.688015378251706,Medium
SYN-0236,AREA-03,Old Town,Central,REC-02834,1.6749917054728485,136.94911243613825,26256,8561,45.0,0.8861222279978578,19.747219861809846,0.2584748854629233,199.0,0,6,11,0.2657107617975435,0.523710259124202,0.4065270040414649,0.7405421699474637,53.07905080745187,37.231373271355196,Low
SYN-0236,AREA-04,East Gardens,Residential,REC-02835,2.3535857341812156,210.7816526542029,49121,2922,111.0,0.6232388269652411,7.860772489462403,0.10597147966513916,263.0,3,2,13,0.33666666487212676,0.48364732489329665,0.4062663737400585,0.7091988338245729,44.706959815387705,46.98905297108899,Medium
SYN-0236,AREA-05,Hill Junction,Residential,REC-02836,0.9804494188886295,41.595182232513174,49745,19740,74.0,1.0,18.09516721844889,0.2385041712745012,131.0,0,7,18,0.10984317488037307,0.4298118150498732,0.24353409340803722,0.6803111985495385,49.61369405993111,36.67128454760469,Low
SYN-0236,AREA-06,South Ward,Peripheral,REC-02837,1.3536876607473232,157.60821550333264,45112,14716,64.0,0.5589436593305827,18.580173742814914,0.26295721560970176,200.0,3,5,12,0.18469581541786315,0.4166491520277137,0.5075880613729494,0.902442181671568,57.2107055509786,35.06192821697228,Low
SYN-0236,AREA-07,North Estate,Residential,REC-02838,3.1991564905885945,292.04029301507165,14155,13531,36.0,0.375497264853102,19.47387067575988,0.37902859856746285,411.0,0,3,9,0.403648486039768,0.9273313225232376,0.5910486439966713,0.8223194859117005,78.22934668322037,55.83279798489958,Medium
SYN-0236,AREA-08,Canal Quarter,Peripheral,REC-02839,1.9875996236888447,212.70494091416023,5595,1693,13.0,0.5512034062286909,19.068498080809142,0.42078886754808437,170.0,0,2,5,0.2746105170398036,0.49785975732649423,0.5893399390287826,0.8644703833004277,66.79721012993672,44.27130276150345,Medium
SYN-0236,AREA-09,West Park,Residential,REC-02840,1.473690448544361,114.76157936926424,24201,1694,30.0,0.7026465158413193,13.136647762980804,0.09912326733633839,207.0,0,0,7,0.2597354297218038,0.579324706470627,0.7418128281521769,0.8451800797981274,51.66977233821712,33.098989303656566,Low
SYN-0236,AREA-10,Lake Colony,Peripheral,REC-02841,2.544301120061536,214.43162385921863,10700,18491,24.0,0.480006049452957,12.575626708470638,0.5800881927737536,345.0,1,3,6,0.472575957074824,0.6977960165221658,0.16173151936092608,0.8802663509149473,58.5237050066839,53.28245124530747,Medium
SYN-0236,AREA-11,Industrial Ward,Central,REC-02842,1.9428028833499738,152.89482464654677,20770,17042,46.0,0.8237784798991376,21.486647009313348,0.14752910395837346,153.0,3,0,7,0.4682851674994657,0.34624633245002134,0.22551291105435256,0.8969158779750228,51.65076779109899,42.50155865741351,Medium
SYN-0236,AREA-12,Outer Settlement,Peripheral,REC-02843,1.9840755022743635,124.3795978839138,42396,2839,97.0,0.5981518810890277,21.82264134170171,0.3201211606782778,371.0,1,0,28,0.3595967183240714,0.22286308783398634,0.44957454423147813,0.7240754199554327,70.71010692991854,38.84344692703209,Low
SYN-0237,AREA-01,Central Market,Central,REC-02844,3.8694271888787446,294.174397839381,39300,11386,154.0,0.4572845814426015,14.006490566465484,0.4439225345115596,153.0,1,5,47,0.5879681639281665,0.4869775426412303,0.4862543808316152,0.8907901026078924,67.0787372690308,68.06675506854475,Medium
SYN-0237,AREA-02,Riverside,Peripheral,REC-02845,2.3485796811913446,148.95888363038318,15589,7497,42.0,0.5582566225782803,12.634547674127916,0.640800344368005,424.0,3,2,22,0.2701051476074291,0.30735934616935834,0.26437230865392874,0.7466096031683734,47.00461629813884,64.26771423798613,Medium
SYN-0237,AREA-03,Old Town,Central,REC-02846,2.553674198193356,223.972555699871,3606,12873,7.0,0.3650065530959557,15.501501912998744,0.39110607542383635,,2,4,1,0.46095079206235157,0.8589423310722782,0.3394805517640308,0.6596929419190809,61.78104504886027,48.336705723331825,Medium
SYN-0237,AREA-04,East Gardens,Residential,REC-02847,3.401230362057917,285.6434160155561,16602,17222,49.0,0.3419964883617235,9.955556514956179,0.540771632585474,443.0,2,4,21,0.5527872333187123,0.49530417595334275,0.22751597995471712,0.9366170645791531,46.2852504537929,61.3439259717943,Medium
SYN-0237,AREA-05,Hill Junction,Residential,REC-02848,4.053494200937386,342.21419458718157,30925,12845,79.0,0.3862734600172352,9.886390719492013,0.5157043777142918,273.0,2,4,29,0.6654642975411967,0.7567324824823294,0.5341876397788827,0.9130668392245179,52.06958767846632,73.40544761278574,High
SYN-0237,AREA-06,South Ward,Peripheral,REC-02849,4.268494609530702,332.8250977919319,51196,4534,190.0,0.18125929850397315,19.93897008281179,0.5243093658704276,329.0,2,0,68,0.7429193103128887,0.5910781834435571,0.48173047295413063,0.913385813681492,75.26881009105439,88.41131822680256,Critical
SYN-0237,AREA-07,North Estate,Residential,REC-02850,2.745916992049523,206.07481001199795,25321,8294,60.0,0.5877571226555326,12.254527521841592,0.3389921038229554,320.0,0,4,15,0.5199795217576214,0.5021991574595293,0.650350508602531,0.7815017401514837,46.695867183528485,61.35828257249756,Medium
SYN-0237,AREA-08,Canal Quarter,Peripheral,REC-02851,4.02786794187454,296.1434739169935,20370,18597,67.0,0.4845938936905352,26.873233955963173,0.46966649249853515,118.0,3,5,20,0.703679550542133,0.920157257079903,0.6044014402631533,0.9207455245278797,85.59484974375158,66.10446818513884,Medium
SYN-0237,AREA-09,West Park,Residential,REC-02852,2.6506525335624946,215.97655140771235,36959,1766,,0.619974705614067,8.180522119768085,0.7693629267741157,51.0,2,6,43,0.4213132498710516,0.95,0.3167113412344663,0.7514665281620162,45.640656426284494,56.07881277554157,Medium
SYN-0237,AREA-10,Lake Colony,Peripheral,REC-02853,4.738933845864262,391.9165344999167,6974,13509,32.0,0.05788907545224506,28.49540482951472,0.4004562450382338,434.0,1,3,7,0.6936564911588318,0.4920206706523305,0.7081808748152744,0.7543071113708016,94.97458535948311,73.92129162818574,High
SYN-0237,AREA-11,Industrial Ward,Central,REC-02854,2.370949548003039,238.3137077739117,16590,10231,46.0,0.5728950888078137,3.3269705931108224,0.1082816538522182,284.0,2,3,9,0.3216240857353822,0.6134008191149575,0.2214618759995693,0.7780734873985273,31.438766622676873,37.657774902975895,Low
SYN-0237,AREA-12,Outer Settlement,Peripheral,REC-02855,4.340749416972207,319.62545695047805,4776,9757,17.0,0.47756419070296147,21.14176881148807,0.22625430164987675,90.0,0,4,3,0.8252494151770859,0.41529712106642497,0.6043141571049893,0.90323574089414,72.01625205360769,62.36677934344919,Medium
SYN-0238,AREA-01,Central Market,Central,REC-02856,0.5363594202385155,104.34992605527167,35351,987,32.0,1.0,15.239620229425539,0.34475994154617806,289.0,3,5,9,0.03856288809881279,0.35371277147248237,0.5960452662513779,0.736903009893984,39.829770142076825,28.85230256739394,Low
SYN-0238,AREA-02,Riverside,Peripheral,REC-02857,2.672145469529175,198.20859459123096,30198,2888,83.0,0.5774049265437813,30.3781213932806,0.5251961191304988,154.0,1,3,30,0.2838324431623671,0.6108556789038772,0.2883244583249776,0.6760188267462856,91.65712747271401,55.45876116253337,Medium
SYN-0238,AREA-03,Old Town,Central,REC-02858,1.534604888775482,152.83718628630788,38909,9249,81.0,0.5976573470879929,9.361687938629036,0.040852782737222905,179.0,0,5,15,0.39491644324404823,0.24894261595972333,0.2563024654026109,0.7407337404317733,48.827039863891144,39.77932293457126,Low
SYN-0238,AREA-04,East Gardens,Residential,REC-02859,0.24873508216691698,45.68440077008903,41070,13306,45.0,1.0,15.24797484364379,0.3297298773450709,381.0,3,5,14,0.0,0.3453249041705392,0.18540063340648924,0.8107269232294992,44.924804734187944,35.31664864115241,Low
SYN-0238,AREA-05,Hill Junction,Residential,REC-02860,0.6437575220594891,89.16230015360048,27195,3745,41.0,0.9559175988097558,17.51265143296879,0.25271225639881073,265.0,1,5,15,0.11152257280009086,0.19000923712073706,0.5962979526013606,0.7616151884371936,48.00265576711065,24.557968164425446,Low
SYN-0238,AREA-06,South Ward,Peripheral,REC-02861,1.686493269872488,124.96536890614944,56805,11980,109.0,0.6469557672246805,27.484026206705824,0.5979462749672692,251.0,2,5,40,0.3400217818705488,0.2802329996152101,0.3911796365528345,0.901903085474872,77.83394691115532,57.669701809885844,Medium
SYN-0238,AREA-07,North Estate,Residential,REC-02862,1.9036638397859438,121.1262238091842,59890,18007,117.0,0.6650857357568447,20.256227395422215,0.4489998843662128,268.0,3,7,37,0.317663511695524,0.7679752278359828,0.8989727339862019,0.6770892677415337,61.36198484351347,44.57903576244625,Medium
SYN-0238,AREA-08,Canal Quarter,Peripheral,REC-02863,1.0049758323139244,67.93559901915148,9425,8734,13.0,0.6957876582116813,17.263510415564085,0.3337375764653055,140.0,0,5,3,0.0,0.7207884329101023,0.6079542458414318,0.8795804757612715,59.713313593834,30.954675668169997,Low
SYN-0238,AREA-09,West Park,Residential,REC-02864,1.0972749304642677,128.8151915434237,60007,14423,93.0,0.7696157208725538,18.691832102364064,0.12580224594239245,361.0,1,7,20,0.2297377146701851,0.7830042132415909,0.10792031007748015,0.7598324428899754,52.38785026163773,39.4355605568979,Low
SYN-0238,AREA-10,Lake Colony,Peripheral,REC-02865,1.6682307318087473,115.00720818312911,14792,8368,31.0,0.5090388225436925,30.09519227676169,0.3464883837372865,254.0,3,1,12,0.4372140453165073,0.5276182934739002,0.39905394509316594,0.7143439205011077,85.65064097235376,39.32865206283245,Low
SYN-0238,AREA-11,Industrial Ward,Central,REC-02866,1.1669870473021504,105.61883607623221,18025,2027,31.0,1.0,10.856791278439049,0.26544613280060386,203.0,2,5,4,0.2888817085770079,0.42140404277023735,0.11136432308138602,0.7316342902057646,34.20823751921216,26.610715027801515,Low
SYN-0238,AREA-12,Outer Settlement,Peripheral,REC-02867,0.05,69.96195486430216,35612,11988,19.0,0.9788776554035634,24.515958236699085,0.46956704480707534,355.0,2,5,5,0.0,0.21959036734852042,0.6012363895737035,0.7194957943431218,63.61495637643717,30.718144280693377,Low
SYN-0239,AREA-01,Central Market,Central,REC-02868,0.6750469309408293,117.48855473237222,4337,2022,4.0,0.8713018965582867,7.782749870348101,0.23558587377400073,281.0,3,2,3,0.3677771405837957,0.14987538931632458,0.8340961279400139,0.9513301034926991,30.721376539201692,23.471401190515394,Low
SYN-0239,AREA-02,Riverside,Peripheral,REC-02869,1.513522105174306,108.99669050934108,25256,8518,45.0,0.7103683022797295,15.382496439218171,0.19417956857453444,152.0,1,4,14,0.09315149796360059,0.8223990310265171,0.6959454414958207,0.7534080755625473,55.52427569934511,39.8302233049006,Low
SYN-0239,AREA-03,Old Town,Central,REC-02870,2.2978120838511287,117.34752210086016,14662,6305,46.0,0.7250704151077061,6.837269552454301,0.3364436729019272,355.0,1,3,13,0.2535583454845094,0.36475847050223686,0.3122708833386266,0.9344843926462153,33.33344425247778,37.91049161175661,Low
SYN-0239,AREA-04,East Gardens,Residential,REC-02871,2.6182120899826122,186.07659535906168,32658,13822,94.0,0.9145963343715617,2.0798533813455293,0.3341934755524544,245.0,1,0,25,0.5301939928882436,0.6592585823480942,0.242974791452043,0.7515498730710708,16.831532735524238,54.18551734706546,Medium
SYN-0239,AREA-05,Hill Junction,Residential,REC-02872,1.9490496872701342,172.70421565577527,53417,1205,121.0,0.8318412854920658,13.146820283563683,0.472403213828545,81.0,3,3,45,0.37918258865210036,0.5218800391430419,0.8019076771018235,0.6513121524567119,44.85337665005705,62.389620192411854,Medium
SYN-0239,AREA-06,South Ward,Peripheral,REC-02873,1.5552587594820648,161.22673665682694,60257,9004,100.0,0.7624361279198835,28.097365944719314,0.37621326746119893,157.0,2,0,28,0.26885000587578783,0.6581035467922077,0.1954718924985837,0.6523931865083109,71.77537044205283,47.47297494915282,Medium
SYN-0239,AREA-07,North Estate,Residential,REC-02874,1.9244772594389556,129.69823854965097,15761,2470,27.0,0.7351309052468663,7.0292525088441025,0.43648845742839304,332.0,2,7,5,0.2524174608429195,0.598705372331007,0.6678735954239109,0.7787068980733151,38.24432034021168,36.65811832546575,Low
SYN-0239,AREA-08,Canal Quarter,Peripheral,REC-02875,0.7920254704874893,38.48117123026233,36555,19604,44.0,0.7169855591225304,10.666229308463802,0.466888847119598,203.0,3,4,14,0.2917070524688262,0.262039101176874,0.2954776597866131,0.9489691101449913,41.44448227885706,34.30726617402467,Low
SYN-0239,AREA-09,West Park,Residential,REC-02876,1.2028413824464026,90.9509580568701,32151,14032,,0.9975274367768974,6.945699147761129,0.13979607120952503,328.0,0,4,7,0.1957544617192703,0.25867718103874826,0.3412620413679515,0.8571012577143127,23.103018626374762,30.204616683633745,Low
SYN-0239,AREA-10,Lake Colony,Peripheral,REC-02877,0.6661215735813926,67.72265061215742,28445,11303,33.0,0.8650156338065472,26.212414267921805,0.20111380884838173,126.0,1,4,8,0.0,0.12273123010271872,0.13739018839054085,0.8878270501701475,68.26505172273858,33.107684838213245,Low
SYN-0239,AREA-11,Industrial Ward,Central,REC-02878,0.32643206208680464,123.84665117550097,42043,17705,40.0,0.8547544768213194,10.400061604943202,0.18095809095031562,430.0,2,2,11,0.2022813376785497,0.1170838753219356,0.2359205165279848,0.7951367944345687,40.7658485317849,21.01749250157895,Low
SYN-0239,AREA-12,Outer Settlement,Peripheral,REC-02879,1.5922653599619379,146.79221187356865,64339,3245,112.0,0.7115468361261093,26.10950162857217,0.20855670589262726,330.0,2,6,21,0.2916917591497173,0.2468310448232663,0.1314479854687509,0.7463600648978935,62.727937517512785,44.921494885845654,Medium
SYN-0240,AREA-01,Central Market,Central,REC-02880,3.5554593422789025,290.5639333147456,27827,13211,90.0,0.6027220226914511,5.557475454727171,0.2592008861808444,140.0,0,3,14,0.7263773619210401,0.4441664689230852,0.516392773677822,0.8750279788162114,30.668688349047013,61.929992540560384,Medium
SYN-0240,AREA-02,Riverside,Peripheral,REC-02881,3.957170684618318,330.22028662734954,6575,19377,28.0,0.074496389398292,23.48095132382678,0.4192257499386047,168.0,0,6,9,0.7282342822510853,0.8219444618678629,0.4599169372895996,0.8528082778285074,99.11497964996694,74.40534438284946,High
SYN-0240,AREA-03,Old Town,Central,REC-02882,3.8439381617250654,276.36969466750986,59748,9762,192.0,0.3511622422483307,16.351108605942258,0.2065154689068261,172.0,1,3,41,0.9276510898321935,0.5938710534532805,0.5259392328125055,0.6621906462261965,71.09877481780485,82.80694279239547,High
SYN-0240,AREA-04,East Gardens,Residential,REC-02883,3.601164114070197,277.08946437390256,60757,19719,199.0,0.5393688031549612,17.993145279174502,0.6526472913537423,247.0,1,3,75,0.5629975863966322,0.842294553856412,0.15227263572321306,0.8435834473387666,62.20859471542951,74.43157380730551,High
SYN-0240,AREA-05,Hill Junction,Residential,REC-02884,3.852342029553151,297.99214056501864,22647,17113,116.0,0.22973675940310803,15.36529231572624,0.09289748211813081,179.0,1,2,14,0.6439881938840715,0.6643583326717575,0.7448813870902852,0.870758063162511,71.88135926847323,57.0950159468726,Medium
SYN-0240,AREA-06,South Ward,Peripheral,REC-02885,3.3729022200291263,277.4278866546721,33853,19863,87.0,0.19585794928968703,29.126466024324646,0.3943052282148587,369.0,3,3,19,0.6485300472800294,0.49966067085927135,0.19932270504768904,0.7789474968484252,103.40368432841144,69.71565861948379,Medium
SYN-0240,AREA-07,North Estate,Residential,REC-02886,3.737361813189028,279.0710283016733,56411,3429,194.0,0.4443139373062247,3.6463454417596806,0.3460669139988293,120.0,0,1,48,0.5864385612346997,0.6055237744098043,0.7655197645341106,0.7696836790175664,47.2853797727255,70.50703334929455,High
SYN-0240,AREA-08,Canal Quarter,Peripheral,REC-02887,2.82613317486202,255.0177464671102,33984,6458,108.0,0.5433266666107102,21.563668228923078,0.21516238068322727,98.0,3,3,17,0.5673387208699716,0.45095275520771466,0.3576870943983763,0.9255977183559579,69.29691098520387,62.09383426488505,Medium
SYN-0240,AREA-09,West Park,Residential,REC-02888,3.7028134375224115,313.7877598886636,32574,15739,111.0,0.5461401635749965,10.445686441147567,0.5203556725443048,60.0,3,2,32,0.2634460050018809,0.7148207963472311,0.45515593090626794,0.77980702352325,55.631421656732854,61.96940278304177,Medium
SYN-0240,AREA-10,Lake Colony,Peripheral,REC-02889,3.9417828452399153,287.71294450534725,60122,7193,229.0,0.5180383479893872,30.984937703322682,0.8,311.0,3,7,93,0.6482298168409046,0.506418689500896,0.6221107287885882,0.750256628256636,94.08759553134618,82.50746057556024,High
SYN-0240,AREA-11,Industrial Ward,Central,REC-02890,2.871303554553345,249.40715863274136,54300,14512,175.0,0.6078891689092715,12.536365088791735,0.39941040781199655,405.0,3,3,45,0.46619149618558264,0.42766724072070306,0.5843218543891119,0.9246470247847445,46.13851925964365,61.9891853523234,Medium
SYN-0240,AREA-12,Outer Settlement,Peripheral,REC-02891,3.448514376205385,275.82978850623766,34207,620,109.0,0.35248964491598345,24.390407231510245,0.1878299105080296,175.0,0,5,20,0.5580465704156542,0.5372573629840428,0.5526471240169534,0.9946949929045883,81.6430471376738,61.37329227211194,Medium
SYN-0241,AREA-01,Central Market,Central,REC-02892,2.8139193775562297,302.7587172766046,12593,12595,38.0,0.449168136803498,20.299649136852295,0.3659522982549288,372.0,2,2,9,0.3637553291050248,0.3018616681230948,0.42012062476438927,0.7146752771153387,78.67977442431271,52.21679430942875,Medium
SYN-0241,AREA-02,Riverside,Peripheral,REC-02893,2.891596028046825,254.8395517977916,29900,17811,87.0,0.42902124210220016,12.992320896489215,0.37160747404663075,240.0,1,2,22,0.5906674119666935,0.8480047580013719,0.48387680672739897,0.7824505160474187,65.89638502303582,52.08378890032286,Medium
SYN-0241,AREA-03,Old Town,Central,REC-02894,2.4128579011779934,208.42314602730448,44778,5748,98.0,0.7471034107946881,8.12504894456638,0.2879416385296075,156.0,3,2,23,0.34160960467703316,0.5569267608191037,0.15242347803704598,0.6509181806150967,36.120767999573076,42.73069352939912,Medium
SYN-0241,AREA-04,East Gardens,Residential,REC-02895,4.325421325392962,304.0737868043692,19530,14340,76.0,0.48476767886343947,7.789626246136667,0.7078935401859907,333.0,2,5,35,0.7449364822407987,0.920677213396744,0.2296635949000793,0.8200067506393263,51.69003122965242,77.08779819492553,High
SYN-0241,AREA-05,Hill Junction,Residential,REC-02896,4.165349525035756,279.7134594753513,36080,2422,120.0,0.44860534730241314,3.455275710958883,0.22595100133791834,40.0,0,1,25,0.6897652840735701,0.7294372084616152,0.686212877417598,0.7489919397897387,40.73780220974628,68.36709665216515,Medium
SYN-0241,AREA-06,South Ward,Peripheral,REC-02897,3.742748468641587,299.1110722194771,43676,5991,153.0,0.4216690066255438,21.760007235126345,0.5544215526406239,,0,4,74,0.6838351163827202,0.6539036615851603,0.6378069101528208,0.9389684089983392,76.3191332059885,73.1522946987767,High
SYN-0241,AREA-07,North Estate,Residential,REC-02898,4.890558146814769,306.63785538144424,7813,4004,30.0,0.46848788653488327,7.437638932695489,0.07010329310538072,443.0,2,4,1,0.9868083203375946,0.7879452532739195,0.369447506317538,0.9705201656794741,47.08385177874654,69.6458711729042,Medium
SYN-0241,AREA-08,Canal Quarter,Peripheral,REC-02899,3.161404828005004,294.20919885302703,38102,4139,125.0,0.4464359452536944,13.468498370699256,0.4923127024806464,392.0,2,4,42,0.5503132672931047,0.3823300047995166,0.733908835700917,0.6906597962844699,52.1076488630431,57.85942071920613,Medium
SYN-0241,AREA-09,West Park,Residential,REC-02900,5.738211317348226,351.20242296945577,48597,10021,231.0,0.36072867610127646,1.4597404299548227,0.06186464532863267,401.0,1,0,42,1.0,0.7749181238137643,0.7449278681641069,0.9523310285874792,37.13506444890772,82.4127556257843,High
SYN-0241,AREA-10,Lake Colony,Peripheral,REC-02901,3.130777852969141,212.62554933019072,15896,17854,,0.35449347986839874,10.52614932706671,0.33074986640964466,409.0,1,7,16,0.5391807294489407,0.3918628350614913,0.5220030544881336,0.7252450033500673,54.24406075963456,59.46145991454706,Medium
SYN-0241,AREA-11,Industrial Ward,Central,REC-02902,3.5169560666645303,298.60266371329675,36776,2516,132.0,0.49883122532210683,9.206008810224398,0.4377081165868597,221.0,3,2,37,0.5254383611729095,0.8728505205792338,0.8838785455206896,0.7577863112152763,53.468882236205445,69.08214301359709,Medium
SYN-0241,AREA-12,Outer Settlement,Peripheral,REC-02903,2.9945790541075508,233.58526582436065,46838,7418,125.0,0.40305894484169247,22.829603836040327,0.5576611696018701,60.0,0,4,36,0.48210960463073216,0.45677063975877713,0.31323277519626247,0.9600098999715372,80.78295421076547,64.7134276871886,Medium
SYN-0242,AREA-01,Central Market,Central,REC-02904,1.9801921923312376,174.20338615670644,5268,1389,10.0,0.8178977088823076,5.463862740453005,0.15555584346711746,267.0,0,2,4,0.2960069462844688,0.3323833735111521,0.33579062655456093,0.7778359911048289,27.027399210847314,39.467090177076074,Low
SYN-0242,AREA-02,Riverside,Peripheral,REC-02905,2.350823686591989,172.17902554698463,42755,11477,127.0,0.42914655028614757,29.112690776120022,0.4176872354683662,212.0,0,7,36,0.4599834035956757,0.431249713722748,0.10746109710304293,0.65590271987873,96.62581728690961,56.10980617120717,Medium
SYN-0242,AREA-03,Old Town,Central,REC-02906,1.5911986298405263,139.59992945402902,18733,12816,37.0,0.7386203347619074,5.413890339300519,0.3572122160861688,367.0,2,7,2,0.27799801671238983,0.2308494097310217,0.21988680959273266,0.6681321554149064,23.725060692147707,42.93211685872983,Medium
SYN-0242,AREA-04,East Gardens,Residential,REC-02907,3.1037076219770903,262.26736323337997,27333,3582,83.0,0.3423197540244889,6.6788298981615615,0.4441620179667005,368.0,1,4,21,0.4219728537554081,0.3634308972983622,0.7543695778933126,0.768185945591831,44.89744898552702,69.95726386351818,Medium
SYN-0242,AREA-05,Hill Junction,Residential,REC-02908,1.8736511719897622,136.8195523913972,43000,5082,100.0,0.8090139661898167,7.387453830431924,0.28494844330844993,376.0,3,7,28,0.2856397236380427,0.7082696965924541,0.6034024814239831,0.9595468891079748,38.73449609115738,36.934472079804706,Low
SYN-0242,AREA-06,South Ward,Peripheral,REC-02909,1.8987200531711528,155.55502417206992,2775,3932,5.0,0.7637940256430965,13.312779576458956,0.5592169477609124,372.0,0,6,3,0.13334333830606174,0.3990340197621296,0.2521115216578756,0.6810360502390507,49.282549656595826,39.059175293566675,Low
SYN-0242,AREA-07,North Estate,Residential,REC-02910,0.9551335886720195,102.24251014609692,3549,1800,1.0,0.9755662517419289,21.980911664433886,0.5134763095927682,384.0,1,7,0,0.13703654880728644,0.20924633807370088,0.6418345938726033,0.7184510639401356,47.0202345722834,32.29216975963332,Low
SYN-0242,AREA-08,Canal Quarter,Peripheral,REC-02911,2.017131003923301,162.98968220026882,30411,8060,74.0,0.6951169730671112,25.05615428563401,0.3607767540074922,212.0,1,4,15,0.3363452048023933,0.45889589377379414,0.2308457219891653,0.9885687542754219,73.39825035593968,41.206714359924604,Medium
SYN-0242,AREA-09,West Park,Residential,REC-02912,1.575109967635501,164.90757779176533,61860,6376,115.0,0.8802126520486236,7.308224525622276,0.2243466076816538,305.0,3,5,17,0.4795321119855628,0.7359921449228071,0.4253557536817295,0.794015110917844,23.07337319101828,42.01784832644482,Medium
SYN-0242,AREA-10,Lake Colony,Peripheral,REC-02913,1.195739960813164,131.5062716540047,2878,5387,5.0,0.7965596648985376,30.436832558971098,0.3019972699235687,157.0,3,4,0,0.36110424077019776,0.2395111149477151,0.8984556070906721,0.9554262621379364,76.88072256835136,29.60181745828769,Low
SYN-0242,AREA-11,Industrial Ward,Central,REC-02914,1.0611522177643025,105.83621179393657,51798,17050,71.0,0.9251661642137271,14.330050574692766,0.2202074189880097,292.0,0,5,18,0.052769751243151,0.6722648804381433,0.3530400830531063,0.7841840544667736,43.94234830267864,27.19178428383969,Low
SYN-0242,AREA-12,Outer Settlement,Peripheral,REC-02915,3.8197424480883417,237.10317353592848,7187,4840,28.0,0.4267056721830672,26.156259808330713,0.40893881839016233,264.0,1,3,5,0.6608360716678705,0.4767263250768155,0.6433978092351091,0.8314072898513347,85.07451944547887,61.91788388052699,Medium
SYN-0243,AREA-01,Central Market,Central,REC-02916,2.333142316688036,227.10919772986574,33058,5582,85.0,0.5946782200747679,8.217732990662151,0.18611908423753412,58.0,2,3,20,0.415174290475989,0.3866700067981848,0.10485129518427404,0.9814278313551617,42.303660887048146,45.924194527247884,Medium
SYN-0243,AREA-02,Riverside,Peripheral,REC-02917,1.37833578020625,101.87944354309462,29413,8445,52.0,0.6630097775487435,14.551305599803344,0.5949056775369179,346.0,2,5,18,0.2020701477026002,0.48892138750625114,0.3396092653112011,0.9847326162564638,48.4656172592013,47.394243703190966,Medium
SYN-0243,AREA-03,Old Town,Central,REC-02918,1.9853469490452063,222.32916485920202,31755,17282,65.0,0.7304806184186926,10.445916986304907,0.5217179334202571,315.0,0,7,19,0.31088853518845505,0.7929047159685669,0.3444915619767752,0.7079372251631967,47.44144534548648,45.42165165076625,Medium
SYN-0243,AREA-04,East Gardens,Residential,REC-02919,2.5026698452502933,177.32833782222042,7619,4582,22.0,0.6093416050210172,9.751010570360235,0.34254890898652784,323.0,1,0,1,0.3746376716799853,0.3485646310563008,0.7703726342540258,0.886864328286368,47.611631125535816,57.04927740081273,Medium
SYN-0243,AREA-05,Hill Junction,Residential,REC-02920,2.981257742924452,241.4059877241163,49595,12138,149.0,0.39466675966639586,21.675491517342877,0.3882248915998376,135.0,2,7,41,0.7216013089134053,0.487073349960891,0.2363645679322792,0.7984759578867519,73.5388311323186,64.40283619378744,Medium
SYN-0243,AREA-06,South Ward,Peripheral,REC-02921,2.9877613342115152,253.28228562739014,19729,18912,67.0,0.31351233478311535,13.04750936256334,0.15866671625154838,142.0,0,5,7,0.4480181119565126,0.5159048974021069,0.35769042993675215,0.7024170566447528,64.16618148343512,55.45933166313962,Medium
SYN-0243,AREA-07,North Estate,Residential,REC-02922,3.0852157582524846,234.64069529489953,50690,16768,140.0,0.5956669276474691,3.83861050308443,,54.0,2,0,36,0.5551150836073263,0.5047224026930923,0.23042490813086652,0.659020706298768,32.30133342246327,59.5891987210414,Medium
SYN-0243,AREA-08,Canal Quarter,Peripheral,REC-02923,2.0280358715214004,181.18089258019464,43468,11884,102.0,0.7047680870336341,23.04486278826425,0.2845537652370327,40.0,3,4,22,0.0345223625394,0.9491188696905919,0.48113604586415004,0.8277287345639452,65.15945186420953,35.1832858354348,Low
SYN-0243,AREA-09,West Park,Residential,REC-02924,2.8162764716325004,214.58213165490332,36955,14850,86.0,0.6068423230706147,12.800241329081402,0.18969013060802917,335.0,3,7,7,0.5682076179467328,0.5657444965337151,0.31757323594887055,0.6828072068026291,52.04863036607312,60.48856436422625,Medium
SYN-0243,AREA-10,Lake Colony,Peripheral,REC-02925,1.8430765455428015,216.475545919388,21788,1351,52.0,0.9537479070465111,21.470786143271972,0.5257900925057086,403.0,2,5,22,0.4492900011274259,0.24346450023841168,0.24252468823614326,0.9784293756463858,63.151925056476884,48.17789329851216,Medium
SYN-0243,AREA-11,Industrial Ward,Central,REC-02926,2.048209730420055,179.19975204241285,43266,14106,101.0,0.6028791461225598,9.65264271688707,0.40282552794820875,202.0,1,4,28,0.21512468491126785,0.5451251196212119,0.44522275227582964,0.7374792462867152,40.85468798802746,44.63804787962726,Medium
SYN-0243,AREA-12,Outer Settlement,Peripheral,REC-02927,1.8097569372310567,154.1421355737441,64853,4794,124.0,0.6800270858355358,17.58355882398731,0.39067236739681505,222.0,1,0,43,0.2401997461945658,0.6856959611135911,0.4783117687078603,0.8039371385277446,60.7778909757785,50.86214230266282,Medium
SYN-0244,AREA-01,Central Market,Central,REC-02928,1.810674638144416,165.02053157531162,60195,6014,107.0,0.9014498639377148,2.8297532991982783,0.39960536378629524,198.0,3,3,32,0.35595952877256826,0.5015736921527338,0.34723747791515686,0.9042318313161116,23.87764540726909,51.34468920591425,Medium
SYN-0244,AREA-02,Riverside,Peripheral,REC-02929,3.612753312909439,308.7957899633932,59768,9249,209.0,0.502095790732548,26.642056104741933,0.24805634562619827,381.0,0,2,66,0.6044608354810668,0.6634886669947799,0.8734753882620852,0.8276849480696562,85.64049111132498,66.39129755306584,Medium
SYN-0244,AREA-03,Old Town,Central,REC-02930,3.312275082606142,267.01057399541327,16231,16225,46.0,0.6148895118480944,10.37597718318335,0.5304365823767712,386.0,2,6,14,0.6080101979633304,0.5292092824744795,0.21647869688958715,0.7820750442172927,50.72017320075709,60.4604258303786,Medium
SYN-0244,AREA-04,East Gardens,Residential,REC-02931,3.5427180178055355,275.7791126385956,39081,8889,129.0,0.6324499543682781,19.842890043462305,0.48349265708352757,397.0,2,4,43,0.555984075218617,0.7691084891891014,0.6711013468145488,0.8703607702501879,64.04496292225559,71.62848449058433,High
SYN-0244,AREA-05,Hill Junction,Residential,REC-02932,2.792836174642469,178.49494899342,27362,4544,83.0,0.6156502572689784,11.40762534641012,0.21013687156652625,74.0,0,2,10,0.6890645422199274,0.4954245335509053,0.5218741480985992,0.7191903182398375,50.64656791245955,53.792246552909496,Medium
SYN-0244,AREA-06,South Ward,Peripheral,REC-02933,3.382831880915149,294.5444678502621,62934,13902,,0.6059493460503451,28.974277281880855,0.31510296167684837,424.0,1,3,51,0.483436497629177,0.42443226073415996,0.407761544009529,0.8217626348985282,84.32464494957877,71.45780796879396,High
SYN-0244,AREA-07,North Estate,Residential,REC-02934,1.3523541981089957,138.41136084557237,61880,12151,98.0,0.9646495050272519,20.404169756133804,0.36461723626359255,44.0,1,5,20,0.5483813319172852,0.4830329547255481,0.6393020125701006,0.9871052394978153,45.806229934616965,42.55704493173332,Medium
SYN-0244,AREA-08,Canal Quarter,Peripheral,REC-02935,3.451855736259316,251.0092621059778,56751,15565,202.0,0.2944728848384302,21.74336181863661,0.3770485692628576,,1,0,52,0.724340159458449,0.3141244255031014,0.22297377543719082,0.9246649079486366,76.50306282279128,67.35295893615846,Medium
SYN-0244,AREA-09,West Park,Residential,REC-02936,2.903081585827056,238.5017779763374,12670,10259,39.0,0.6321567305003385,17.7464343162954,0.11623418766961524,159.0,2,3,11,0.5837007654572947,0.766238471659735,0.8440681928513996,0.7671448369033103,65.48068252608267,45.67692455841072,Medium
SYN-0244,AREA-10,Lake Colony,Peripheral,REC-02937,3.263073401942364,293.8264502184725,22431,11621,65.0,0.23749412818484678,12.182440027918247,0.43311090629397153,310.0,1,0,15,0.418988250867518,0.5305174724486463,0.7665192125527864,0.9694241503692242,62.56942280888302,58.95027100211895,Medium
SYN-0244,AREA-11,Industrial Ward,Central,REC-02938,3.0654043610619226,260.70298964289304,46954,2046,125.0,0.7534580662396159,3.4617518604618827,0.11799317970660723,149.0,0,1,24,0.6200626128870504,0.503936203190408,0.69517922937898,0.9562057365836271,25.1619319902213,54.07733380476463,Medium
SYN-0244,AREA-12,Outer Settlement,Peripheral,REC-02939,1.9717415981935225,227.21975958427169,49349,7449,122.0,0.6308639491767148,24.70615270271086,,284.0,1,3,32,0.4010962113805942,0.6597126329023333,0.8666205553334414,0.7450131316013225,78.00441662363583,48.22515791045688,Medium
SYN-0245,AREA-01,Central Market,Central,REC-02940,2.3193337560998346,216.98729794480045,24393,1221,57.0,0.8371460154340646,2.0680755088780094,0.07176665157238718,405.0,3,4,6,0.132202377695888,0.5524692682829129,0.852588298241393,0.9769696739530811,20.03516296740062,37.54387378584197,Low
SYN-0245,AREA-02,Riverside,Peripheral,REC-02941,2.9481222434663015,173.74635408960057,11051,4158,35.0,0.4541399853425782,24.9401422932116,0.5460442153664105,107.0,3,3,6,0.3228016703778367,0.3684436735238232,0.2615519507171451,0.8198729524903665,85.26794693652768,55.49753661545785,Medium
SYN-0245,AREA-03,Old Town,Central,REC-02942,3.9696994014310016,335.8586162930437,11056,16407,37.0,0.22148998394782238,5.843754823597037,0.2617430591394234,400.0,1,7,4,0.7045319180750266,0.6289361875525251,0.80925998291656,0.9764882313625165,52.294144138965045,66.84443196210613,Medium
SYN-0245,AREA-04,East Gardens,Residential,REC-02943,4.069838708552989,252.243164345074,45284,1223,188.0,0.7467066857309805,5.930083161970065,0.32695980277467696,219.0,1,3,56,0.6623104848256008,0.562719009629714,0.732994904593073,0.8423854618142748,26.84214112198002,73.26817846431315,High
SYN-0245,AREA-05,Hill Junction,Residential,REC-02944,2.423411754507182,238.04997442887606,30885,6086,60.0,0.6764529800314633,8.564964603430848,0.5277691398425159,285.0,1,5,19,0.3419245739384306,0.4094263851633915,0.44701944436598795,0.6838588265628337,45.15568591569901,48.384837252627506,Medium
SYN-0245,AREA-06,South Ward,Peripheral,REC-02945,2.7328860824381005,244.19083743336958,33192,1675,,0.37737091365045,29.413382127830875,0.6061715477134808,216.0,1,7,39,0.5849549170743389,0.3729052655187912,0.5250312691317621,0.6987097100820131,89.61465706330867,73.50936906747337,High
SYN-0245,AREA-07,North Estate,Residential,REC-02946,2.9391770276600004,281.4453954819145,53460,9036,166.0,0.7260066907345066,15.923292532141923,0.4110670843544476,121.0,1,5,55,0.38380932333301443,0.7256466090630778,0.5496619855142163,0.8242498663714808,59.11381475974178,56.16119960721584,Medium
SYN-0245,AREA-08,Canal Quarter,Peripheral,REC-02947,3.2319215281992193,263.36151128688925,3551,8503,11.0,0.6718338598014247,25.781518314605094,0.16660930903717774,118.0,2,1,1,0.4840246748712761,0.9490806631296208,0.514412678143163,0.6586919215730297,77.55422065369517,39.35033137007964,Low
SYN-0245,AREA-09,West Park,Residential,REC-02948,2.42812491173055,206.414546238052,49658,14976,107.0,0.6357699314228813,17.44417318757775,0.382220951634032,58.0,2,0,41,0.32704391072639033,0.7343850600812558,0.4395878409798144,0.9189426257765676,56.847861398347476,58.837834102342725,Medium
SYN-0245,AREA-10,Lake Colony,Peripheral,REC-02949,2.380124163500566,231.86765575488647,19639,526,46.0,0.534873527822684,27.464020026156604,0.6909454105701438,193.0,1,5,21,0.457907671528995,0.7335317739501738,0.5979569318262016,0.7576863821098008,86.50539300861439,52.8145606881645,Medium
SYN-0245,AREA-11,Industrial Ward,Central,REC-02950,2.860297339286629,190.61522901404982,60700,3131,157.0,0.6281239206652613,4.577041316899177,0.1394053221478942,80.0,2,1,25,0.2703812392359171,0.32563975003476003,0.7588311229789279,0.6609576890503261,31.70760722909274,54.683177855980475,Medium
SYN-0245,AREA-12,Outer Settlement,Peripheral,REC-02951,3.5867686453926764,274.3492922874303,62211,7101,179.0,0.24453591385877319,29.778832571363687,0.25686602023857263,218.0,3,1,42,0.5380741520100641,0.33207635063190855,0.8626235972841891,0.8770287130352228,95.95405961872144,67.1647378198799,Medium
SYN-0246,AREA-01,Central Market,Central,REC-02952,1.8085042129061248,150.65249974248312,33883,1631,65.0,0.6639293162433781,9.337186533807271,0.2754354079836222,234.0,2,6,11,0.09468554233816515,0.3770545208867789,0.6328061384807506,0.8619824524699308,43.17568130347904,39.309338709819635,Low
SYN-0246,AREA-02,Riverside,Peripheral,REC-02953,2.6603368767315043,200.03746094859153,22239,648,51.0,0.721383940981392,21.796184449724993,0.3139023250529991,367.0,0,0,9,0.4058444224262233,0.5600023069941991,0.8572907765329247,0.6943018893947929,68.62721117071607,49.110357538051375,Medium
SYN-0246,AREA-03,Old Town,Central,REC-02954,3.59982193762237,256.86749162083106,17073,11852,41.0,0.4801601561849264,18.015587817803468,0.4974147502568782,339.0,1,2,17,0.686736204107964,0.95,0.8700205650910803,0.713442392237007,68.21068068710066,60.33832870011116,Medium
SYN-0246,AREA-04,East Gardens,Residential,REC-02955,1.7115558947781093,155.992715591829,13840,17291,27.0,0.6598753373680394,18.90422216668818,0.11597618571893813,391.0,0,4,4,0.3741668952260049,0.27096293898388146,0.6202823707783811,0.9101987061094459,57.73025955095442,35.24879224715808,Low
SYN-0246,AREA-05,Hill Junction,Residential,REC-02956,2.587823077980486,229.75760889994484,64950,1888,158.0,0.583459741519139,11.62823442772922,0.1447915051938693,50.0,1,7,30,0.34399204639798453,0.469477363972416,0.3265281680933523,0.7028849427968598,43.17993555879753,53.643042623781085,Medium
SYN-0246,AREA-06,South Ward,Peripheral,REC-02957,3.5727850717095357,316.85017845554125,14220,4617,53.0,0.508548932440281,21.43904892629866,0.16834954518647866,334.0,2,6,7,0.6594628129681674,0.7507636743494642,0.5148733975479458,0.6522566202003788,71.65560092932498,61.32098540098029,Medium
SYN-0246,AREA-07,North Estate,Residential,REC-02958,2.41836497241787,188.64987009398348,30410,17681,77.0,0.4243212776465055,9.60157498268025,0.21666280373462038,152.0,3,5,16,0.38084121806691906,0.33240392948198516,0.8233078182348924,0.9998995793039478,46.75590891063877,46.23671435523916,Medium
SYN-0246,AREA-08,Canal Quarter,Peripheral,REC-02959,2.2940439320221824,178.08707624665416,32450,13440,83.0,0.5893918371993563,11.039962575071385,0.24188885600040427,370.0,2,2,22,0.5456708521064394,0.3907764881293533,0.2016221625111995,0.7515609034808908,48.0104808958008,37.9913029058454,Low
SYN-0246,AREA-09,West Park,Residential,REC-02960,3.6837763361540965,194.81580612325803,44948,6206,143.0,0.7797375623435218,14.599769428349948,0.18383454068771438,412.0,0,1,24,0.5983671793154756,0.5351916870383254,0.6939747561910065,0.9618680986260011,47.83885460293739,67.91795571389609,Medium
SYN-0246,AREA-10,Lake Colony,Peripheral,REC-02961,2.508018021531679,246.95650469749967,55165,17896,134.0,0.7726049922602485,24.2213598719348,0.38844208987776135,80.0,1,4,38,0.06123732011462657,0.42584394853124746,0.8569208574274535,0.7949266346861747,71.0988278204523,50.87501943293595,Medium
SYN-0246,AREA-11,Industrial Ward,Central,REC-02962,3.636575704873372,235.6366628427066,37374,11406,134.0,0.5596637350159687,10.932817194964999,0.6268924711288758,250.0,2,4,43,0.7134576718575454,0.8525608227380546,0.6741942023361726,0.986972181506268,52.70878495210258,67.03956722562185,Medium
SYN-0246,AREA-12,Outer Settlement,Peripheral,REC-02963,3.0961519976106766,255.6626332500359,49875,17846,135.0,0.6045118335397829,11.010293804182341,0.44517908986410043,268.0,0,5,48,0.4609334290264221,0.4464897792843105,0.8585373808298894,0.8004591945068916,52.75259123827438,61.61719827993922,Medium
SYN-0247,AREA-01,Central Market,Central,REC-02964,1.9280561128730664,174.10078395682336,37917,9428,76.0,0.8868912983733237,12.882920913856834,0.2695715276674051,153.0,0,7,25,0.28843869122091237,0.6348261292967625,0.6778287190334769,0.912256066542641,40.20169206104439,35.13914041648802,Low
SYN-0247,AREA-02,Riverside,Peripheral,REC-02965,2.58608425967896,237.80610641548196,29803,16543,75.0,0.5028459632262537,12.164612892833143,0.4081088750942883,146.0,0,5,20,0.47132485994868684,0.6030692739772386,0.8890968544044647,0.9879754690895192,52.206538127166,52.174886251096105,Medium
SYN-0247,AREA-03,Old Town,Central,REC-02966,2.458691446277766,173.42751478938553,12359,7603,31.0,0.7667584539248297,10.534623061853535,0.5021155353112077,97.0,3,1,9,0.23881695814399256,0.34022357957355415,0.8687587350027554,0.748810063980751,42.59486762617055,45.92713875649998,Medium
SYN-0247,AREA-04,East Gardens,Residential,REC-02967,3.0190380920029147,253.46177176628,15545,12850,55.0,0.7919646293740747,17.766995264847097,0.44317987310348733,211.0,0,4,13,0.512131444319257,0.40847520044321217,0.6020176092615999,0.6603950315779845,55.9724173122521,57.23255476550964,Medium
SYN-0247,AREA-05,Hill Junction,Residential,REC-02968,1.763655404908921,203.49226687839186,29526,5058,43.0,0.6014367741378553,5.767489437186639,0.5367541024344155,328.0,1,6,17,0.35808220687108216,0.2745190624324905,0.5800660743292368,0.8070239035477342,39.37254875799307,45.739891926110914,Medium
SYN-0247,AREA-06,South Ward,Peripheral,REC-02969,2.2352966886262315,192.2696527994565,5379,4832,16.0,0.6362565688901192,29.29661872292946,0.29880152326828047,328.0,1,7,7,0.41623715083994023,0.23926869730099515,0.8174927726164174,0.9164512843109699,92.69276288819331,33.18793555127062,Low
SYN-0247,AREA-07,North Estate,Residential,REC-02970,2.1531192915172257,153.6676139704012,22272,2528,51.0,0.7419403529582145,15.87389599339041,0.20827170883168894,358.0,2,3,9,0.2869814651288604,0.525676592609899,0.7162827225533152,0.8474011097599905,55.39336998916299,34.934484427864966,Low
SYN-0247,AREA-08,Canal Quarter,Peripheral,REC-02971,2.7656503485127635,175.75178130542022,31414,8778,95.0,0.5051886894051184,15.407173540291295,0.26602497921227675,428.0,2,1,21,0.5799735603746766,0.5421790476202732,0.5782997146166492,0.9423392515139611,66.52394565530714,61.086216846483225,Medium
SYN-0247,AREA-09,West Park,Residential,REC-02972,1.3821884796455952,174.5104783264042,32039,4096,41.0,0.8082496095294622,5.824954256640575,0.21556434407434144,299.0,1,3,5,0.11066523269808591,0.736117477376557,0.6711632288256058,0.743346623084282,23.899528465657262,26.693144743705652,Low
SYN-0247,AREA-10,Lake Colony,Peripheral,REC-02973,3.0159134737912208,222.8587434400768,53423,8478,166.0,0.4855725103728805,11.567324115364979,0.31535190314982986,186.0,2,5,25,0.42758964974647007,0.3293395075357922,0.15644722952995452,0.67377717270079,48.842943321701505,64.31267837988769,Medium
SYN-0247,AREA-11,Industrial Ward,Central,REC-02974,2.575394852937269,200.18493334670714,62978,9504,162.0,0.6773133843307205,19.351624751059234,0.39460093574771277,154.0,3,1,49,0.4129123032262875,0.45527883376735245,0.8641716071970713,0.7273215893884944,57.73990353270455,56.277999823910925,Medium
SYN-0247,AREA-12,Outer Settlement,Peripheral,REC-02975,1.1487917762945787,190.5266396232647,48105,12009,69.0,0.8534029864623403,11.323446234358233,0.19277051434791148,276.0,2,7,22,0.2269214991617183,0.39643602193761013,0.44003010280868715,0.7300601988214064,38.58662142648825,39.91397063082944,Low
SYN-0248,AREA-01,Central Market,Central,REC-02976,3.058002145831159,266.45825695667395,7470,2485,15.0,0.6290614591708993,14.152393456269916,0.2806780538046668,221.0,1,6,6,0.4707218261024742,0.6072866774645693,0.17173454830491136,0.7673414953148853,52.42767029785585,49.462242242862416,Medium
SYN-0248,AREA-02,Riverside,Peripheral,REC-02977,3.878666350084943,326.4830267292664,28037,8079,91.0,0.3156415196269433,25.780562190921785,0.385645196858569,83.0,0,2,21,0.7938748195610151,0.81215568538453,0.4030856956165686,0.7591242855006948,90.25344644342339,62.69802610481072,Medium
SYN-0248,AREA-03,Old Town,Central,REC-02978,2.892859061086284,277.2839360893601,48119,18101,136.0,0.49420915654899666,6.3572802906618495,0.3980108939147865,203.0,2,3,33,0.5175775224798522,0.711177802432935,0.5111560536422662,0.7319770836384586,51.209257252842974,53.2662065025322,Medium
SYN-0248,AREA-04,East Gardens,Residential,REC-02979,3.2329796992279336,203.34453979311493,39668,2310,,0.4906897399688448,8.988628984365521,0.18699578718768997,319.0,2,6,24,0.5479089055153065,0.7688993155374109,0.8973545351785156,0.6926403042642895,47.90147303917677,49.55523147373578,Medium
SYN-0248,AREA-05,Hill Junction,Residential,REC-02980,2.159688990728829,226.42149850419636,31111,18516,63.0,0.7289834736434477,7.1706735177819025,0.45022726569432553,111.0,0,4,22,0.3911645042162521,0.3303827213685757,0.5800244818660314,0.8326412091334752,37.60230423257513,54.56361042608962,Medium
SYN-0248,AREA-06,South Ward,Peripheral,REC-02981,0.76218794965595,139.66890938797388,29765,1345,36.0,0.6885651985022878,26.836356144622393,0.34924300092385285,137.0,0,4,11,0.2149800366580624,0.7097547380069303,0.13624873341971888,0.8989898440358116,76.5133556743617,26.36687798083713,Low
SYN-0248,AREA-07,North Estate,Residential,REC-02982,0.6160955245127382,66.66168018598228,27872,19221,21.0,1.0,21.903722515418504,0.2017841989331566,155.0,0,1,5,0.13157557459571173,0.7410150438739733,0.15779187666393596,0.9679145932624635,59.21886922334273,21.453156882630072,Low
SYN-0248,AREA-08,Canal Quarter,Peripheral,REC-02983,2.295457520540965,211.76486543168002,38688,8435,67.0,0.6102425640050075,30.382544110066185,0.30722704350883656,232.0,2,2,12,0.16543423344560435,0.45286589616578743,0.42631026714196085,0.7465189766149551,89.54165617502784,49.467214008318244,Medium
SYN-0248,AREA-09,West Park,Residential,REC-02984,1.617808839262774,174.1836219379293,13673,14023,17.0,0.9107300529100528,2.459576840488596,0.10880762827607744,374.0,1,1,7,0.4003758702272602,0.4346994637941123,0.791444126874837,0.881188101244051,18.239240722978693,32.63414723828336,Low
SYN-0248,AREA-10,Lake Colony,Peripheral,REC-02985,1.359730862784877,107.14757548519324,34844,17478,58.0,0.6129793726940741,24.23417315511702,0.20816048849082056,173.0,1,3,10,0.24098283543327792,0.7203149268835749,0.38816155835835064,0.8346460670857475,78.75547039781114,34.55940116882084,Low
SYN-0248,AREA-11,Industrial Ward,Central,REC-02986,2.0411945382718177,200.11326065848917,15366,15463,28.0,0.6145046448841557,13.284309480064563,0.4447874666325655,92.0,3,4,5,0.4223814265785792,0.5672677131997845,0.8875354245254646,0.9593594419052207,55.04042607912435,36.8018305678648,Low
SYN-0248,AREA-12,Outer Settlement,Peripheral,REC-02987,2.5838601157357886,188.89387603861877,45060,14252,90.0,0.6545864509491094,29.530785694736046,0.24269707013386493,60.0,2,7,18,0.3819301294986523,0.5881800289082063,0.11143150805836798,0.8932718832835249,87.1968922170163,46.93138806120713,Medium
SYN-0249,AREA-01,Central Market,Central,REC-02988,1.0785931922097256,187.87004640180496,56546,1870,80.0,0.8645914278907448,13.136784781626899,0.07308982465172267,291.0,0,7,8,0.0,0.3079028563972302,0.5378529376145652,0.7140337151551985,41.91259706872586,26.249164392877013,Low
SYN-0249,AREA-02,Riverside,Peripheral,REC-02989,1.8816971333951356,167.1602218509195,34231,6461,74.0,0.5922603458564542,19.60662670644972,,343.0,1,3,20,0.040147034514268876,0.95,0.8813579877339371,0.7432154886799877,68.8469385195833,28.83497103862338,Low
SYN-0249,AREA-03,Old Town,Central,REC-02990,3.448695776115696,281.17783408789154,26723,17420,95.0,0.60102185082209,10.427436474785155,0.3606248965199265,75.0,1,3,22,0.46145849462968364,0.6126380185180571,0.48671065096635546,0.8685692459495218,45.67806671843677,61.604820060436154,Medium
SYN-0249,AREA-04,East Gardens,Residential,REC-02991,1.3805685254423437,80.9096175507294,61288,18732,111.0,0.8860943150755591,18.92593933252865,0.13911612240059315,293.0,3,2,17,0.2921700626632967,0.637554563696281,0.5062465096825117,0.9129137270425096,47.322616927563374,39.57136825901242,Low
SYN-0249,AREA-05,Hill Junction,Residential,REC-02992,2.9366081793514085,242.75954235591078,43730,6182,118.0,0.4381832064828077,15.1142204484087,0.2643476149908109,411.0,2,6,19,0.6451816111542814,0.4307028265753867,0.35553637959274065,0.6775449053625646,60.40933170705886,55.155581341097346,Medium
SYN-0249,AREA-06,South Ward,Peripheral,REC-02993,1.8530146203802482,197.04559274773732,29251,13298,59.0,0.7867353679170959,11.555220306825124,0.38711932411381644,375.0,0,7,11,0.3450723170964848,0.6847116018955991,0.7402100850262578,0.8762313897489676,44.70265107735217,48.122402087897356,Medium
SYN-0249,AREA-07,North Estate,Residential,REC-02994,2.677434237499406,187.1953688398662,4299,9357,10.0,0.5759103735402382,20.60398699223594,0.5413239436335465,423.0,1,3,3,0.3199717504583346,0.8378861671347763,0.8442126228920237,0.7096466202114067,70.84233815824564,46.07307458244174,Medium
SYN-0249,AREA-08,Canal Quarter,Peripheral,REC-02995,3.118661235381737,227.04559196768744,3494,16858,12.0,0.6473895927755853,24.25350816916096,0.5090608419666344,427.0,2,2,5,0.42568197532638513,0.8754134245168661,0.44168611927011925,0.9800278586129874,69.17985615861264,54.47174957559348,Medium
SYN-0249,AREA-09,West Park,Residential,REC-02996,2.8338246432074605,202.87244355775167,16342,17554,54.0,0.4432387163233159,4.256038486037562,0.5747128960887736,362.0,1,7,23,0.6355980790393846,0.7123293141061324,0.8302564473607593,0.9873147419092945,47.66313202522265,61.13559900038572,Medium
SYN-0249,AREA-10,Lake Colony,Peripheral,REC-02997,2.9681269113905446,198.3017869663581,17273,16570,36.0,0.502550098302961,19.85624747336259,0.29555925943652195,208.0,1,0,8,0.3373941141001048,0.5563203843982544,0.21169106860766435,0.9507204118248423,64.64352980494691,51.74995216389575,Medium
SYN-0249,AREA-11,Industrial Ward,Central,REC-02998,1.3195244028930784,86.90851415399149,47587,15449,84.0,0.792992039482352,6.2638809415427055,0.4692943070293154,325.0,3,3,23,0.4721334795972366,0.8494214607065901,0.6399253815224609,0.9511871052559657,31.63230042972337,30.556993704435264,Low
SYN-0249,AREA-12,Outer Settlement,Peripheral,REC-02999,3.1317269950124826,274.4397941656931,33787,12631,119.0,0.2045300595261503,22.418905139868983,0.3918294165961068,350.0,0,1,27,0.7470790022677026,0.6282331788817161,0.3459951406819499,0.9863988843758695,84.58869256019767,67.47517310882427,Medium
